rank,token,occurrences,dominant_bm,dominant_count,outlier_bm,outlier_count,recommended_primary_bm,allowed_alternates_bm,flags,score,sample_keys,sample_english,policy_note
1,وَمِنۡهُم,21,dan di antara mereka,18,dan dari/di antara mereka,1,dan di antara mereka,,outside_policy | slash_gloss | long_gloss | entity_or_pronoun_shift,102.71,2:201:1,And from those,Kekalkan sense dominan Quranic sebagai gloss lalai. Alternate hanya jika konteks memaksa.
2,يَعۡمَلُونَ,56,mereka kerjakan,47,(mereka) mengerjakan/beramal,1,mereka kerjakan,,outside_policy | slash_gloss | parenthetical | entity_or_pronoun_shift,102.18,18:2:10,do,Kekalkan sense dominan Quranic sebagai gloss lalai. Alternate hanya jika konteks memaksa.
3,وَلَمۡ,47,dan tidak,34,dan/padahal kamu tidak,1,dan tidak,,outside_policy | slash_gloss | long_gloss | entity_or_pronoun_shift,98.70,27:84:7,while not,Kekalkan sense dominan Quranic sebagai gloss lalai. Alternate hanya jika konteks memaksa.
4,كَانُواْ,209,adalah mereka,150,(jika) mereka adalah,1,adalah mereka,,outside_policy | parenthetical | long_gloss | entity_or_pronoun_shift,98.53,26:40:5,they are,Gunakan gloss dominan Quranic sebagai default. Override hanya bila struktur sintaks jelas memaksa makna lain.
5,وَٱللَّهُ,239,dan Allah,235,dan/padahal Allah,1,dan Allah,,outside_policy | slash_gloss | entity_or_pronoun_shift,98.50,37:96:1,While Allah,Kekalkan sense dominan Quranic sebagai gloss lalai. Alternate hanya jika konteks memaksa.
6,مِن,728,dari,711,di antara kami,1,dari,,outside_policy | long_gloss | entity_or_pronoun_shift,98.30,41:47:26,among us,Gunakan gloss dominan Quranic sebagai default. Override hanya bila struktur sintaks jelas memaksa makna lain.
7,رَبِّكُمَا,31,Tuhanmu berdua,30,Tuhan kamu berdua,1,Tuhanmu berdua,,outside_policy | long_gloss | entity_or_pronoun_shift,98.03,55:16:3,(of) your Lord,Kekalkan sense dominan Quranic sebagai gloss lalai. Alternate hanya jika konteks memaksa.
8,إِلَيۡهِمۡ,27,kepada mereka,26,kepada/terhadap mereka,1,kepada mereka,,outside_policy | slash_gloss | entity_or_pronoun_shift,97.89,9:4:15,to them,Kekalkan sense dominan Quranic sebagai gloss lalai. Alternate hanya jika konteks memaksa.
9,أَن,461,bahawa,315,mereka (tidak) dapat,1,bahawa,agar | supaya | untuk,outside_policy | parenthetical | long_gloss | entity_or_pronoun_shift,97.50,17:46:5,lest,Gunakan `bahawa` sebagai lalai. Bentuk infinitif/tujuan sahaja patut menggeser kepada `untuk/supaya/agar`.
10,ءَامَنُوٓاْ,39,beriman,37,(mereka),1,beriman,,outside_policy | parenthetical | entity_or_pronoun_shift,97.46,22:54:18,believe,Kekalkan sense dominan Quranic sebagai gloss lalai. Alternate hanya jika konteks memaksa.
11,تُكَذِّبَانِ,31,kamu berdua dustakan,29,kamu berdua mendustakan,1,kamu berdua dustakan,,outside_policy | long_gloss | entity_or_pronoun_shift,97.06,55:23:4,will you both deny,Kekalkan sense dominan Quranic sebagai gloss lalai. Alternate hanya jika konteks memaksa.
12,عَلَيۡهِمُ,31,atas mereka,29,atas/kepada mereka,1,atas mereka,,outside_policy | slash_gloss | entity_or_pronoun_shift,97.06,7:133:2,on them,Kekalkan sense dominan Quranic sebagai gloss lalai. Alternate hanya jika konteks memaksa.
13,بِأَنَّهُمۡ,24,kerana sesungguhnya mereka,16,dengan (sebab) mereka,1,kerana sesungguhnya mereka,,outside_policy | parenthetical | long_gloss | entity_or_pronoun_shift,97.00,7:136:6,because they,Kekalkan sense dominan Quranic sebagai gloss lalai. Alternate hanya jika konteks memaksa.
14,فَهُمۡ,33,maka mereka,22,maka (tetapi) mereka,1,maka mereka,,outside_policy | parenthetical | long_gloss | entity_or_pronoun_shift,97.00,23:71:13,but they,Kekalkan sense dominan Quranic sebagai gloss lalai. Alternate hanya jika konteks memaksa.
15,وَقَالُواْ,49,dan mereka berkata,45,dan mereka mengatakan,1,dan mereka berkata,,outside_policy | long_gloss | entity_or_pronoun_shift,96.55,6:138:1,And they say,Kekalkan sense dominan Quranic sebagai gloss lalai. Alternate hanya jika konteks memaksa.
16,ٱلۡعَزِيزُ,46,Maha Perkasa,42,Al Aziz/yang mulia,1,Maha Perkasa,,outside_policy | slash_gloss | long_gloss,96.39,12:88:6,O Aziz,Kekalkan sense dominan Quranic sebagai gloss lalai. Alternate hanya jika konteks memaksa.
17,تَعۡمَلُونَ,82,kamu kerjakan,74,kamu telah kerjakan,1,kamu kerjakan,,outside_policy | long_gloss | entity_or_pronoun_shift,96.07,77:43:6,do,Kekalkan sense dominan Quranic sebagai gloss lalai. Alternate hanya jika konteks memaksa.
18,تَتَّقُونَ,19,kamu bertakwa,17,(kamu) bertakwa,1,kamu bertakwa,,outside_policy | parenthetical | entity_or_pronoun_shift,95.84,2:21:11,become righteous,Kekalkan sense dominan Quranic sebagai gloss lalai. Alternate hanya jika konteks memaksa.
19,عَنۡهُم,16,dari mereka,14,dari/bagi mereka,1,dari mereka,,outside_policy | slash_gloss | entity_or_pronoun_shift,95.25,39:50:8,them,Kekalkan sense dominan Quranic sebagai gloss lalai. Alternate hanya jika konteks memaksa.
20,وَلَهُمۡ,38,dan bagi mereka,33,dan terhadap mereka,1,dan bagi mereka,,outside_policy | long_gloss | entity_or_pronoun_shift,95.05,26:14:1,And they have,Kekalkan sense dominan Quranic sebagai gloss lalai. Alternate hanya jika konteks memaksa.
21,وَلَهُمۡ,38,dan bagi mereka,33,dan untuk mereka,1,dan bagi mereka,,outside_policy | long_gloss | entity_or_pronoun_shift,95.05,57:18:10,and for them,Kekalkan sense dominan Quranic sebagai gloss lalai. Alternate hanya jika konteks memaksa.
22,عَلَيۡهِمۡ,120,atas mereka,102,atas/bagi mereka,1,atas mereka,,outside_policy | slash_gloss | entity_or_pronoun_shift,94.50,4:39:2,(is) against them,Kekalkan sense dominan Quranic sebagai gloss lalai. Alternate hanya jika konteks memaksa.
23,عَلَيۡهِمۡ,120,atas mereka,102,atas/menimpa mereka,1,atas mereka,,outside_policy | slash_gloss | entity_or_pronoun_shift,94.50,9:98:11,Upon them,Kekalkan sense dominan Quranic sebagai gloss lalai. Alternate hanya jika konteks memaksa.
24,عَلَيۡهِمۡ,120,atas mereka,102,atas/terhadap mereka,1,atas mereka,,outside_policy | slash_gloss | entity_or_pronoun_shift,94.50,4:159:13,against them,Kekalkan sense dominan Quranic sebagai gloss lalai. Alternate hanya jika konteks memaksa.
25,عَلَيۡهِمۡ,120,atas mereka,102,atas/untuk mereka,1,atas mereka,,outside_policy | slash_gloss | entity_or_pronoun_shift,94.50,90:20:1,Over them,Kekalkan sense dominan Quranic sebagai gloss lalai. Alternate hanya jika konteks memaksa.
26,تَوَلَّوۡاْ,19,mereka berpaling,11,(mereka) menjadikan pemimpin,1,mereka berpaling,,outside_policy | parenthetical | long_gloss | entity_or_pronoun_shift,94.37,58:14:5,take as allies,Kekalkan sense dominan Quranic sebagai gloss lalai. Alternate hanya jika konteks memaksa.
27,نَجۡزِي,19,Kami memberi balasan,16,Kami membalas/ganjaran,1,Kami memberi balasan,,outside_policy | slash_gloss | entity_or_pronoun_shift,94.26,6:84:20,We reward,Kekalkan sense dominan Quranic sebagai gloss lalai. Alternate hanya jika konteks memaksa.
28,نَجۡزِي,19,Kami memberi balasan,16,kami memberi pembalasan,1,Kami memberi balasan,,outside_policy | long_gloss | entity_or_pronoun_shift,94.26,12:75:10,(do) we recompense,Kekalkan sense dominan Quranic sebagai gloss lalai. Alternate hanya jika konteks memaksa.
29,يَعۡمَلُونَ,56,mereka kerjakan,47,(mereka) kerjakan,1,mereka kerjakan,,outside_policy | parenthetical | entity_or_pronoun_shift,94.18,5:62:13,doing,Kekalkan sense dominan Quranic sebagai gloss lalai. Alternate hanya jika konteks memaksa.
30,يَعۡمَلُونَ,56,mereka kerjakan,47,(mereka) melakukan,1,mereka kerjakan,,outside_policy | parenthetical | entity_or_pronoun_shift,94.18,4:18:4,do,Kekalkan sense dominan Quranic sebagai gloss lalai. Alternate hanya jika konteks memaksa.
31,يَعۡمَلُونَ,56,mereka kerjakan,47,(mereka) mengerjakan,1,mereka kerjakan,,outside_policy | parenthetical | entity_or_pronoun_shift,94.18,29:4:4,do,Kekalkan sense dominan Quranic sebagai gloss lalai. Alternate hanya jika konteks memaksa.
32,يَعۡمَلُونَ,56,mereka kerjakan,47,mereka telah kerjakan,1,mereka kerjakan,,outside_policy | long_gloss | entity_or_pronoun_shift,94.18,56:24:4,do,Kekalkan sense dominan Quranic sebagai gloss lalai. Alternate hanya jika konteks memaksa.
33,قَالُواْ,171,mereka berkata,139,(Bani Israil) berkata,1,mereka berkata,,outside_policy | parenthetical | long_gloss,93.39,7:138:12,They said,Kekalkan sense dominan Quranic sebagai gloss lalai. Alternate hanya jika konteks memaksa.
34,يَشۡعُرُونَ,21,mereka menyedari,17,mereka merasa/memahami,1,mereka menyedari,,outside_policy | slash_gloss | entity_or_pronoun_shift,93.29,16:21:5,they perceive,Kekalkan sense dominan Quranic sebagai gloss lalai. Alternate hanya jika konteks memaksa.
35,رَبَّنَآ,26,ya Tuhan kami,21,Ya Tuhan kami,1,ya Tuhan kami,,outside_policy | long_gloss | entity_or_pronoun_shift,93.23,20:45:2,Our Lord,Kekalkan sense dominan Quranic sebagai gloss lalai. Alternate hanya jika konteks memaksa.
36,يَتَّقُونَ,15,mereka bertakwa,12,(mereka) bertakwa,1,mereka bertakwa,,outside_policy | parenthetical | entity_or_pronoun_shift,93.00,6:69:4,fear (Allah),Kekalkan sense dominan Quranic sebagai gloss lalai. Alternate hanya jika konteks memaksa.
37,بِـَٔايَٰتِنَا,38,dengan ayat-ayat Kami,20,dengan ayat/mukjizat Kami,1,dengan ayat-ayat Kami,,outside_policy | slash_gloss | long_gloss | entity_or_pronoun_shift,92.79,28:36:4,with Our Signs,Kekalkan sense dominan Quranic sebagai gloss lalai. Alternate hanya jika konteks memaksa.
38,بِـَٔايَٰتِنَا,38,dengan ayat-ayat Kami,20,dengan/kepada ayat-ayat Kami,1,dengan ayat-ayat Kami,,outside_policy | slash_gloss | long_gloss | entity_or_pronoun_shift,92.79,4:56:4,in Our Signs,Kekalkan sense dominan Quranic sebagai gloss lalai. Alternate hanya jika konteks memaksa.
39,أَنزَلَ,47,menurunkan,37,(Allah) turunkan,1,menurunkan,,outside_policy | parenthetical | entity_or_pronoun_shift,92.62,4:136:14,He revealed,Kekalkan sense dominan Quranic sebagai gloss lalai. Alternate hanya jika konteks memaksa.
40,لَّهُمۡ,22,bagi mereka,17,bagi/kepada mereka,1,bagi mereka,,outside_policy | slash_gloss | entity_or_pronoun_shift,92.18,28:57:11,for them,Kekalkan sense dominan Quranic sebagai gloss lalai. Alternate hanya jika konteks memaksa.
41,لَهُم,69,bagi mereka,53,di antara mereka,1,bagi mereka,,outside_policy | long_gloss | entity_or_pronoun_shift,92.04,69:8:3,of them,Kekalkan sense dominan Quranic sebagai gloss lalai. Alternate hanya jika konteks memaksa.
42,لَهُم,69,bagi mereka,53,mereka (memperoleh),1,bagi mereka,,outside_policy | parenthetical | entity_or_pronoun_shift,92.04,3:22:9,(will be) for them,Kekalkan sense dominan Quranic sebagai gloss lalai. Alternate hanya jika konteks memaksa.
43,وَلَن,21,dan tidak,16,dan kami tidak,1,dan tidak,,outside_policy | long_gloss | entity_or_pronoun_shift,91.86,17:93:11,And never,Kekalkan sense dominan Quranic sebagai gloss lalai. Alternate hanya jika konteks memaksa.
44,وَلَن,21,dan tidak,16,dan kamu tidak akan,1,dan tidak,,outside_policy | long_gloss | entity_or_pronoun_shift,91.86,17:37:10,and will never,Kekalkan sense dominan Quranic sebagai gloss lalai. Alternate hanya jika konteks memaksa.
45,مِّنۡهُمۡ,44,di antara mereka,21,dari (kalangan) mereka,1,di antara mereka,,outside_policy | parenthetical | long_gloss | entity_or_pronoun_shift,91.32,2:129:5,from them,Kekalkan sense dominan Quranic sebagai gloss lalai. Alternate hanya jika konteks memaksa.
46,مِّنۡهُمۡ,44,di antara mereka,21,dari mereka (Rasul-Rasul),1,di antara mereka,,outside_policy | parenthetical | long_gloss | entity_or_pronoun_shift,91.32,4:152:9,of them,Kekalkan sense dominan Quranic sebagai gloss lalai. Alternate hanya jika konteks memaksa.
47,أَنفُسِهِمۡ,19,diri mereka sendiri,9,(golongan) mereka sendiri,1,diri mereka sendiri,,outside_policy | parenthetical | long_gloss | entity_or_pronoun_shift,91.21,3:164:11,themselves,Kekalkan sense dominan Quranic sebagai gloss lalai. Alternate hanya jika konteks memaksa.
48,ٱلۡعَٰلَمِينَ,61,semesta alam,45,alam semesta/seru sekalian alam,1,semesta alam,,outside_policy | slash_gloss | long_gloss,91.13,5:28:16,(of) the worlds,Kekalkan sense dominan Quranic sebagai gloss lalai. Alternate hanya jika konteks memaksa.
49,فَمَنِ,15,maka barang siapa,11,maka/tetapi barang siapa,1,maka barang siapa,,outside_policy | slash_gloss | long_gloss,91.00,16:115:13,But (if) one,Kekalkan gloss relatif yang stabil; jangan tambah rujukan entiti pada token ini.
50,وَكَانُواْ,30,dan adalah mereka,22,dan mereka menjadi,1,dan adalah mereka,,outside_policy | long_gloss | entity_or_pronoun_shift,91.00,5:44:21,and they were,Kekalkan sense dominan Quranic sebagai gloss lalai. Alternate hanya jika konteks memaksa.
51,جَعَلۡنَا,28,Kami jadikan,13,Kami telah jadikan/memberikan,1,Kami jadikan,,outside_policy | slash_gloss | long_gloss | entity_or_pronoun_shift,90.93,17:33:13,We have made,Kekalkan sense dominan Quranic sebagai gloss lalai. Alternate hanya jika konteks memaksa.
52,ٱلَّذِينَ,810,orang-orang yang,808,malaikat-malaikat yang,1,orang-orang yang,,outside_policy | entity_or_pronoun_shift,90.93,7:206:2,those who,Gunakan gloss dominan Quranic sebagai default. Override hanya bila struktur sintaks jelas memaksa makna lain.
53,أُوْلَـٰٓئِكَ,133,mereka itu,97,mereka/itu,1,mereka itu,,outside_policy | slash_gloss | entity_or_pronoun_shift,90.88,17:36:13,those,Kekalkan sense dominan Quranic sebagai gloss lalai. Alternate hanya jika konteks memaksa.
54,ثُمَّ,337,kemudian,334,kamudian,1,kemudian,,outside_policy | entity_or_pronoun_shift,90.73,63:3:4,then,Kekalkan sense dominan Quranic sebagai gloss lalai. Alternate hanya jika konteks memaksa.
55,وَٱللَّهُ,239,dan Allah,235,Allah,1,dan Allah,,outside_policy | entity_or_pronoun_shift,90.50,5:54:35,And Allah,Kekalkan sense dominan Quranic sebagai gloss lalai. Alternate hanya jika konteks memaksa.
56,وَقَالَ,81,dan berkata,58,dan (Yaqub) berkata,1,dan berkata,,outside_policy | parenthetical | long_gloss,90.48,12:67:1,And he said,Kekalkan sense dominan Quranic sebagai gloss lalai. Alternate hanya jika konteks memaksa.
57,هَـٰٓؤُلَآءِ,38,mereka itu,17,mereka ini (golongan ini),1,mereka itu,mereka ini,outside_policy | parenthetical | long_gloss | entity_or_pronoun_shift,90.42,17:20:3,(to) these,Kekalkan sense dominan Quranic sebagai gloss lalai. Alternate hanya jika konteks memaksa.
58,وَهُوَ,169,dan Dia,120,dan ia (Al-Quran),1,dan Dia,dan dia,outside_policy | parenthetical | long_gloss,90.30,2:91:16,while it,Kekalkan sense dominan Quranic sebagai gloss lalai. Alternate hanya jika konteks memaksa.
59,وَهُوَ,169,dan Dia,120,dan ia (saudara laki-laki),1,dan Dia,dan dia,outside_policy | parenthetical | long_gloss,90.30,4:176:19,And he,Kekalkan sense dominan Quranic sebagai gloss lalai. Alternate hanya jika konteks memaksa.
60,وَهُوَ,169,dan Dia,120,dan ia/Al Qur'an,1,dan Dia,dan dia,outside_policy | slash_gloss | long_gloss,90.30,41:44:23,and it,Kekalkan sense dominan Quranic sebagai gloss lalai. Alternate hanya jika konteks memaksa.
61,وَلَقَدۡ,115,dan sesungguhnya,112,dan/padahal sesungguhnya,1,dan sesungguhnya,,outside_policy | slash_gloss,90.22,9:74:5,while certainly,Kekalkan sense dominan Quranic sebagai gloss lalai. Alternate hanya jika konteks memaksa.
62,ظَلَمُواْ,27,(mereka) zalim,19,mereka berbuat kezaliman,1,(mereka) zalim,,outside_policy | long_gloss | entity_or_pronoun_shift,90.11,10:13:7,they wronged,Kekalkan sense dominan Quranic sebagai gloss lalai. Alternate hanya jika konteks memaksa.
63,ظَلَمُواْ,27,(mereka) zalim,19,mereka berbuat zalim,1,(mereka) zalim,,outside_policy | long_gloss | entity_or_pronoun_shift,90.11,18:59:5,they wronged,Kekalkan sense dominan Quranic sebagai gloss lalai. Alternate hanya jika konteks memaksa.
64,وَعَمِلُواْ,53,dan mereka beramal,23,dan (mereka) beramal,1,dan mereka beramal,dan beramal | dan mereka berbuat/beramal,outside_policy | parenthetical | long_gloss | entity_or_pronoun_shift,90.02,2:277:4,and did,Kekalkan sense dominan Quranic sebagai gloss lalai. Alternate hanya jika konteks memaksa.
65,فِيهَا,183,di dalamnya,128,darinya (hasil harta itu),1,di dalamnya,ke dalamnya | padanya,outside_policy | parenthetical | long_gloss,89.98,4:5:11,with it,Kekalkan gloss lokatif sebagai default.
66,فِيهَا,183,di dalamnya,128,ke dalamnya (dalam neraka),1,di dalamnya,ke dalamnya | padanya,outside_policy | parenthetical | long_gloss,89.98,26:94:2,into it,Kekalkan gloss lokatif sebagai default.
67,فِيهَا,183,di dalamnya,128,padanya (di dunia),1,di dalamnya,ke dalamnya | padanya,outside_policy | parenthetical | long_gloss,89.98,17:18:7,in it,Kekalkan gloss lokatif sebagai default.
68,فِيهَا,183,di dalamnya,128,padanya/pada waktu itu,1,di dalamnya,ke dalamnya | padanya,outside_policy | slash_gloss | long_gloss,89.98,69:7:10,therein,Kekalkan gloss lokatif sebagai default.
69,لَمۡ,89,tidak,62,(mereka) belum,1,tidak,,outside_policy | parenthetical | entity_or_pronoun_shift,89.90,24:58:9,(have) not,Kekalkan sense dominan Quranic sebagai gloss lalai. Alternate hanya jika konteks memaksa.
70,وَٱلَّذِينَ,163,dan orang-orang yang,157,dan orang yang pergi,1,dan orang-orang yang,,outside_policy | long_gloss,89.90,70:29:1,And those who,Gunakan gloss dominan Quranic sebagai default. Override hanya bila struktur sintaks jelas memaksa makna lain.
71,وَٱلَّذِينَ,163,dan orang-orang yang,157,dan orang-oarng yang,1,dan orang-orang yang,,outside_policy | long_gloss,89.90,4:38:1,And those who,Gunakan gloss dominan Quranic sebagai default. Override hanya bila struktur sintaks jelas memaksa makna lain.
72,بَيۡنَهُمۡ,25,di antara mereka,24,antara mereka,1,di antara mereka,,outside_policy | entity_or_pronoun_shift,89.80,34:18:2,between them,Kekalkan sense dominan Quranic sebagai gloss lalai. Alternate hanya jika konteks memaksa.
73,ٱلۡمَصِيرُ,23,tempat kembali,22,kami kembali,1,tempat kembali,,outside_policy | entity_or_pronoun_shift,89.70,60:4:52,(is) the final return,Kekalkan sense dominan Quranic sebagai gloss lalai. Alternate hanya jika konteks memaksa.
74,يَرۡجِعُونَ,16,mereka kembali,11,(mereka) kembali,1,mereka kembali,,outside_policy | parenthetical | entity_or_pronoun_shift,89.62,3:72:17,return,Kekalkan sense dominan Quranic sebagai gloss lalai. Alternate hanya jika konteks memaksa.
75,يَرۡجِعُونَ,16,mereka kembali,11,mereka akan kembali,1,mereka kembali,,outside_policy | long_gloss | entity_or_pronoun_shift,89.62,2:18:6,[they] will not return,Kekalkan sense dominan Quranic sebagai gloss lalai. Alternate hanya jika konteks memaksa.
76,يَرۡجِعُونَ,16,mereka kembali,11,mereka akan menyembah,1,mereka kembali,,outside_policy | long_gloss | entity_or_pronoun_shift,89.62,36:31:11,will not return,Kekalkan sense dominan Quranic sebagai gloss lalai. Alternate hanya jika konteks memaksa.
77,عَلَيۡهِ,131,atasnya,90,kepadanya (Nabi),1,atasnya,atasnya/kepadanya,outside_policy | parenthetical | entity_or_pronoun_shift,89.61,66:3:13,to him,Kekalkan sense dominan Quranic sebagai gloss lalai. Alternate hanya jika konteks memaksa.
78,عَلَيۡهِ,131,atasnya,90,kepadanya (Yusuf),1,atasnya,atasnya/kepadanya,outside_policy | parenthetical | entity_or_pronoun_shift,89.61,12:88:3,upon him,Kekalkan sense dominan Quranic sebagai gloss lalai. Alternate hanya jika konteks memaksa.
79,فَإِن,64,maka jika,61,maka sesungguhnya hanyalah,1,maka jika,,outside_policy | long_gloss,89.59,64:12:5,but if,Kekalkan sense dominan Quranic sebagai gloss lalai. Alternate hanya jika konteks memaksa.
80,فَإِن,64,maka jika,61,maka/kemudian jika,1,maka jika,,outside_policy | slash_gloss,89.59,2:230:12,Then if,Kekalkan sense dominan Quranic sebagai gloss lalai. Alternate hanya jika konteks memaksa.
81,فَلَن,19,maka tidak,13,maka (hal itu) tidak,1,maka tidak,,outside_policy | parenthetical | long_gloss,89.53,3:144:21,then never,Kekalkan sense dominan Quranic sebagai gloss lalai. Alternate hanya jika konteks memaksa.
82,مِّنكُمۡ,22,di antara kamu,15,dari antara kamu sendiri,1,di antara kamu,,outside_policy | long_gloss | entity_or_pronoun_shift,89.45,6:130:7,from (among) you,Kekalkan sense dominan Quranic sebagai gloss lalai. Alternate hanya jika konteks memaksa.
83,ٱعۡبُدُواْ,17,sembahlah,16,kamu menyembah,1,sembahlah,,outside_policy | entity_or_pronoun_shift,89.24,71:3:2,Worship,Kekalkan sense dominan Quranic sebagai gloss lalai. Alternate hanya jika konteks memaksa.
84,تُكَذِّبَانِ,31,kamu berdua dustakan,29,kamu dustakan,1,kamu berdua dustakan,,outside_policy | entity_or_pronoun_shift,89.06,55:77:4,will you both deny,Kekalkan sense dominan Quranic sebagai gloss lalai. Alternate hanya jika konteks memaksa.
85,عَلَيۡهِمُ,31,atas mereka,29,mereka,1,atas mereka,,outside_policy | entity_or_pronoun_shift,89.06,5:23:10,upon them,Kekalkan sense dominan Quranic sebagai gloss lalai. Alternate hanya jika konteks memaksa.
86,بِأَنَّهُمۡ,24,kerana sesungguhnya mereka,16,dengan sebab mereka,1,kerana sesungguhnya mereka,,outside_policy | long_gloss | entity_or_pronoun_shift,89.00,2:275:15,(is) because they,Kekalkan sense dominan Quranic sebagai gloss lalai. Alternate hanya jika konteks memaksa.
87,بِأَنَّهُمۡ,24,kerana sesungguhnya mereka,16,disebabkan mereka benar-benar,1,kerana sesungguhnya mereka,,outside_policy | long_gloss | entity_or_pronoun_shift,89.00,5:58:9,(is) because they,Kekalkan sense dominan Quranic sebagai gloss lalai. Alternate hanya jika konteks memaksa.
88,سَمِيعٌ,15,Maha Mendengar,14,Allah,1,Maha Mendengar,,outside_policy | entity_or_pronoun_shift,89.00,2:181:13,(is) All-Hearing,Kekalkan sense dominan Quranic sebagai gloss lalai. Alternate hanya jika konteks memaksa.
89,فَهُمۡ,33,maka mereka,22,maka bagi mereka,1,maka mereka,,outside_policy | long_gloss | entity_or_pronoun_shift,89.00,4:12:70,then they,Kekalkan sense dominan Quranic sebagai gloss lalai. Alternate hanya jika konteks memaksa.
90,فَهُمۡ,33,maka mereka,22,maka/kerana mereka,1,maka mereka,,outside_policy | slash_gloss | entity_or_pronoun_shift,89.00,9:87:9,so they,Kekalkan sense dominan Quranic sebagai gloss lalai. Alternate hanya jika konteks memaksa.
91,فَهُمۡ,33,maka mereka,22,maka/lalu mereka,1,maka mereka,,outside_policy | slash_gloss | entity_or_pronoun_shift,89.00,27:17:8,and they,Kekalkan sense dominan Quranic sebagai gloss lalai. Alternate hanya jika konteks memaksa.
92,وَجَعَلۡنَا,36,dan Kami jadikan,24,dan Kami telah jadikan,1,dan Kami jadikan,,outside_policy | long_gloss | entity_or_pronoun_shift,89.00,6:6:20,and We made,Kekalkan sense dominan Quranic sebagai gloss lalai. Alternate hanya jika konteks memaksa.
93,وَجَعَلۡنَا,36,dan Kami jadikan,24,dan telah kami jadikan,1,dan Kami jadikan,,outside_policy | long_gloss | entity_or_pronoun_shift,89.00,21:32:1,And We made,Kekalkan sense dominan Quranic sebagai gloss lalai. Alternate hanya jika konteks memaksa.
94,يَسۡمَعُونَ,18,mereka mendengar,12,mereka dapat mendengar,1,mereka mendengar,,outside_policy | long_gloss | entity_or_pronoun_shift,89.00,7:100:19,hear,Kekalkan sense dominan Quranic sebagai gloss lalai. Alternate hanya jika konteks memaksa.
95,ٱلۡمُشۡرِكِينَ,24,orang-orang musyrik,16,(golongan) orang musyrik,1,orang-orang musyrik,,outside_policy | parenthetical | long_gloss,89.00,2:135:15,those who associated partners (with Allah),Kekalkan gloss relatif yang stabil; jangan tambah rujukan entiti pada token ini.
96,لَهُمۡ,204,bagi mereka,135,ada pada mereka,1,bagi mereka,,outside_policy | long_gloss | entity_or_pronoun_shift,88.85,8:34:2,(is) for them,Gunakan gloss dominan Quranic sebagai default. Override hanya bila struktur sintaks jelas memaksa makna lain.
97,إِنَّهُمۡ,54,sesungguhnya mereka,50,bahawasanya mereka,1,sesungguhnya mereka,,outside_policy | entity_or_pronoun_shift,88.78,9:42:22,"(that) indeed, they",Gunakan gloss dominan Quranic sebagai default. Override hanya bila struktur sintaks jelas memaksa makna lain.
98,وَيَوۡمَ,44,dan pada hari,29,dan hari/di waktu,1,dan pada hari,,outside_policy | slash_gloss | long_gloss,88.77,16:80:16,and the day,Kekalkan sense dominan Quranic sebagai gloss lalai. Alternate hanya jika konteks memaksa.
99,إِلَّا,562,kecuali,366,di antara kami,1,kecuali,hanyalah | melainkan | selain,outside_policy | long_gloss | entity_or_pronoun_shift,88.54,37:164:2,among us,Kekalkan pengecualian sebagai sense utama.
100,عَلَيۡنَا,40,atas kami,26,atas kita/kami,1,atas kami,,outside_policy | slash_gloss | entity_or_pronoun_shift,88.50,37:31:2,against us,Kekalkan sense dominan Quranic sebagai gloss lalai. Alternate hanya jika konteks memaksa.
101,عَلَيۡنَا,40,atas kami,26,atas/terhadap kami,1,atas kami,,outside_policy | slash_gloss | entity_or_pronoun_shift,88.50,17:73:9,about Us,Kekalkan sense dominan Quranic sebagai gloss lalai. Alternate hanya jika konteks memaksa.
102,فَبِأَيِّ,35,maka yang mana,32,maka dengan yang mana,1,maka yang mana,,outside_policy | long_gloss,88.43,45:6:7,Then in what,Kekalkan sense dominan Quranic sebagai gloss lalai. Alternate hanya jika konteks memaksa.
103,فَٱتَّقُواْ,17,maka bertakwalah kamu,11,maka takutlah kamu,1,maka bertakwalah kamu,,outside_policy | long_gloss | entity_or_pronoun_shift,88.41,2:24:6,then fear,Kekalkan sense dominan Quranic sebagai gloss lalai. Alternate hanya jika konteks memaksa.
104,تَعۡمَلُونَ,82,kamu kerjakan,74,kamu berbuat,1,kamu kerjakan,,outside_policy | entity_or_pronoun_shift,88.07,10:14:10,you do,Kekalkan sense dominan Quranic sebagai gloss lalai. Alternate hanya jika konteks memaksa.
105,وَٱلۡأَرۡضِۖ,19,dan bumi,17,dan di bumi,1,dan bumi,,outside_policy | long_gloss,87.84,30:26:5,and the earth,Kekalkan sense dominan Quranic sebagai gloss lalai. Alternate hanya jika konteks memaksa.
106,بِهَا,51,dengannya,32,padanya (perkara itu),1,dengannya,,outside_policy | parenthetical | long_gloss,87.82,6:89:13,it,Kekalkan sense dominan Quranic sebagai gloss lalai. Alternate hanya jika konteks memaksa.
107,وَلِلَّهِ,25,dan milik Allah,9,dan bagi/terhadap Allah,1,dan milik Allah,,outside_policy | slash_gloss | long_gloss | entity_or_pronoun_shift,87.80,3:97:10,And (due) to Allah,Kekalkan sense dominan Quranic sebagai gloss lalai. Alternate hanya jika konteks memaksa.
108,ٱلۡمُجۡرِمِينَ,18,orang-orang yang berdosa,16,orang -orang yang berdosa,1,orang-orang yang berdosa,,outside_policy | long_gloss,87.67,6:147:13,(who are) criminals,Kekalkan gloss relatif yang stabil; jangan tambah rujukan entiti pada token ini.
109,ٱلۡمُجۡرِمِينَ,18,orang-orang yang berdosa,16,orang-orang yang berbuat dosa,1,orang-orang yang berdosa,,outside_policy | long_gloss,87.67,10:13:17,(who are) criminals,Kekalkan gloss relatif yang stabil; jangan tambah rujukan entiti pada token ini.
110,مِنكُمۡ,50,di antara kamu,31,dari kamu/kepadamu,1,di antara kamu,,outside_policy | slash_gloss | entity_or_pronoun_shift,87.60,15:52:8,(are) of you,Kekalkan sense dominan Quranic sebagai gloss lalai. Alternate hanya jika konteks memaksa.
111,مِنكُمۡ,50,di antara kamu,31,dari/dengan kamu,1,di antara kamu,,outside_policy | slash_gloss | entity_or_pronoun_shift,87.60,7:18:11,with you,Kekalkan sense dominan Quranic sebagai gloss lalai. Alternate hanya jika konteks memaksa.
112,مِنكُمۡ,50,di antara kamu,31,di antara kami,1,di antara kamu,,outside_policy | long_gloss | entity_or_pronoun_shift,87.60,24:22:5,among you,Kekalkan sense dominan Quranic sebagai gloss lalai. Alternate hanya jika konteks memaksa.
113,عَنۡهُمۡ,43,dari mereka,38,bagi mereka,1,dari mereka,,outside_policy | entity_or_pronoun_shift,87.51,46:26:14,them,Kekalkan sense dominan Quranic sebagai gloss lalai. Alternate hanya jika konteks memaksa.
114,يُؤۡمِنُونَ,86,mereka beriman,53,mereka tidak beriman,1,mereka beriman,,outside_policy | long_gloss | entity_or_pronoun_shift,87.49,52:33:6,they believe,Kekalkan sense dominan Quranic sebagai gloss lalai. Alternate hanya jika konteks memaksa.
115,يُؤۡمِنُونَ,86,mereka beriman,53,mereka yang beriman,1,mereka beriman,,outside_policy | long_gloss | entity_or_pronoun_shift,87.49,2:88:10,they believe,Kekalkan sense dominan Quranic sebagai gloss lalai. Alternate hanya jika konteks memaksa.
116,عَنۡ,34,dari,30,diri/tentang,1,dari,,outside_policy | slash_gloss,87.47,33:20:15,about,Kekalkan sense dominan Quranic sebagai gloss lalai. Alternate hanya jika konteks memaksa.
117,وَكَانَ,84,dan adalah,74,dan ia adalah,1,dan adalah,,outside_policy | long_gloss,87.43,2:34:11,and became,Kekalkan sense dominan Quranic sebagai gloss lalai. Alternate hanya jika konteks memaksa.
118,ٱلۡمُؤۡمِنِينَ,70,orang-orang yang beriman,43,orang-orang mukmin (beriman) laki-laki,1,orang-orang yang beriman,,outside_policy | parenthetical | long_gloss,87.43,85:10:4,the believing men,Kekalkan gloss relatif yang stabil; jangan tambah rujukan entiti pada token ini.
119,وَهُمۡ,110,dan mereka,67,dan/ketika mereka,1,dan mereka,,outside_policy | slash_gloss | entity_or_pronoun_shift,87.27,36:49:7,while they,Kekalkan sense dominan Quranic sebagai gloss lalai. Alternate hanya jika konteks memaksa.
120,وَهُمۡ,110,dan mereka,67,dan/namun mereka,1,dan mereka,,outside_policy | slash_gloss | entity_or_pronoun_shift,87.27,13:13:13,yet they,Kekalkan sense dominan Quranic sebagai gloss lalai. Alternate hanya jika konteks memaksa.
121,وَهُمۡ,110,dan mereka,67,dan/tetapi mereka,1,dan mereka,,outside_policy | slash_gloss | entity_or_pronoun_shift,87.27,21:23:5,but they,Kekalkan sense dominan Quranic sebagai gloss lalai. Alternate hanya jika konteks memaksa.
122,عَنۡهُم,16,dari mereka,14,bagi mereka,1,dari mereka,,outside_policy | entity_or_pronoun_shift,87.25,40:82:22,them,Kekalkan sense dominan Quranic sebagai gloss lalai. Alternate hanya jika konteks memaksa.
123,ٱلظَّـٰلِمِينَ,63,orang-orang yang zalim,55,orang-orang ynag zalim,1,orang-orang yang zalim,,outside_policy | long_gloss,87.19,45:19:9,the wrongdoers,Kekalkan gloss relatif yang stabil; jangan tambah rujukan entiti pada token ini.
124,ٱلظَّـٰلِمُونَ,23,orang-orang yang zalim,20,orang-orang yang aniaya,1,orang-orang yang zalim,,outside_policy | long_gloss,87.09,6:21:14,the wrongdoers,Kekalkan gloss relatif yang stabil; jangan tambah rujukan entiti pada token ini.
125,ٱلظَّـٰلِمُونَ,23,orang-orang yang zalim,20,orang-orang yang menganiaya,1,orang-orang yang zalim,,outside_policy | long_gloss,87.09,21:64:7,(are) the wrongdoers,Kekalkan gloss relatif yang stabil; jangan tambah rujukan entiti pada token ini.
126,فِيهِ,98,di dalamnya,59,padanya (hari itu),1,di dalamnya,padanya | tentang itu,outside_policy | parenthetical | long_gloss,87.06,2:281:4,[in it],Defaultkan kepada lokasi `di dalamnya`; gunakan `padanya` atau `tentang itu` hanya dalam binaan yang jelas.
127,فِيهِ,98,di dalamnya,59,padanya/pada waktu itu,1,di dalamnya,padanya | tentang itu,outside_policy | slash_gloss | long_gloss,87.06,14:42:12,in it,Defaultkan kepada lokasi `di dalamnya`; gunakan `padanya` atau `tentang itu` hanya dalam binaan yang jelas.
128,فِيهِ,98,di dalamnya,59,tentang (kebenaran) itu,1,di dalamnya,padanya | tentang itu,outside_policy | parenthetical | long_gloss,87.06,3:61:3,concerning it,Defaultkan kepada lokasi `di dalamnya`; gunakan `padanya` atau `tentang itu` hanya dalam binaan yang jelas.
129,وَلَهُمۡ,38,dan bagi mereka,33,dan mereka,1,dan bagi mereka,,outside_policy | entity_or_pronoun_shift,87.05,59:3:10,and for them,Kekalkan sense dominan Quranic sebagai gloss lalai. Alternate hanya jika konteks memaksa.
130,وَنَحۡنُ,15,dan kami,9,dan /padahal kita,1,dan kami,,outside_policy | slash_gloss | long_gloss,87.00,12:8:9,while we,Kekalkan sense dominan Quranic sebagai gloss lalai. Alternate hanya jika konteks memaksa.
131,يُظۡلَمُونَ,15,mereka dianiaya,9,mereka dirugikan/aniaya,1,mereka dianiaya,,outside_policy | slash_gloss | entity_or_pronoun_shift,87.00,46:19:9,will not be wronged,Kekalkan sense dominan Quranic sebagai gloss lalai. Alternate hanya jika konteks memaksa.
132,ٱلۡأٓخِرِ,15,akhirat,13,kemudian/akhir,1,akhirat,,outside_policy | slash_gloss,87.00,9:99:7,the Last,Kekalkan sense dominan Quranic sebagai gloss lalai. Alternate hanya jika konteks memaksa.
133,بِٱللَّهِ,131,kepada Allah,78,dengan/demi Allah,1,kepada Allah,dengan Allah,outside_policy | slash_gloss | entity_or_pronoun_shift,86.86,4:62:11,by Allah,Kekalkan sense dominan Quranic sebagai gloss lalai. Alternate hanya jika konteks memaksa.
134,بِٱللَّهِ,131,kepada Allah,78,dengan/pada Allah,1,kepada Allah,dengan Allah,outside_policy | slash_gloss | entity_or_pronoun_shift,86.86,4:6:36,Allah,Kekalkan sense dominan Quranic sebagai gloss lalai. Alternate hanya jika konteks memaksa.
135,بِٱللَّهِ,131,kepada Allah,78,dengan/tentang Allah,1,kepada Allah,dengan Allah,outside_policy | slash_gloss | entity_or_pronoun_shift,86.86,35:5:13,about Allah,Kekalkan sense dominan Quranic sebagai gloss lalai. Alternate hanya jika konteks memaksa.
136,إِنَّمَآ,28,sesungguhnya hanyalah,24,sesungguhnya/hanyalah,1,sesungguhnya hanyalah,,outside_policy | slash_gloss,86.71,6:156:3,Only,Kekalkan sense dominan Quranic sebagai gloss lalai. Alternate hanya jika konteks memaksa.
137,خَٰلِدِينَ,42,mereka kekal,36,kekallah,1,mereka kekal,,outside_policy | entity_or_pronoun_shift,86.71,39:72:5,(to) abide eternally,Kekalkan sense dominan Quranic sebagai gloss lalai. Alternate hanya jika konteks memaksa.
138,خَٰلِدِينَ,42,mereka kekal,36,orang-orang yang kekal,1,mereka kekal,,outside_policy | long_gloss,86.71,21:8:9,immortals,Kekalkan sense dominan Quranic sebagai gloss lalai. Alternate hanya jika konteks memaksa.
139,تَوَلَّوۡاْ,19,mereka berpaling,11,(mereka) berpaling,1,mereka berpaling,,outside_policy | parenthetical | entity_or_pronoun_shift,86.37,3:155:3,turned back,Kekalkan sense dominan Quranic sebagai gloss lalai. Alternate hanya jika konteks memaksa.
140,أَنَّهُمۡ,33,bahawasanya mereka,19,bahawa sesungguhnya mereka,1,bahawasanya mereka,,outside_policy | long_gloss | entity_or_pronoun_shift,86.27,6:130:25,that they,Kekalkan sense dominan Quranic sebagai gloss lalai. Alternate hanya jika konteks memaksa.
141,أَنَّهُمۡ,33,bahawasanya mereka,19,kerana sesungguhnya mereka,1,bahawasanya mereka,,outside_policy | long_gloss | entity_or_pronoun_shift,86.27,21:95:5,that they,Kekalkan sense dominan Quranic sebagai gloss lalai. Alternate hanya jika konteks memaksa.
142,نَجۡزِي,19,Kami memberi balasan,16,Kami membalas,1,Kami memberi balasan,,outside_policy | entity_or_pronoun_shift,86.26,20:127:2,We recompense,Kekalkan sense dominan Quranic sebagai gloss lalai. Alternate hanya jika konteks memaksa.
143,لَنَا,54,bagi kami,31,bagi kita (kita mempunyai),1,bagi kami,untuk kami,outside_policy | parenthetical | long_gloss,86.22,28:79:12,for us,Kekalkan sense dominan Quranic sebagai gloss lalai. Alternate hanya jika konteks memaksa.
144,لَنَا,54,bagi kami,31,bagi/kerana kami,1,bagi kami,untuk kami,outside_policy | slash_gloss | entity_or_pronoun_shift,86.22,7:131:5,For us,Kekalkan sense dominan Quranic sebagai gloss lalai. Alternate hanya jika konteks memaksa.
145,يَعۡمَلُونَ,56,mereka kerjakan,47,mereka melakukan,1,mereka kerjakan,,outside_policy | entity_or_pronoun_shift,86.18,11:78:8,doing,Kekalkan sense dominan Quranic sebagai gloss lalai. Alternate hanya jika konteks memaksa.
146,يَعۡمَلُونَ,56,mereka kerjakan,47,mereka mengerjakan,1,mereka kerjakan,,outside_policy | entity_or_pronoun_shift,86.18,21:27:6,act,Kekalkan sense dominan Quranic sebagai gloss lalai. Alternate hanya jika konteks memaksa.
147,بِهِمۡ,21,dengan mereka,12,dengan/kepada mereka,1,dengan mereka,,outside_policy | slash_gloss | entity_or_pronoun_shift,86.14,9:117:25,to them,Kekalkan sense dominan Quranic sebagai gloss lalai. Alternate hanya jika konteks memaksa.
148,بِهِمۡ,21,dengan mereka,12,dengan/terhadap mereka,1,dengan mereka,,outside_policy | slash_gloss | entity_or_pronoun_shift,86.14,14:45:11,with them,Kekalkan sense dominan Quranic sebagai gloss lalai. Alternate hanya jika konteks memaksa.
149,وَمَن,183,dan barang siapa,104,dan orang (makhluk),1,dan barang siapa,dan barangsiapa | dan orang | dan siapa,outside_policy | parenthetical | long_gloss,86.05,15:20:5,and whom,Defaultkan kepada bentuk syarat yang stabil bila konteks memberi maksud umum.
150,وَمَن,183,dan barang siapa,104,dan orang/segala apa,1,dan barang siapa,dan barangsiapa | dan orang | dan siapa,outside_policy | slash_gloss | long_gloss,86.05,27:87:9,and whoever,Defaultkan kepada bentuk syarat yang stabil bila konteks memberi maksud umum.
151,سَمِعۡنَا,16,kami mendengar,9,kami telah mendengarkan,1,kami mendengar,,outside_policy | long_gloss | entity_or_pronoun_shift,85.88,46:30:4,[we] have heard,Kekalkan sense dominan Quranic sebagai gloss lalai. Alternate hanya jika konteks memaksa.
152,يَعۡلَمُونَ,80,mereka mengetahui,66,mengetahui/memahami,1,mereka mengetahui,,outside_policy | slash_gloss,85.75,30:59:8,know,Kekalkan sense dominan Quranic sebagai gloss lalai. Alternate hanya jika konteks memaksa.
153,لِلنَّاسِ,36,bagi manusia,20,kepada manusia (orang banyak),1,bagi manusia,,outside_policy | parenthetical | long_gloss,85.67,26:39:2,to the people,Kekalkan sense dominan Quranic sebagai gloss lalai. Alternate hanya jika konteks memaksa.
154,بِهِۦ,220,dengannya,122,kepada-Nya (Allah),1,dengannya,dengan-Nya | kepadanya | padanya,outside_policy | parenthetical | entity_or_pronoun_shift,85.64,34:52:3,in it,Defaultkan kepada `dengannya`; jangan serap keseluruhan klausa ke dalam token ini.
155,فَإِنَّمَا,28,maka sesungguhnya hanyalah,23,maka sesungguhnya/hanyalah,1,maka sesungguhnya hanyalah,,outside_policy | slash_gloss,85.64,24:54:8,then only,Kekalkan sense dominan Quranic sebagai gloss lalai. Alternate hanya jika konteks memaksa.
156,حَتَّىٰ,95,sehingga,78,hingga/kecuali,1,sehingga,,outside_policy | slash_gloss,85.63,2:191:17,until,Kekalkan sense dominan Quranic sebagai gloss lalai. Alternate hanya jika konteks memaksa.
157,وَمَنۡ,46,dan barang siapa,13,dan orang (malaikat),1,dan barang siapa,dan barangsiapa | dan orang | dan orang-orang | dan siapa | dan siapakah,outside_policy | parenthetical | long_gloss | entity_or_pronoun_shift,85.48,21:19:6,And (those) who,Kekalkan gloss relatif yang stabil; jangan tambah rujukan entiti pada token ini.
158,وَكَذَٰلِكَ,38,dan demikianlah,31,dan seperti demikian,1,dan demikianlah,,outside_policy | long_gloss,85.47,30:19:13,and thus,Kekalkan sense dominan Quranic sebagai gloss lalai. Alternate hanya jika konteks memaksa.
159,وَكَذَٰلِكَ,38,dan demikianlah,31,dan seperti demikianlah,1,dan demikianlah,,outside_policy | long_gloss,85.47,25:31:1,And thus,Kekalkan sense dominan Quranic sebagai gloss lalai. Alternate hanya jika konteks memaksa.
160,بِمَا,253,dengan apa,71,dengan/terhadap (segala apa),1,dengan apa,dengan sebab | dengan/terhadap apa | disebabkan | terhadap apa,outside_policy | slash_gloss | parenthetical | long_gloss,85.42,3:120:19,of what,Pilih makna instrumental `dengan apa` sebagai default; sebab/kausal hanya bila konteks jelas.
161,قَالُواْ,171,mereka berkata,139,mereka mengucapkan,1,mereka berkata,,outside_policy | entity_or_pronoun_shift,85.39,11:69:6,they said,Kekalkan sense dominan Quranic sebagai gloss lalai. Alternate hanya jika konteks memaksa.
162,لَكَ,55,bagimu,30,padamu/tentang kamu,1,bagimu,kepadamu,outside_policy | slash_gloss | entity_or_pronoun_shift,85.36,25:9:4,for you,Kekalkan sense dominan Quranic sebagai gloss lalai. Alternate hanya jika konteks memaksa.
163,وَلَا,604,dan tidak,329,dan jangan kamu,1,dan tidak,dan jangan | dan janganlah | dan tidak ada,outside_policy | long_gloss | entity_or_pronoun_shift,85.34,27:70:4,and not,Gunakan bentuk larangan hanya apabila fi'il selepasnya jelas larangan.
164,يَشۡعُرُونَ,21,mereka menyedari,17,menyedari/mengetahui,1,mereka menyedari,,outside_policy | slash_gloss,85.29,27:65:12,they perceive,Kekalkan sense dominan Quranic sebagai gloss lalai. Alternate hanya jika konteks memaksa.
165,يَرَوۡاْ,24,mereka memperhatikan,13,mereka melihat/memperlihatkan,1,mereka memperhatikan,,outside_policy | slash_gloss | entity_or_pronoun_shift,85.25,36:71:2,they see,Kekalkan sense dominan Quranic sebagai gloss lalai. Alternate hanya jika konteks memaksa.
166,هُوَ,239,Dia,129,ia (Nabi),1,Dia,Dialah | dia | ia,outside_policy | parenthetical | entity_or_pronoun_shift,85.19,9:61:6,He is,Pilih `Dia` bila rujukan kepada Allah jelas; selain itu `dia/ia` mengikut antecedent.
167,هُوَ,239,Dia,129,ia/itu(Al Qur'an),1,Dia,Dialah | dia | ia,outside_policy | slash_gloss | parenthetical,85.19,32:3:5,it,Pilih `Dia` bila rujukan kepada Allah jelas; selain itu `dia/ia` mengikut antecedent.
168,فَمَا,69,maka tidak,37,maka/kerana itu tidak ada,1,maka tidak,,outside_policy | slash_gloss | long_gloss,85.09,26:100:1,So (now) not,Kekalkan sense dominan Quranic sebagai gloss lalai. Alternate hanya jika konteks memaksa.
169,مِنۡهُم,15,dari mereka,8,dari antara mereka,1,dari mereka,,outside_policy | long_gloss | entity_or_pronoun_shift,85.00,19:98:8,of them,Kekalkan sense dominan Quranic sebagai gloss lalai. Alternate hanya jika konteks memaksa.
170,مِّنَّا,15,dari Kami,12,dari antar kita,1,dari Kami,,outside_policy | long_gloss,85.00,54:24:3,among us,Kekalkan sense dominan Quranic sebagai gloss lalai. Alternate hanya jika konteks memaksa.
171,مِّنَّا,15,dari Kami,12,dari kami,1,dari Kami,,outside_policy | entity_or_pronoun_shift,85.00,36:18:10,from us,Kekalkan sense dominan Quranic sebagai gloss lalai. Alternate hanya jika konteks memaksa.
172,مِّنَّا,15,dari Kami,12,daripada Kami,1,dari Kami,,outside_policy | entity_or_pronoun_shift,85.00,21:43:13,from Us,Kekalkan sense dominan Quranic sebagai gloss lalai. Alternate hanya jika konteks memaksa.
173,هُوَۖ,15,Dia,12,ia/itu,1,Dia,,outside_policy | slash_gloss,85.00,17:51:20,it (be),Kekalkan sense dominan Quranic sebagai gloss lalai. Alternate hanya jika konteks memaksa.
174,بِـَٔايَٰتِنَا,38,dengan ayat-ayat Kami,20,terhadap tanda-tanda Kami,1,dengan ayat-ayat Kami,,outside_policy | long_gloss | entity_or_pronoun_shift,84.79,41:15:24,in Our Signs,Kekalkan sense dominan Quranic sebagai gloss lalai. Alternate hanya jika konteks memaksa.
175,فِيمَا,19,tentang apa,10,dalam apa/dalam hal,1,tentang apa,,outside_policy | slash_gloss | long_gloss,84.79,23:100:4,in what,Kekalkan sense dominan Quranic sebagai gloss lalai. Alternate hanya jika konteks memaksa.
176,فِيمَا,19,tentang apa,10,terhadap apa (sesuatu),1,tentang apa,,outside_policy | parenthetical | long_gloss,84.79,4:24:32,concerning what,Kekalkan sense dominan Quranic sebagai gloss lalai. Alternate hanya jika konteks memaksa.
177,كَانُوٓاْ,19,adalah mereka,15,mereka,1,adalah mereka,,outside_policy | entity_or_pronoun_shift,84.68,28:63:16,they used (to),Kekalkan sense dominan Quranic sebagai gloss lalai. Alternate hanya jika konteks memaksa.
178,ٱلصَّـٰلِحِينَ,19,orang-orang yang saleh,15,orang-orang yang sholeh,1,orang-orang yang saleh,,outside_policy | long_gloss,84.68,9:75:12,the righteous,Kekalkan gloss relatif yang stabil; jangan tambah rujukan entiti pada token ini.
179,لَّهُمۡ,22,bagi mereka,17,untuk mereka,1,bagi mereka,,outside_policy | entity_or_pronoun_shift,84.18,52:24:4,for them,Kekalkan sense dominan Quranic sebagai gloss lalai. Alternate hanya jika konteks memaksa.
180,وَإِن,146,dan jika,112,dan tidak ada,1,dan jika,,outside_policy | long_gloss,84.01,35:24:6,And not,Kekalkan sense dominan Quranic sebagai gloss lalai. Alternate hanya jika konteks memaksa.
181,وَإِن,146,dan jika,112,dan tidak lain,1,dan jika,,outside_policy | long_gloss,84.01,36:32:1,And surely,Kekalkan sense dominan Quranic sebagai gloss lalai. Alternate hanya jika konteks memaksa.
182,خَلَقۡنَا,18,Kami telah menciptakan,9,Kami menciptakan/menjadikan,1,Kami telah menciptakan,,outside_policy | slash_gloss | entity_or_pronoun_shift,84.00,44:38:2,We created,Kekalkan sense dominan Quranic sebagai gloss lalai. Alternate hanya jika konteks memaksa.
183,خَلَقۡنَا,18,Kami telah menciptakan,9,Kami telah ciptakan,1,Kami telah menciptakan,,outside_policy | long_gloss | entity_or_pronoun_shift,84.00,17:70:16,We have created,Kekalkan sense dominan Quranic sebagai gloss lalai. Alternate hanya jika konteks memaksa.
184,لَعَلَّهُمۡ,34,supaya mereka,17,supaya/mudah-mudahan mereka,1,supaya mereka,,outside_policy | slash_gloss | entity_or_pronoun_shift,84.00,12:62:13,so that they may,Kekalkan sense dominan Quranic sebagai gloss lalai. Alternate hanya jika konteks memaksa.
185,وَيَقُولُونَ,28,dan mereka berkata,14,maka mereka berkata,1,dan mereka berkata,,outside_policy | long_gloss | entity_or_pronoun_shift,84.00,32:28:1,And they say,Kekalkan sense dominan Quranic sebagai gloss lalai. Alternate hanya jika konteks memaksa.
186,يُنفِقُونَ,18,mereka menafkahkan,9,(mereka) membelanjakan,1,mereka menafkahkan,,outside_policy | parenthetical | entity_or_pronoun_shift,84.00,2:265:3,spend,Kekalkan sense dominan Quranic sebagai gloss lalai. Alternate hanya jika konteks memaksa.
187,يُنفِقُونَ,18,mereka menafkahkan,9,mereka akan menafkahkan,1,mereka menafkahkan,,outside_policy | long_gloss | entity_or_pronoun_shift,84.00,8:36:4,they spend,Kekalkan sense dominan Quranic sebagai gloss lalai. Alternate hanya jika konteks memaksa.
188,ٱلۡعَظِيمِ,18,yang besar,9,Maha Besar/Maha Agung,1,yang besar,,outside_policy | slash_gloss | long_gloss,84.00,56:96:4,the Most Great,Kekalkan sense dominan Quranic sebagai gloss lalai. Alternate hanya jika konteks memaksa.
189,ءَايَٰتِ,21,ayat-ayat,16,sebagian tanda-tanda kekuasaan,1,ayat-ayat,,outside_policy | long_gloss,83.86,7:26:16,(the) Signs,Kekalkan sense dominan Quranic sebagai gloss lalai. Alternate hanya jika konteks memaksa.
190,شَآءَ,54,menghendaki,41,yang Dia kehendaki,1,menghendaki,,outside_policy | long_gloss,83.78,82:8:5,He willed,Kekalkan sense dominan Quranic sebagai gloss lalai. Alternate hanya jika konteks memaksa.
191,أَوَلَمۡ,33,ataukah tidak,25,dan apakah tidak,1,ataukah tidak,,outside_policy | long_gloss,83.73,26:197:1,Is it not,Kekalkan sense dominan Quranic sebagai gloss lalai. Alternate hanya jika konteks memaksa.
192,عَلَيۡهِم,42,atas mereka,38,atas/kepada mereka,2,atas mereka,,outside_policy | slash_gloss | entity_or_pronoun_shift,83.64,26:199:2 | 37:45:2,to them | among them,Kekalkan sense dominan Quranic sebagai gloss lalai. Alternate hanya jika konteks memaksa.
193,إِذَا,170,apabila,128,jika/bila,1,apabila,,outside_policy | slash_gloss,83.59,5:89:35,when,Kekalkan sense dominan Quranic sebagai gloss lalai. Alternate hanya jika konteks memaksa.
194,إِذَا,170,apabila,128,ketika/pada saat,1,apabila,,outside_policy | slash_gloss,83.59,3:152:9,when,Kekalkan sense dominan Quranic sebagai gloss lalai. Alternate hanya jika konteks memaksa.
195,إِذَا,170,apabila,128,tatkala/tiba-tiba,1,apabila,,outside_policy | slash_gloss,83.59,21:12:4,behold,Kekalkan sense dominan Quranic sebagai gloss lalai. Alternate hanya jika konteks memaksa.
196,إِذَا,170,apabila,128,tiba-tiba/tatkala,1,apabila,,outside_policy | slash_gloss,83.59,9:58:14,then,Kekalkan sense dominan Quranic sebagai gloss lalai. Alternate hanya jika konteks memaksa.
197,كَذَّبُواْ,37,(mereka) mendustakan,18,(mereka) dustakan,1,(mereka) mendustakan,,outside_policy | parenthetical | entity_or_pronoun_shift,83.59,25:36:6,have denied,Kekalkan sense dominan Quranic sebagai gloss lalai. Alternate hanya jika konteks memaksa.
198,يَدۡعُونَ,23,mereka sembah,5,(mereka) menyeru/menyembah,1,mereka sembah,(mereka) menyeru,outside_policy | slash_gloss | parenthetical | entity_or_pronoun_shift,83.52,16:20:2,they invoke,Kekalkan sense dominan Quranic sebagai gloss lalai. Alternate hanya jika konteks memaksa.
199,يَدۡعُونَ,23,mereka sembah,5,(mereka) seru/sembah,1,mereka sembah,(mereka) menyeru,outside_policy | slash_gloss | parenthetical | entity_or_pronoun_shift,83.52,6:108:4,they invoke,Kekalkan sense dominan Quranic sebagai gloss lalai. Alternate hanya jika konteks memaksa.
200,إِذٗا,24,jika demikian,18,tiba-tiba/ketika itu,1,jika demikian,,outside_policy | slash_gloss,83.50,15:8:8,then,Kekalkan sense dominan Quranic sebagai gloss lalai. Alternate hanya jika konteks memaksa.
201,يَوۡمَ,131,pada hari,63,di hari/di waktu,1,pada hari,,outside_policy | slash_gloss | long_gloss,83.43,11:8:12,(On) the Day,Kekalkan sense dominan Quranic sebagai gloss lalai. Alternate hanya jika konteks memaksa.
202,مِنۡهَا,51,daripadanya,38,darinya(neraka),1,daripadanya,,outside_policy | parenthetical,83.35,45:35:13,from it,Kekalkan sense dominan Quranic sebagai gloss lalai. Alternate hanya jika konteks memaksa.
203,إِلَىٰ,211,kepada,157,pada/di samping,1,kepada,,outside_policy | slash_gloss,83.32,9:125:8,to,Gunakan gloss dominan Quranic sebagai default. Override hanya bila struktur sintaks jelas memaksa makna lain.
204,لِّمَا,21,terhadap apa,10,bagi apa (Kitab),1,terhadap apa,,outside_policy | parenthetical | long_gloss,83.29,4:47:9,what is,Kekalkan sense dominan Quranic sebagai gloss lalai. Alternate hanya jika konteks memaksa.
205,لِّمَا,21,terhadap apa,10,bagi apa (penyakit),1,terhadap apa,,outside_policy | parenthetical | long_gloss,83.29,10:57:9,for what,Kekalkan sense dominan Quranic sebagai gloss lalai. Alternate hanya jika konteks memaksa.
206,أَنفُسِهِمۡ,19,diri mereka sendiri,9,diri/hati mereka,1,diri mereka sendiri,,outside_policy | slash_gloss | entity_or_pronoun_shift,83.21,4:65:14,themselves,Kekalkan sense dominan Quranic sebagai gloss lalai. Alternate hanya jika konteks memaksa.
207,يَفۡتَرُونَ,17,mereka ada-adakan,8,(mereka) ada-adakan,1,mereka ada-adakan,,outside_policy | parenthetical | entity_or_pronoun_shift,83.12,3:24:15,inventing,Kekalkan sense dominan Quranic sebagai gloss lalai. Alternate hanya jika konteks memaksa.
208,وَإِنۡ,19,dan jika,14,dan tidak lain,1,dan jika,,outside_policy | long_gloss,83.11,6:148:34,and not,Kekalkan sense dominan Quranic sebagai gloss lalai. Alternate hanya jika konteks memaksa.
209,عَنۡهُمۡ,43,dari mereka,38,dari/kepada mereka,2,dari mereka,,outside_policy | slash_gloss | entity_or_pronoun_shift,83.01,9:96:7 | 9:100:11,with them | with them,Kekalkan sense dominan Quranic sebagai gloss lalai. Alternate hanya jika konteks memaksa.
210,بِهِۦۚ,15,dengannya,11,kerananya/hari itu,1,dengannya,,outside_policy | slash_gloss,83.00,73:18:3,therefrom,Kekalkan sense dominan Quranic sebagai gloss lalai. Alternate hanya jika konteks memaksa.
211,جَآءَهُم,15,datang kepada mereka,7,dia datang mereka,1,datang kepada mereka,,outside_policy | long_gloss | entity_or_pronoun_shift,83.00,23:70:6,he brought them,Kekalkan sense dominan Quranic sebagai gloss lalai. Alternate hanya jika konteks memaksa.
212,جَآءَهُم,15,datang kepada mereka,7,dia datang pada mereka,1,datang kepada mereka,,outside_policy | long_gloss | entity_or_pronoun_shift,83.00,43:47:2,he came to them,Kekalkan sense dominan Quranic sebagai gloss lalai. Alternate hanya jika konteks memaksa.
213,جَآءَهُم,15,datang kepada mereka,7,telah datang mereka,1,datang kepada mereka,,outside_policy | long_gloss | entity_or_pronoun_shift,83.00,23:68:5,has come to them,Kekalkan sense dominan Quranic sebagai gloss lalai. Alternate hanya jika konteks memaksa.
214,جَآءَهُم,15,datang kepada mereka,7,telah datang pada mereka,1,datang kepada mereka,,outside_policy | long_gloss | entity_or_pronoun_shift,83.00,50:2:4,has come to them,Kekalkan sense dominan Quranic sebagai gloss lalai. Alternate hanya jika konteks memaksa.
215,يَسۡتَطِيعُونَ,15,mereka dapat,3,mereka kuasa (membuat),1,mereka dapat,,outside_policy | parenthetical | long_gloss | entity_or_pronoun_shift,83.00,36:50:2,they will be able,Kekalkan sense dominan Quranic sebagai gloss lalai. Alternate hanya jika konteks memaksa.
216,ٱلۡمُنَٰفِقِينَ,15,orang-orang munafik,11,orang-orang yang munafik,1,orang-orang munafik,,outside_policy | long_gloss,83.00,29:11:6,the hypocrites,Kekalkan gloss relatif yang stabil; jangan tambah rujukan entiti pada token ini.
217,لَهُمُ,43,bagi mereka,20,bagi/bersama mereka,1,bagi mereka,,outside_policy | slash_gloss | entity_or_pronoun_shift,82.95,4:102:5,for them,Kekalkan sense dominan Quranic sebagai gloss lalai. Alternate hanya jika konteks memaksa.
218,ٱللَّهَ,567,Allah,566,sesungguhnya,1,Allah,,outside_policy,82.95,2:181:12,Allah,Kekalkan sense dominan Quranic sebagai gloss lalai. Alternate hanya jika konteks memaksa.
219,ٱلَّذِينَ,810,orang-orang yang,808,atas,1,orang-orang yang,,outside_policy,82.93,2:181:9,those who,Gunakan gloss dominan Quranic sebagai default. Override hanya bila struktur sintaks jelas memaksa makna lain.
220,فَلَمَّا,78,maka tatkala,57,maka/tetapi manakala,1,maka tatkala,,outside_policy | slash_gloss,82.92,17:67:11,But when,Kekalkan sense dominan Quranic sebagai gloss lalai. Alternate hanya jika konteks memaksa.
221,ٱللَّهِ,669,Allah,667,dari,1,Allah,,outside_policy,82.91,13:37:16,Allah,Kekalkan sense dominan Quranic sebagai gloss lalai. Alternate hanya jika konteks memaksa.
222,ثُمَّ,337,kemudian,334,sesungguhnya,1,kemudian,,outside_policy,82.73,74:20:1,Then,Kekalkan sense dominan Quranic sebagai gloss lalai. Alternate hanya jika konteks memaksa.
223,يَعۡقِلُونَ,21,mereka berakal,4,(mereka) menggunakan akal,1,mereka berakal,mereka memahami,outside_policy | parenthetical | long_gloss | entity_or_pronoun_shift,82.71,10:100:14,use reason,Kekalkan sense dominan Quranic sebagai gloss lalai. Alternate hanya jika konteks memaksa.
224,يَعۡقِلُونَ,21,mereka berakal,4,mereka menggunakan akal/berfikir,1,mereka berakal,mereka memahami,outside_policy | slash_gloss | long_gloss | entity_or_pronoun_shift,82.71,36:68:7,they use intellect,Kekalkan sense dominan Quranic sebagai gloss lalai. Alternate hanya jika konteks memaksa.
225,وَلَمۡ,47,dan tidak,34,dan belum pernah,1,dan tidak,,outside_policy | long_gloss,82.70,3:47:7,and (has) not,Kekalkan sense dominan Quranic sebagai gloss lalai. Alternate hanya jika konteks memaksa.
226,وَلَمۡ,47,dan tidak,34,dan/padahal belum,1,dan tidak,,outside_policy | slash_gloss,82.70,5:41:14,and not,Kekalkan sense dominan Quranic sebagai gloss lalai. Alternate hanya jika konteks memaksa.
227,وَلَمۡ,47,dan tidak,34,dan/padahal tidak,1,dan tidak,,outside_policy | slash_gloss,82.70,6:93:12,while not,Kekalkan sense dominan Quranic sebagai gloss lalai. Alternate hanya jika konteks memaksa.
228,وَمَا,507,dan tidak,231,dan apa (binatang),1,dan apa,dan apa yang | dan tidak | dan tidak ada | dan tidaklah,outside_policy | parenthetical | long_gloss,82.67,5:3:22,and what,Pisahkan antara sambungan `dan apa` dan bentuk nafi `dan tidak` mengikut binaan.
229,وَمَا,507,dan tidak,231,dan kami tidak,1,dan apa,dan apa yang | dan tidak | dan tidak ada | dan tidaklah,outside_policy | long_gloss | entity_or_pronoun_shift,82.67,28:36:12,and not,Pisahkan antara sambungan `dan apa` dan bentuk nafi `dan tidak` mengikut binaan.
230,وَمَا,507,dan tidak,231,dan mereka tidak,1,dan apa,dan apa yang | dan tidak | dan tidak ada | dan tidaklah,outside_policy | long_gloss | entity_or_pronoun_shift,82.67,27:65:11,and not,Pisahkan antara sambungan `dan apa` dan bentuk nafi `dan tidak` mengikut binaan.
231,إِلَى,140,kepada,101,di/atas,1,kepada,ke | sampai,outside_policy | slash_gloss,82.64,18:63:5,to,Defaultkan kepada `kepada`.
232,إِلَى,140,kepada,101,ke/ke sebuah,1,kepada,ke | sampai,outside_policy | slash_gloss,82.64,21:71:3,to,Defaultkan kepada `kepada`.
233,إِلَى,140,kepada,101,mereka dihalau,1,kepada,ke | sampai,outside_policy | entity_or_pronoun_shift,82.64,8:6:9,to,Defaultkan kepada `kepada`.
234,إِلَى,140,kepada,101,sampai (sekitar),1,kepada,ke | sampai,outside_policy | parenthetical,82.64,22:33:9,(is) at,Defaultkan kepada `kepada`.
235,إِلَى,140,kepada,101,sampai/hingga,1,kepada,ke | sampai,outside_policy | slash_gloss,82.64,2:240:9,for,Defaultkan kepada `kepada`.
236,أَكۡثَرَ,25,kebanyakan,18,lebih banyak/besar,1,kebanyakan,,outside_policy | slash_gloss,82.60,17:6:10,more,Kekalkan sense dominan Quranic sebagai gloss lalai. Alternate hanya jika konteks memaksa.
237,قَالُوٓاْ,75,mereka berkata,54,(kulit-kulit) berkata,1,mereka berkata,,outside_policy | parenthetical,82.60,41:21:6,They will say,Kekalkan sense dominan Quranic sebagai gloss lalai. Alternate hanya jika konteks memaksa.
238,قَالُوٓاْ,75,mereka berkata,54,mereka mengucapkan,1,mereka berkata,,outside_policy | entity_or_pronoun_shift,82.60,2:156:5,they say,Kekalkan sense dominan Quranic sebagai gloss lalai. Alternate hanya jika konteks memaksa.
239,قَالُوٓاْ,75,mereka berkata,54,mereka menjawab,1,mereka berkata,,outside_policy | entity_or_pronoun_shift,82.60,41:47:23,They will say,Kekalkan sense dominan Quranic sebagai gloss lalai. Alternate hanya jika konteks memaksa.
240,فَإِنَّ,71,maka sesungguhnya,70,kerana sesungguhnya,1,maka sesungguhnya,,outside_policy,82.58,11:115:2,for indeed,Kekalkan sense dominan Quranic sebagai gloss lalai. Alternate hanya jika konteks memaksa.
241,كُنَّا,62,adalah kami,28,jika kami adalah,1,adalah kami,adalah Kami | kami | kami adalah,outside_policy | long_gloss | entity_or_pronoun_shift,82.55,26:41:10,we are,Kekalkan sense dominan Quranic sebagai gloss lalai. Alternate hanya jika konteks memaksa.
242,كُنَّا,62,adalah kami,28,kami adalah/menjadi,1,adalah kami,adalah Kami | kami | kami adalah,outside_policy | slash_gloss | entity_or_pronoun_shift,82.55,79:11:2,we are,Kekalkan sense dominan Quranic sebagai gloss lalai. Alternate hanya jika konteks memaksa.
243,كَانُواْ,209,adalah mereka,150,ada mereka,1,adalah mereka,,outside_policy | entity_or_pronoun_shift,82.53,26:199:4,they would,Gunakan gloss dominan Quranic sebagai default. Override hanya bila struktur sintaks jelas memaksa makna lain.
244,كَانُواْ,209,adalah mereka,150,mereka berada,1,adalah mereka,,outside_policy | entity_or_pronoun_shift,82.53,24:62:8,they are,Gunakan gloss dominan Quranic sebagai default. Override hanya bila struktur sintaks jelas memaksa makna lain.
245,كَانُواْ,209,adalah mereka,150,yang demikian itu?,1,adalah mereka,,outside_policy | long_gloss,82.53,3:24:14,they were,Gunakan gloss dominan Quranic sebagai default. Override hanya bila struktur sintaks jelas memaksa makna lain.
246,رَبِّي,61,Tuhanku,60,Tuhan-ku,1,Tuhanku,,outside_policy,82.51,39:13:6,my Lord,Kekalkan sense dominan Quranic sebagai gloss lalai. Alternate hanya jika konteks memaksa.
247,وَٱللَّهُ,239,dan Allah,235,baginya,1,dan Allah,,outside_policy,82.50,61:7:12,And Allah,Kekalkan sense dominan Quranic sebagai gloss lalai. Alternate hanya jika konteks memaksa.
248,وَٱللَّهُ,239,dan Allah,235,mengeluarkan,1,dan Allah,,outside_policy,82.50,2:72:7,(is) the One Who brought forth,Kekalkan sense dominan Quranic sebagai gloss lalai. Alternate hanya jika konteks memaksa.
249,هَـٰٓؤُلَآءِ,38,mereka itu,17,(kamu) ini,1,mereka itu,mereka ini,outside_policy | parenthetical | entity_or_pronoun_shift,82.42,3:66:2,those who,Kekalkan sense dominan Quranic sebagai gloss lalai. Alternate hanya jika konteks memaksa.
250,هَـٰٓؤُلَآءِ,38,mereka itu,17,ini (Bani Israil),1,mereka itu,mereka ini,outside_policy | parenthetical | long_gloss,82.42,2:85:3,(are) those,Kekalkan sense dominan Quranic sebagai gloss lalai. Alternate hanya jika konteks memaksa.
251,هَـٰٓؤُلَآءِ,38,mereka itu,17,mereka/orang-orang ini,1,mereka itu,mereka ini,outside_policy | slash_gloss | entity_or_pronoun_shift,82.42,47:38:2,these,Kekalkan sense dominan Quranic sebagai gloss lalai. Alternate hanya jika konteks memaksa.
252,رَّحِيمٞ,45,Maha Penyayang,44,penyayang,1,Maha Penyayang,,outside_policy,82.33,9:128:14,(and) merciful,Kekalkan sense dominan Quranic sebagai gloss lalai. Alternate hanya jika konteks memaksa.
253,فِرۡعَوۡنَ,44,Fir'aun,43,Firaun,1,Fir'aun,,outside_policy,82.32,3:11:3,(of) Firaun,Kekalkan sense dominan Quranic sebagai gloss lalai. Alternate hanya jika konteks memaksa.
254,وَهُوَ,169,dan Dia,120,dan hal itu,1,dan Dia,dan dia,outside_policy | long_gloss,82.30,30:27:7,and it,Kekalkan sense dominan Quranic sebagai gloss lalai. Alternate hanya jika konteks memaksa.
255,وَهُوَ,169,dan Dia,120,dan ia/balasannya,1,dan Dia,dan dia,outside_policy | slash_gloss,82.30,42:22:6,and it,Kekalkan sense dominan Quranic sebagai gloss lalai. Alternate hanya jika konteks memaksa.
256,وَهُوَ,169,dan Dia,120,dan ia/itu,1,dan Dia,dan dia,outside_policy | slash_gloss,82.30,24:15:13,while it,Kekalkan sense dominan Quranic sebagai gloss lalai. Alternate hanya jika konteks memaksa.
257,وَهُوَ,169,dan Dia,120,dan/padahal Dia,1,dan Dia,dan dia,outside_policy | slash_gloss,82.30,6:164:6,while He,Kekalkan sense dominan Quranic sebagai gloss lalai. Alternate hanya jika konteks memaksa.
258,وَهُوَ,169,dan Dia,120,dan/padahal ia/azab,1,dan Dia,dan dia,outside_policy | slash_gloss,82.30,6:66:4,while it,Kekalkan sense dominan Quranic sebagai gloss lalai. Alternate hanya jika konteks memaksa.
259,وَهُوَ,169,dan Dia,120,dan/sedang ia,1,dan Dia,dan dia,outside_policy | slash_gloss,82.30,20:112:5,while he,Kekalkan sense dominan Quranic sebagai gloss lalai. Alternate hanya jika konteks memaksa.
260,وَإِنَّ,80,dan sesungguhnya,78,dan sesunguhnya,1,dan sesungguhnya,,outside_policy,82.25,42:14:21,And indeed,Kekalkan sense dominan Quranic sebagai gloss lalai. Alternate hanya jika konteks memaksa.
261,أَصۡحَٰبُ,41,penghuni,29,kaum/orang-orang,1,penghuni,,outside_policy | slash_gloss,82.22,85:4:2,(the) companions,Kekalkan sense dominan Quranic sebagai gloss lalai. Alternate hanya jika konteks memaksa.
262,وَلَقَدۡ,115,dan sesungguhnya,112,Dan sesungguhnya,1,dan sesungguhnya,,outside_policy,82.22,54:4:1,And certainly,Kekalkan sense dominan Quranic sebagai gloss lalai. Alternate hanya jika konteks memaksa.
263,وَلَقَدۡ,115,dan sesungguhnya,112,dan sesungguhya,1,dan sesungguhnya,,outside_policy,82.22,44:30:1,And certainly,Kekalkan sense dominan Quranic sebagai gloss lalai. Alternate hanya jika konteks memaksa.
264,وَمِنۡهُم,21,dan di antara mereka,18,dan sebagian mereka,2,dan di antara mereka,,outside_policy | long_gloss | entity_or_pronoun_shift,82.21,24:45:12 | 24:45:17,and of them | and of them,Kekalkan sense dominan Quranic sebagai gloss lalai. Alternate hanya jika konteks memaksa.
265,ٱلۡحَيَوٰةِ,37,kehidupan,36,waktu hidup,1,kehidupan,,outside_policy,82.19,17:75:4,(in) the life,Kekalkan sense dominan Quranic sebagai gloss lalai. Alternate hanya jika konteks memaksa.
266,عَلَيۡهَا,34,atasnya,24,atas mereka,1,atasnya,,outside_policy | entity_or_pronoun_shift,82.18,85:6:3,by it,Kekalkan sense dominan Quranic sebagai gloss lalai. Alternate hanya jika konteks memaksa.
267,تَحۡتِهَا,34,bawahnya,33,bawah,1,bawahnya,,outside_policy,82.12,98:8:8,underneath them,Kekalkan sense dominan Quranic sebagai gloss lalai. Alternate hanya jika konteks memaksa.
268,ظَلَمُواْ,27,(mereka) zalim,19,mereka zalim,1,(mereka) zalim,,outside_policy | entity_or_pronoun_shift,82.11,27:85:5,they wronged,Kekalkan sense dominan Quranic sebagai gloss lalai. Alternate hanya jika konteks memaksa.
269,صَٰدِقِينَ,31,orang-orang yang benar,30,yang benar,1,orang-orang yang benar,,outside_policy,82.03,2:94:17,truthful,Kekalkan gloss relatif yang stabil; jangan tambah rujukan entiti pada token ini.
270,وَعَمِلُواْ,53,dan mereka beramal,23,dan mereka berbuat,1,dan mereka beramal,dan beramal | dan mereka berbuat/beramal,outside_policy | long_gloss | entity_or_pronoun_shift,82.02,2:25:4,and do,Kekalkan sense dominan Quranic sebagai gloss lalai. Alternate hanya jika konteks memaksa.
271,قُلِ,30,katakanlah,29,katakan,1,katakanlah,,outside_policy,82.00,29:63:16,Say,Kekalkan sense dominan Quranic sebagai gloss lalai. Alternate hanya jika konteks memaksa.
272,إِنَّهُۥ,141,sesungguhnya Dia,61,sesungguhnya ia (azab),1,sesungguhnya Dia,sesungguhnya | sesungguhnya dia | sesungguhnya ia,outside_policy | parenthetical | long_gloss,81.98,10:53:7,"Indeed, it","Pilih rujukan pronomina mengikut antecedent, tetapi kekalkan penegas `sesungguhnya`."
273,إِنَّهُۥ,141,sesungguhnya Dia,61,sesungguhnya ia (syaitan),1,sesungguhnya Dia,sesungguhnya | sesungguhnya dia | sesungguhnya ia,outside_policy | parenthetical | long_gloss,81.98,16:99:1,Indeed he,"Pilih rujukan pronomina mengikut antecedent, tetapi kekalkan penegas `sesungguhnya`."
274,إِنَّهُۥ,141,sesungguhnya Dia,61,sesungguhnya ia/hal itu,1,sesungguhnya Dia,sesungguhnya | sesungguhnya dia | sesungguhnya ia,outside_policy | slash_gloss | long_gloss,81.98,4:2:13,"Indeed, it","Pilih rujukan pronomina mengikut antecedent, tetapi kekalkan penegas `sesungguhnya`."
275,فِيهَا,183,di dalamnya,128,padanya(kiamat),1,di dalamnya,ke dalamnya | padanya,outside_policy | parenthetical,81.98,6:31:17,concerning it,Kekalkan gloss lokatif sebagai default.
276,فِيهَا,183,di dalamnya,128,padanya/pada malam,1,di dalamnya,ke dalamnya | padanya,outside_policy | slash_gloss,81.98,97:4:4,therein,Kekalkan gloss lokatif sebagai default.
277,لَمۡ,89,tidak,62,belum/sebelum,1,tidak,,outside_policy | slash_gloss,81.90,2:236:8,not,Kekalkan sense dominan Quranic sebagai gloss lalai. Alternate hanya jika konteks memaksa.
278,لَمِنَ,21,sungguh dari/termasuk,9,sungguh dari (salah seorang),1,sungguh dari/termasuk,,outside_policy | parenthetical | long_gloss,81.86,36:3:2,(are) among,Kekalkan sense dominan Quranic sebagai gloss lalai. Alternate hanya jika konteks memaksa.
279,لَمِنَ,21,sungguh dari/termasuk,9,sungguh dari/salah seorang dari,1,sungguh dari/termasuk,,outside_policy | slash_gloss | long_gloss,81.86,2:252:8,(are) surely of,Kekalkan sense dominan Quranic sebagai gloss lalai. Alternate hanya jika konteks memaksa.
280,وَقَالَ,81,dan berkata,58,dan (Yusuf) berkata,3,dan berkata,,outside_policy | parenthetical | long_gloss | entity_or_pronoun_shift,81.81,12:42:1 | 12:62:1 | 12:100:8,And he said | And he said | And he said,Kekalkan sense dominan Quranic sebagai gloss lalai. Alternate hanya jika konteks memaksa.
281,قَدِيرٞ,25,Maha Kuasa,24,Maha kuasa,1,Maha Kuasa,,outside_policy,81.80,42:9:16,All-Powerful,Kekalkan sense dominan Quranic sebagai gloss lalai. Alternate hanya jika konteks memaksa.
282,ٱلۡحَمۡدُ,25,segala puji,24,pujian,1,segala puji,,outside_policy,81.80,1:2:1,All praises and thanks,Kekalkan sense dominan Quranic sebagai gloss lalai. Alternate hanya jika konteks memaksa.
283,فَسَوۡفَ,26,maka kelak,18,maka bakal/akan,1,maka kelak,,outside_policy | slash_gloss,81.77,5:54:9,then soon,Kekalkan sense dominan Quranic sebagai gloss lalai. Alternate hanya jika konteks memaksa.
284,ٱلۡكَٰفِرِينَ,52,orang-orang kafir,36,orang-orang yang ingkar,1,orang-orang kafir,,outside_policy | long_gloss,81.77,2:89:26,the disbelievers,Kekalkan gloss relatif yang stabil; jangan tambah rujukan entiti pada token ini.
285,غَفُورٞ,46,Maha Pengampun,44,Maha Pengasih,1,Maha Pengampun,,outside_policy,81.70,6:145:38,(is) Oft-Forgiving,Kekalkan sense dominan Quranic sebagai gloss lalai. Alternate hanya jika konteks memaksa.
286,غَفُورٞ,46,Maha Pengampun,44,maha Pengampun,1,Maha Pengampun,,outside_policy,81.70,58:12:21,(is) Oft-Forgiving,Kekalkan sense dominan Quranic sebagai gloss lalai. Alternate hanya jika konteks memaksa.
287,مَرۡيَمَ,23,Maryam,22,maryam,1,Maryam,,outside_policy,81.70,3:45:14,(of) Maryam,Kekalkan sense dominan Quranic sebagai gloss lalai. Alternate hanya jika konteks memaksa.
288,وَإِلَيۡهِ,22,dan kepada-Nya,21,dan kepadanya,1,dan kepada-Nya,,outside_policy,81.64,29:21:7,and to Him,Kekalkan sense dominan Quranic sebagai gloss lalai. Alternate hanya jika konteks memaksa.
289,مِّنۡ,149,dari,142,tentang,1,dari,,outside_policy,81.59,50:15:8,about,Kekalkan sense dominan Quranic sebagai gloss lalai. Alternate hanya jika konteks memaksa.
290,فَلَن,19,maka tidak,13,maka sekali-kali tidak,1,maka tidak,,outside_policy | long_gloss,81.53,4:52:8,then never,Kekalkan sense dominan Quranic sebagai gloss lalai. Alternate hanya jika konteks memaksa.
291,أَن,461,bahawa,315,kamu,1,bahawa,agar | supaya | untuk,outside_policy | entity_or_pronoun_shift,81.50,28:19:13,to,Gunakan `bahawa` sebagai lalai. Bentuk infinitif/tujuan sahaja patut menggeser kepada `untuk/supaya/agar`.
292,خَيۡرُ,20,sebaik-baik,19,paling baik,1,sebaik-baik,,outside_policy,81.50,21:89:10,(are) [the] Best,Kekalkan sense dominan Quranic sebagai gloss lalai. Alternate hanya jika konteks memaksa.
293,إِلَيۡكَ,58,kepadamu,55,kepada Engkau,1,kepadamu,,outside_policy,81.45,7:143:38,to you,Kekalkan sense dominan Quranic sebagai gloss lalai. Alternate hanya jika konteks memaksa.
294,مِّنكُمۡ,22,di antara kamu,15,daripada kamu,1,di antara kamu,,outside_policy | entity_or_pronoun_shift,81.45,8:48:25,of you,Kekalkan sense dominan Quranic sebagai gloss lalai. Alternate hanya jika konteks memaksa.
295,تُرۡجَعُونَ,19,kamu dikembalikan,18,dan kepada-Nya,1,kamu dikembalikan,,outside_policy,81.42,36:22:7,and to Whom,Kekalkan sense dominan Quranic sebagai gloss lalai. Alternate hanya jika konteks memaksa.
296,مُلۡكُ,19,kerajaan,18,kerjaan,1,kerajaan,,outside_policy,81.42,57:5:2,(is the) dominion,Kekalkan sense dominan Quranic sebagai gloss lalai. Alternate hanya jika konteks memaksa.
297,ٱلسَّمِيعُ,19,Maha Mendengar,18,Maha mendengar,1,Maha Mendengar,,outside_policy,81.42,41:36:10,(is) the All-Hearer,Kekalkan sense dominan Quranic sebagai gloss lalai. Alternate hanya jika konteks memaksa.
298,وَجَعَلَ,29,dan Dia menjadikan,12,dan Dia jadikan (berikan),1,dan Dia menjadikan,dan Dia telah menjadikan | dan menjadikan | dan telah menjadikan,outside_policy | parenthetical | long_gloss,81.41,16:78:9,and made,Kekalkan sense dominan Quranic sebagai gloss lalai. Alternate hanya jika konteks memaksa.
299,لِلَّهِ,85,bagi Allah,35,bagi/kepada Allah,1,bagi Allah,kepada Allah | kepunyaan Allah,outside_policy | slash_gloss | entity_or_pronoun_shift,81.35,22:31:2,to Allah,Kekalkan sense dominan Quranic sebagai gloss lalai. Alternate hanya jika konteks memaksa.
300,لِلَّهِ,85,bagi Allah,35,bagi/kepunyaan Allah,1,bagi Allah,kepada Allah | kepunyaan Allah,outside_policy | slash_gloss | entity_or_pronoun_shift,81.35,28:75:12,(is) for Allah,Kekalkan sense dominan Quranic sebagai gloss lalai. Alternate hanya jika konteks memaksa.
301,لِلَّهِ,85,bagi Allah,35,bagi/kerana Allah,1,bagi Allah,kepada Allah | kepunyaan Allah,outside_policy | slash_gloss | entity_or_pronoun_shift,81.35,4:135:8,to Allah,Kekalkan sense dominan Quranic sebagai gloss lalai. Alternate hanya jika konteks memaksa.
302,لِلَّهِ,85,bagi Allah,35,bagi/untuk Allah,1,bagi Allah,kepada Allah | kepunyaan Allah,outside_policy | slash_gloss | entity_or_pronoun_shift,81.35,8:41:7,for Allah,Kekalkan sense dominan Quranic sebagai gloss lalai. Alternate hanya jika konteks memaksa.
303,عَنۡهُ,31,daripadanya,21,dari/kepada-Nya,1,daripadanya,,outside_policy | slash_gloss,81.32,9:100:13,with Him,Kekalkan sense dominan Quranic sebagai gloss lalai. Alternate hanya jika konteks memaksa.
304,ٱلۡعَذَابِ,31,azab,21,seksa(Nya),1,azab,,outside_policy | parenthetical,81.32,2:165:31,(in) [the] punishment,Kekalkan sense dominan Quranic sebagai gloss lalai. Alternate hanya jika konteks memaksa.
305,قَالَتۡ,22,ia berkata,9,(wanita itu) berkata,1,ia berkata,,outside_policy | parenthetical | long_gloss,81.27,12:32:1,She said,Kekalkan sense dominan Quranic sebagai gloss lalai. Alternate hanya jika konteks memaksa.
306,قَالَتۡ,22,ia berkata,9,dia (Maryam) berkata,1,ia berkata,,outside_policy | parenthetical | long_gloss,81.27,3:47:1,She said,Kekalkan sense dominan Quranic sebagai gloss lalai. Alternate hanya jika konteks memaksa.
307,عَزِيزٌ,17,Maha Perkasa,16,terasa berat,1,Maha Perkasa,,outside_policy,81.24,9:128:6,Grievous,Kekalkan sense dominan Quranic sebagai gloss lalai. Alternate hanya jika konteks memaksa.
308,قِيلَ,34,dikatakan,32,difirmankan,1,dikatakan,,outside_policy,81.24,11:48:1,It was said,Kekalkan sense dominan Quranic sebagai gloss lalai. Alternate hanya jika konteks memaksa.
309,ٱلصَّـٰدِقِينَ,17,orang-orang yang benar,16,dari,1,orang-orang yang benar,,outside_policy,81.24,15:7:7,of,Kekalkan gloss relatif yang stabil; jangan tambah rujukan entiti pada token ini.
310,جُنَاحَ,16,berdosa,15,mengapa,1,berdosa,,outside_policy,81.12,4:128:10,sin,Kekalkan sense dominan Quranic sebagai gloss lalai. Alternate hanya jika konteks memaksa.
311,رَبِّهِۦ,16,Tuhannya,15,tuannya,1,Tuhannya,,outside_policy,81.12,12:42:13,(to) his master,Kekalkan sense dominan Quranic sebagai gloss lalai. Alternate hanya jika konteks memaksa.
312,ٱلۡجَنَّةَ,16,syurga,15,sorga,1,syurga,,outside_policy,81.12,79:41:2,Paradise ,Kekalkan sense dominan Quranic sebagai gloss lalai. Alternate hanya jika konteks memaksa.
313,وَمِن,31,dan dari,29,dan dia,1,dan dari,,outside_policy,81.06,2:124:13,And from,Kekalkan sense dominan Quranic sebagai gloss lalai. Alternate hanya jika konteks memaksa.
314,أَجَلٖ,15,waktu,14,masa,1,waktu,,outside_policy,81.00,13:38:20,(is) a time,Kekalkan sense dominan Quranic sebagai gloss lalai. Alternate hanya jika konteks memaksa.
315,أَنزَلۡنَا,15,Kami turunkan,6,Kami telah turunkan,1,Kami turunkan,,outside_policy | long_gloss | entity_or_pronoun_shift,81.00,5:44:2,We revealed,Kekalkan sense dominan Quranic sebagai gloss lalai. Alternate hanya jika konteks memaksa.
316,أَنزَلۡنَا,15,Kami turunkan,6,Kami tidak menurunkan,1,Kami turunkan,,outside_policy | long_gloss | entity_or_pronoun_shift,81.00,36:28:2,We sent down,Kekalkan sense dominan Quranic sebagai gloss lalai. Alternate hanya jika konteks memaksa.
317,بِأَنَّهُمۡ,24,kerana sesungguhnya mereka,16,bahawasanya mereka,1,kerana sesungguhnya mereka,,outside_policy | entity_or_pronoun_shift,81.00,3:112:22,(is) because,Kekalkan sense dominan Quranic sebagai gloss lalai. Alternate hanya jika konteks memaksa.
318,بِأَنَّهُمۡ,24,kerana sesungguhnya mereka,16,dengan/disebabkan bahawasanya,1,kerana sesungguhnya mereka,,outside_policy | slash_gloss,81.00,8:65:23,because they,Kekalkan sense dominan Quranic sebagai gloss lalai. Alternate hanya jika konteks memaksa.
319,رَبُّنَا,15,Tuhan kami,14,Tuhan kita,1,Tuhan kami,,outside_policy,81.00,34:26:4,our Lord,Kekalkan sense dominan Quranic sebagai gloss lalai. Alternate hanya jika konteks memaksa.
320,عَمِلُواْ,15,mereka kerjakan,6,(mereka) kerjakan,1,mereka kerjakan,,outside_policy | parenthetical | entity_or_pronoun_shift,81.00,28:84:13,do,Kekalkan sense dominan Quranic sebagai gloss lalai. Alternate hanya jika konteks memaksa.
321,عَمِلُواْ,15,mereka kerjakan,6,mereka telah kerjakan,1,mereka kerjakan,,outside_policy | long_gloss | entity_or_pronoun_shift,81.00,58:7:40,they did,Kekalkan sense dominan Quranic sebagai gloss lalai. Alternate hanya jika konteks memaksa.
322,ٱلۡجِنِّ,15,jin,14,Jin,1,jin,,outside_policy,81.00,7:179:6,the jinn,Kekalkan sense dominan Quranic sebagai gloss lalai. Alternate hanya jika konteks memaksa.
323,هَٰذَا,146,ini,136,Ini,1,ini,,outside_policy,80.95,53:56:1,This,Kekalkan sense dominan Quranic sebagai gloss lalai. Alternate hanya jika konteks memaksa.
324,ٱلَّتِي,43,yang,40,adalah,1,yang,,outside_policy,80.91,36:63:3,which,Kekalkan sense dominan Quranic sebagai gloss lalai. Alternate hanya jika konteks memaksa.
325,قَالُواْ,171,mereka berkata,139,mereka katakan/ucapkan,2,mereka berkata,,outside_policy | slash_gloss | entity_or_pronoun_shift,80.89,3:147:6 | 58:3:8,they said | they said,Kekalkan sense dominan Quranic sebagai gloss lalai. Alternate hanya jika konteks memaksa.
326,ٱلرَّحِيمُ,28,Maha Penyayang,26,Maha penyayang,1,Maha Penyayang,,outside_policy,80.86,42:5:19,the Most Merciful,Kekalkan sense dominan Quranic sebagai gloss lalai. Alternate hanya jika konteks memaksa.
327,ٱلرَّحِيمُ,28,Maha Penyayang,26,Penyayang,1,Maha Penyayang,,outside_policy,80.86,26:159:5,the Most Merciful,Kekalkan sense dominan Quranic sebagai gloss lalai. Alternate hanya jika konteks memaksa.
328,لَهُمۡ,204,bagi mereka,135,kepada kamu,1,bagi mereka,,outside_policy | entity_or_pronoun_shift,80.85,9:43:6,to them,Gunakan gloss dominan Quranic sebagai default. Override hanya bila struktur sintaks jelas memaksa makna lain.
329,مِنۡهُمۡ,56,di antara mereka,22,dari/kepada mereka,1,di antara mereka,,outside_policy | slash_gloss | entity_or_pronoun_shift,80.79,11:70:9,from them,Kekalkan sense dominan Quranic sebagai gloss lalai. Alternate hanya jika konteks memaksa.
330,مِنۡهُمۡ,56,di antara mereka,22,dari/terhadap mereka,1,di antara mereka,,outside_policy | slash_gloss | entity_or_pronoun_shift,80.79,18:18:21,by them,Kekalkan sense dominan Quranic sebagai gloss lalai. Alternate hanya jika konteks memaksa.
331,عَلِيمُۢ,27,Maha Mengetahui,25,Maha mengetahui,1,Maha Mengetahui,,outside_policy,80.78,67:13:7,(is the) All-Knower,Kekalkan sense dominan Quranic sebagai gloss lalai. Alternate hanya jika konteks memaksa.
332,عَلِيمُۢ,27,Maha Mengetahui,25,mengetahui,1,Maha Mengetahui,,outside_policy,80.78,57:6:10,(is) All-Knower,Kekalkan sense dominan Quranic sebagai gloss lalai. Alternate hanya jika konteks memaksa.
333,عَمَّا,44,dari apa,29,dari/terhadap apa,1,dari apa,,outside_policy | slash_gloss,80.77,11:123:15,of what,Kekalkan sense dominan Quranic sebagai gloss lalai. Alternate hanya jika konteks memaksa.
334,شَيۡءٍ,53,sesuatu,49,perkara,1,sesuatu,,outside_policy,80.74,6:19:3,thing,Kekalkan sense dominan Quranic sebagai gloss lalai. Alternate hanya jika konteks memaksa.
335,شَيۡءٍ,53,sesuatu,49,sedikit,1,sesuatu,,outside_policy,80.74,12:68:14,thing,Kekalkan sense dominan Quranic sebagai gloss lalai. Alternate hanya jika konteks memaksa.
336,وَأُوْلَـٰٓئِكَ,25,dan mereka itu,23,dan itulah,1,dan mereka itu,,outside_policy,80.60,3:10:13,and those ,Kekalkan sense dominan Quranic sebagai gloss lalai. Alternate hanya jika konteks memaksa.
337,عِندَ,98,di sisi,90,pada sisi,1,di sisi,,outside_policy,80.55,30:39:11,with,Kekalkan sense dominan Quranic sebagai gloss lalai. Alternate hanya jika konteks memaksa.
338,وَقَالُواْ,49,dan mereka berkata,45,dan berkata,1,dan mereka berkata,,outside_policy,80.55,33:67:1,And they will say,Kekalkan sense dominan Quranic sebagai gloss lalai. Alternate hanya jika konteks memaksa.
339,وَقَالُواْ,49,dan mereka berkata,45,mengatakan,1,dan mereka berkata,,outside_policy,80.55,54:9:7,and said,Kekalkan sense dominan Quranic sebagai gloss lalai. Alternate hanya jika konteks memaksa.
340,إِلَّا,562,kecuali,366,melainkan/hanya,1,kecuali,hanyalah | melainkan | selain,outside_policy | slash_gloss,80.54,17:52:8,except,Kekalkan pengecualian sebagai sense utama.
341,إِلَّا,562,kecuali,366,selain/hanyalah,1,kecuali,hanyalah | melainkan | selain,outside_policy | slash_gloss,80.54,3:144:3,except,Kekalkan pengecualian sebagai sense utama.
342,عَلَيۡنَا,40,atas kami,26,atas/kepada kita,1,atas kami,,outside_policy | slash_gloss,80.50,25:21:8,to us,Kekalkan sense dominan Quranic sebagai gloss lalai. Alternate hanya jika konteks memaksa.
343,عَلَيۡنَا,40,atas kami,26,bagi Kami,1,atas kami,,outside_policy | entity_or_pronoun_shift,80.50,92:12:2,upon Us,Kekalkan sense dominan Quranic sebagai gloss lalai. Alternate hanya jika konteks memaksa.
344,عَلَيۡنَا,40,atas kami,26,kepada kami,1,atas kami,,outside_policy | entity_or_pronoun_shift,80.50,7:126:13,upon us,Kekalkan sense dominan Quranic sebagai gloss lalai. Alternate hanya jika konteks memaksa.
345,وَقَدۡ,40,dan sesungguhnya,26,dan sungguh/padahal,1,dan sesungguhnya,,outside_policy | slash_gloss,80.50,10:51:8,And certainly,Kekalkan sense dominan Quranic sebagai gloss lalai. Alternate hanya jika konteks memaksa.
346,وَإِذَا,117,dan apabila,107,dan apakah,1,dan apabila,,outside_policy,80.44,21:36:1,And when,Kekalkan sense dominan Quranic sebagai gloss lalai. Alternate hanya jika konteks memaksa.
347,فَبِأَيِّ,35,maka yang mana,32,maka terhadap,1,maka yang mana,,outside_policy,80.43,53:55:1,Then which (of),Kekalkan sense dominan Quranic sebagai gloss lalai. Alternate hanya jika konteks memaksa.
348,ٱلۡكَٰفِرُونَ,17,orang-orang kafir,11,orang-orang yang ingkar,1,orang-orang kafir,,outside_policy | long_gloss,80.41,28:82:26,the disbelievers,Kekalkan gloss relatif yang stabil; jangan tambah rujukan entiti pada token ini.
349,ٱلۡعَزِيزُ,46,Maha Perkasa,42,Al Aziz,1,Maha Perkasa,,outside_policy,80.39,12:78:3,Aziz,Kekalkan sense dominan Quranic sebagai gloss lalai. Alternate hanya jika konteks memaksa.
350,ٱلۡعَزِيزُ,46,Maha Perkasa,42,Maha perkasa,1,Maha Perkasa,,outside_policy,80.39,43:9:9,the All-Mighty,Kekalkan sense dominan Quranic sebagai gloss lalai. Alternate hanya jika konteks memaksa.
351,ٱلۡعَزِيزُ,46,Maha Perkasa,42,seorang perkasa,1,Maha Perkasa,,outside_policy,80.39,44:49:4,the mighty,Kekalkan sense dominan Quranic sebagai gloss lalai. Alternate hanya jika konteks memaksa.
352,لَهُۥ,174,baginya,64,bagi Dia Allah,1,baginya,bagi-Nya | kepada-Nya | kepadanya,outside_policy | long_gloss | entity_or_pronoun_shift,80.03,13:14:1,To Him,Pilih `baginya` sebagai default; guna `kepadanya` hanya jika struktur menuntut arah/penerima.
353,لَهُۥ,174,baginya,64,kepadanya (Yusuf),1,baginya,bagi-Nya | kepada-Nya | kepadanya,outside_policy | parenthetical | entity_or_pronoun_shift,80.03,12:34:2,to him,Pilih `baginya` sebagai default; guna `kepadanya` hanya jika struktur menuntut arah/penerima.
354,لَهُۥ,174,baginya,64,kepadanya/Musa,1,baginya,bagi-Nya | kepada-Nya | kepadanya,outside_policy | slash_gloss | entity_or_pronoun_shift,80.03,26:49:3,in him,Pilih `baginya` sebagai default; guna `kepadanya` hanya jika struktur menuntut arah/penerima.
355,لَهُۥ,174,baginya,64,untuknya (Musa),1,baginya,bagi-Nya | kepada-Nya | kepadanya,outside_policy | parenthetical | entity_or_pronoun_shift,80.03,7:145:2,for him,Pilih `baginya` sebagai default; guna `kepadanya` hanya jika struktur menuntut arah/penerima.
356,عَلِيمٞ,40,Maha Mengetahui,36,Maha Mendengar,1,Maha Mengetahui,,outside_policy,80.00,2:181:14,All-Knowing,Kekalkan sense dominan Quranic sebagai gloss lalai. Alternate hanya jika konteks memaksa.
357,عَلِيمٞ,40,Maha Mengetahui,36,berpengetahuan,1,Maha Mengetahui,,outside_policy,80.00,12:55:8,knowing,Kekalkan sense dominan Quranic sebagai gloss lalai. Alternate hanya jika konteks memaksa.
358,يُشۡرِكُونَ,19,mereka persekutukan,12,mereka sekutukan,1,mereka persekutukan,,outside_policy | entity_or_pronoun_shift,79.95,7:190:12,they associate (with Him),Kekalkan sense dominan Quranic sebagai gloss lalai. Alternate hanya jika konteks memaksa.
359,شَيۡءٖ,98,sesuatu,88,segala,1,sesuatu,,outside_policy,79.94,6:69:8,anything,Kekalkan sense dominan Quranic sebagai gloss lalai. Alternate hanya jika konteks memaksa.
360,لَهَا,33,baginya,12,padanya (ke dalam),1,baginya,kepadanya | padanya,outside_policy | parenthetical | long_gloss,79.91,21:98:10,to it,Kekalkan sense dominan Quranic sebagai gloss lalai. Alternate hanya jika konteks memaksa.
361,يَـٰٓأَيُّهَا,134,wahai,120,Wahai,1,wahai,,outside_policy,79.87,58:12:1,O you,Kekalkan sense dominan Quranic sebagai gloss lalai. Alternate hanya jika konteks memaksa.
362,وَٱلۡأَرۡضِۖ,19,dan bumi,17,dan dibumi,1,dan bumi,,outside_policy,79.84,24:64:7,and the earth,Kekalkan sense dominan Quranic sebagai gloss lalai. Alternate hanya jika konteks memaksa.
363,وَلِلَّهِ,25,dan milik Allah,9,dan kepada Allah,1,dan milik Allah,,outside_policy | long_gloss | entity_or_pronoun_shift,79.80,22:41:15,And for Allah,Kekalkan sense dominan Quranic sebagai gloss lalai. Alternate hanya jika konteks memaksa.
364,لَّمۡ,74,tidak,66,belum,1,tidak,,outside_policy,79.76,49:14:5,Not,Kekalkan sense dominan Quranic sebagai gloss lalai. Alternate hanya jika konteks memaksa.
365,فَهُوَ,28,maka dia,10,dan dia/orang itu,1,maka dia,maka Dia | maka itu,outside_policy | slash_gloss | long_gloss,79.71,69:21:1,So he,Kekalkan sense dominan Quranic sebagai gloss lalai. Alternate hanya jika konteks memaksa.
366,فَهُوَ,28,maka dia,10,maka itu (upah),1,maka dia,maka Dia | maka itu,outside_policy | parenthetical | long_gloss,79.71,34:47:6,but it (is),Kekalkan sense dominan Quranic sebagai gloss lalai. Alternate hanya jika konteks memaksa.
367,فَهُوَ,28,maka dia,10,maka/akan tetapi ia,1,maka dia,maka Dia | maka itu,outside_policy | slash_gloss | long_gloss,79.71,12:84:11,and he (was),Kekalkan sense dominan Quranic sebagai gloss lalai. Alternate hanya jika konteks memaksa.
368,كَمَا,44,sebagaimana,39,sebagai mana,1,sebagaimana,,outside_policy,79.59,72:7:3,as,Kekalkan sense dominan Quranic sebagai gloss lalai. Alternate hanya jika konteks memaksa.
369,وَقَالُواْ,49,dan mereka berkata,45,dan mereka berkata/menjawab,1,dan mereka berkata,,outside_policy | slash_gloss | long_gloss | entity_or_pronoun_shift | annotative_expansion,79.55,3:173:13,and they said,Kekalkan sense dominan Quranic sebagai gloss lalai. Alternate hanya jika konteks memaksa.
370,خَيۡرٞ,59,lebih baik,52,kebaikan,1,lebih baik,,outside_policy,79.44,30:38:9,(is) best,Kekalkan sense dominan Quranic sebagai gloss lalai. Alternate hanya jika konteks memaksa.
371,خَيۡرٞ,59,lebih baik,52,sebaik-baik,1,lebih baik,,outside_policy,79.44,18:44:6,(is the) best,Kekalkan sense dominan Quranic sebagai gloss lalai. Alternate hanya jika konteks memaksa.
372,مِنۡ,253,dari,223,di antara,1,dari,,outside_policy,79.44,40:8:9,among,Gunakan gloss dominan Quranic sebagai default. Override hanya bila struktur sintaks jelas memaksa makna lain.
373,ٱلۡمُؤۡمِنِينَ,70,orang-orang yang beriman,43,orang beriman laki-laki,1,orang-orang yang beriman,,outside_policy | long_gloss,79.43,33:73:10,the believing men,Kekalkan gloss relatif yang stabil; jangan tambah rujukan entiti pada token ini.
374,ٱلۡمُؤۡمِنِينَ,70,orang-orang yang beriman,43,orang-orang beriman laki-laki,1,orang-orang yang beriman,,outside_policy | long_gloss,79.43,9:72:3,(to) the believing men,Kekalkan gloss relatif yang stabil; jangan tambah rujukan entiti pada token ini.
375,ٱلۡمُؤۡمِنِينَ,70,orang-orang yang beriman,43,orang-orang laki-laki beriman,1,orang-orang yang beriman,,outside_policy | long_gloss,79.43,33:58:3,the believing men,Kekalkan gloss relatif yang stabil; jangan tambah rujukan entiti pada token ini.
376,ٱلۡمُؤۡمِنِينَ,70,orang-orang yang beriman,43,orang-orang mukmin laki-laki,1,orang-orang yang beriman,,outside_policy | long_gloss,79.43,48:5:2,the believing men,Kekalkan gloss relatif yang stabil; jangan tambah rujukan entiti pada token ini.
377,جَآءَ,57,datang,35,(utusan) sampai,1,datang,,outside_policy | parenthetical,79.42,27:36:2,came,Kekalkan sense dominan Quranic sebagai gloss lalai. Alternate hanya jika konteks memaksa.
378,وَإِذۡ,67,dan ketika,59,apabila,1,dan ketika,,outside_policy,79.42,61:5:1,And when,Kekalkan sense dominan Quranic sebagai gloss lalai. Alternate hanya jika konteks memaksa.
379,وَإِذۡ,67,dan ketika,59,dan apabila,1,dan ketika,,outside_policy,79.42,61:6:1,And when,Kekalkan sense dominan Quranic sebagai gloss lalai. Alternate hanya jika konteks memaksa.
380,وَإِذۡ,67,dan ketika,59,dan kerana,1,dan ketika,,outside_policy,79.42,46:11:12,And when,Kekalkan sense dominan Quranic sebagai gloss lalai. Alternate hanya jika konteks memaksa.
381,وَإِذۡ,67,dan ketika,59,ketika,1,dan ketika,,outside_policy,79.42,14:7:1,And when,Kekalkan sense dominan Quranic sebagai gloss lalai. Alternate hanya jika konteks memaksa.
382,إِنَّمَا,82,sesungguhnya hanyalah,72,sesunguhnya hanyalah,1,sesungguhnya hanyalah,,outside_policy,79.34,35:28:8,Only,Kekalkan sense dominan Quranic sebagai gloss lalai. Alternate hanya jika konteks memaksa.
383,هَٰذَآ,32,ini,28,tidak lain,1,ini,,outside_policy,79.25,25:4:5,this,Kekalkan sense dominan Quranic sebagai gloss lalai. Alternate hanya jika konteks memaksa.
384,يَشَآءُ,56,Dia kehendaki,49,Dia menghendaki,1,Dia kehendaki,,outside_policy,79.25,42:29:15,He wills,Kekalkan sense dominan Quranic sebagai gloss lalai. Alternate hanya jika konteks memaksa.
385,يَشَآءُ,56,Dia kehendaki,49,dikehendaki,1,Dia kehendaki,,outside_policy,79.25,3:40:17,He wills,Kekalkan sense dominan Quranic sebagai gloss lalai. Alternate hanya jika konteks memaksa.
386,يَشَآءُ,56,Dia kehendaki,49,yang dikehendaki,1,Dia kehendaki,,outside_policy,79.25,34:13:4,he willed,Kekalkan sense dominan Quranic sebagai gloss lalai. Alternate hanya jika konteks memaksa.
387,أَرۡسَلۡنَا,41,Kami telah mengutus,14,Kami kirimkan/timpakan,1,Kami telah mengutus,Kami mengutus | Kami utus,outside_policy | slash_gloss | entity_or_pronoun_shift,79.24,29:40:6,We sent,Kekalkan sense dominan Quranic sebagai gloss lalai. Alternate hanya jika konteks memaksa.
388,أَرۡسَلۡنَا,41,Kami telah mengutus,14,Kami telah mengirim,1,Kami telah mengutus,Kami mengutus | Kami utus,outside_policy | long_gloss | entity_or_pronoun_shift,79.24,19:83:4,[We] have sent,Kekalkan sense dominan Quranic sebagai gloss lalai. Alternate hanya jika konteks memaksa.
389,أَرۡسَلۡنَا,41,Kami telah mengutus,14,Kami telah mengirimkan,1,Kami telah mengutus,Kami mengutus | Kami utus,outside_policy | long_gloss | entity_or_pronoun_shift,79.24,54:19:2,[We] sent,Kekalkan sense dominan Quranic sebagai gloss lalai. Alternate hanya jika konteks memaksa.
390,أَرۡسَلۡنَا,41,Kami telah mengutus,14,telah Kami turunkan,1,Kami telah mengutus,Kami mengutus | Kami utus,outside_policy | long_gloss | entity_or_pronoun_shift,79.24,43:6:2,We sent,Kekalkan sense dominan Quranic sebagai gloss lalai. Alternate hanya jika konteks memaksa.
391,أُوتُواْ,31,(mereka) diberi,27,diberi,1,(mereka) diberi,,outside_policy,79.13,2:101:14,were given,Kekalkan sense dominan Quranic sebagai gloss lalai. Alternate hanya jika konteks memaksa.
392,عَن,115,dari,100,atas,1,dari,,outside_policy,79.09,55:39:4,about,Kekalkan sense dominan Quranic sebagai gloss lalai. Alternate hanya jika konteks memaksa.
393,عَن,115,dari,100,dar,1,dari,,outside_policy,79.09,107:5:3,about,Kekalkan sense dominan Quranic sebagai gloss lalai. Alternate hanya jika konteks memaksa.
394,عَن,115,dari,100,saling,1,dari,,outside_policy,79.09,4:29:13,on,Kekalkan sense dominan Quranic sebagai gloss lalai. Alternate hanya jika konteks memaksa.
395,عَن,115,dari,100,tentang,1,dari,,outside_policy,79.09,15:51:2,about,Kekalkan sense dominan Quranic sebagai gloss lalai. Alternate hanya jika konteks memaksa.
396,ٱلظَّـٰلِمُونَ,23,orang-orang yang zalim,20,orang-orang zalim,1,orang-orang yang zalim,,outside_policy,79.09,6:93:26,the wrongdoers,Kekalkan gloss relatif yang stabil; jangan tambah rujukan entiti pada token ini.
397,ٱلۡأٓخِرَةِ,46,akhirat,40,akhitat,1,akhirat,,outside_policy,79.09,60:13:13,the Hereafter,Kekalkan sense dominan Quranic sebagai gloss lalai. Alternate hanya jika konteks memaksa.
398,ٱلۡأٓخِرَةِ,46,akhirat,40,terakhir,1,akhirat,,outside_policy,79.09,17:7:11,the last,Kekalkan sense dominan Quranic sebagai gloss lalai. Alternate hanya jika konteks memaksa.
399,ٱلۡأٓخِرَةِ,46,akhirat,40,yang akhir,1,akhirat,,outside_policy,79.09,38:7:6,the last,Kekalkan sense dominan Quranic sebagai gloss lalai. Alternate hanya jika konteks memaksa.
400,فِيهِ,98,di dalamnya,59,dalam hal itu,1,di dalamnya,padanya | tentang itu,outside_policy | long_gloss,79.06,46:26:6,in it,Defaultkan kepada lokasi `di dalamnya`; gunakan `padanya` atau `tentang itu` hanya dalam binaan yang jelas.
401,فِيهِ,98,di dalamnya,59,pada hari itu,1,di dalamnya,padanya | tentang itu,outside_policy | long_gloss,79.06,52:45:6,in it,Defaultkan kepada lokasi `di dalamnya`; gunakan `padanya` atau `tentang itu` hanya dalam binaan yang jelas.
402,فِيهِ,98,di dalamnya,59,padanya (Isa),1,di dalamnya,padanya | tentang itu,outside_policy | parenthetical,79.06,4:157:20,in it,Defaultkan kepada lokasi `di dalamnya`; gunakan `padanya` atau `tentang itu` hanya dalam binaan yang jelas.
403,فِيهِ,98,di dalamnya,59,padanya (sangkakala),1,di dalamnya,padanya | tentang itu,outside_policy | parenthetical,79.06,39:68:17,[in it],Defaultkan kepada lokasi `di dalamnya`; gunakan `padanya` atau `tentang itu` hanya dalam binaan yang jelas.
404,فِيهِ,98,di dalamnya,59,padanya(siang hari),1,di dalamnya,padanya | tentang itu,outside_policy | parenthetical,79.06,6:60:11,therein,Defaultkan kepada lokasi `di dalamnya`; gunakan `padanya` atau `tentang itu` hanya dalam binaan yang jelas.
405,فِيهِ,98,di dalamnya,59,padanya/hari itu,1,di dalamnya,padanya | tentang itu,outside_policy | slash_gloss,79.06,24:37:17,therein,Defaultkan kepada lokasi `di dalamnya`; gunakan `padanya` atau `tentang itu` hanya dalam binaan yang jelas.
406,فِيهِ,98,di dalamnya,59,padanya/tentang itu,1,di dalamnya,padanya | tentang itu,outside_policy | slash_gloss,79.06,24:14:13,concerning it,Defaultkan kepada lokasi `di dalamnya`; gunakan `padanya` atau `tentang itu` hanya dalam binaan yang jelas.
407,وَلَهُمۡ,38,dan bagi mereka,33,dan bagi,1,dan bagi mereka,,outside_policy,79.05,23:63:7,and for them,Kekalkan sense dominan Quranic sebagai gloss lalai. Alternate hanya jika konteks memaksa.
408,أَحَدٗا,15,seseorang,9,satu/seorang,1,seseorang,,outside_policy | slash_gloss,79.00,18:22:33,(from) anyone,Kekalkan gloss relatif yang stabil; jangan tambah rujukan entiti pada token ini.
409,أَعۡمَٰلَهُمۡ,15,amal perbuatan mereka,5,amal pekerjaan mereka,1,amal perbuatan mereka,,outside_policy | long_gloss | entity_or_pronoun_shift,79.00,46:19:6,(for) their deeds,Kekalkan sense dominan Quranic sebagai gloss lalai. Alternate hanya jika konteks memaksa.
410,يُظۡلَمُونَ,15,mereka dianiaya,9,dianiaya/dirugikan,1,mereka dianiaya,,outside_policy | slash_gloss,79.00,16:111:15,be wronged,Kekalkan sense dominan Quranic sebagai gloss lalai. Alternate hanya jika konteks memaksa.
411,ٱلۡأٓخِرِ,15,akhirat,13,akhir,1,akhirat,,outside_policy,79.00,58:22:7,the Last,Kekalkan sense dominan Quranic sebagai gloss lalai. Alternate hanya jika konteks memaksa.
412,بِٱللَّهِ,131,kepada Allah,78,Allah,1,kepada Allah,dengan Allah,outside_policy | entity_or_pronoun_shift,78.86,33:48:11,And sufficient is Allah,Kekalkan sense dominan Quranic sebagai gloss lalai. Alternate hanya jika konteks memaksa.
413,بِٱللَّهِ,131,kepada Allah,78,bagi Allah,1,kepada Allah,dengan Allah,outside_policy | entity_or_pronoun_shift,78.86,33:39:12,And sufficient is Allah,Kekalkan sense dominan Quranic sebagai gloss lalai. Alternate hanya jika konteks memaksa.
414,تَتَّقُونَ,19,kamu bertakwa,17,kamu bertakwa/memelihara diri,1,kamu bertakwa,,outside_policy | slash_gloss | long_gloss | entity_or_pronoun_shift | annotative_expansion,78.84,73:17:2,will you guard yourselves,Kekalkan sense dominan Quranic sebagai gloss lalai. Alternate hanya jika konteks memaksa.
415,مَا,707,apa,419,mereka tidak,1,apa,apa yang | tidak | tidak ada,outside_policy | entity_or_pronoun_shift,78.78,22:74:1,Not,Defaultkan kepada `apa`. Tukar hanya bila sintaks jelas menunjukkan partikel nafi atau kata hubung relatif.
416,مَا,707,apa,419,tidak/belum pernah,1,apa,apa yang | tidak | tidak ada,outside_policy | slash_gloss,78.78,7:80:7,not,Defaultkan kepada `apa`. Tukar hanya bila sintaks jelas menunjukkan partikel nafi atau kata hubung relatif.
417,فَإِذَا,76,maka apabila,45,maka ketika itu,1,maka apabila,,outside_policy | long_gloss,78.76,6:44:18,and then,Kekalkan sense dominan Quranic sebagai gloss lalai. Alternate hanya jika konteks memaksa.
418,إِنَّمَآ,28,sesungguhnya hanyalah,24,sesungguhnya adalah,1,sesungguhnya hanyalah,,outside_policy,78.71,72:20:2,Only,Kekalkan sense dominan Quranic sebagai gloss lalai. Alternate hanya jika konteks memaksa.
419,خَٰلِدِينَ,42,mereka kekal,36,kekal,1,mereka kekal,,outside_policy,78.71,57:12:17,abiding forever,Kekalkan sense dominan Quranic sebagai gloss lalai. Alternate hanya jika konteks memaksa.
420,خَٰلِدِينَ,42,mereka kekal,36,yang kekal,1,mereka kekal,,outside_policy,78.71,6:128:26,will abide forever,Kekalkan sense dominan Quranic sebagai gloss lalai. Alternate hanya jika konteks memaksa.
421,يُحِبُّ,39,Dia menyukai,23,mencintai/menyukai,1,Dia menyukai,,outside_policy | slash_gloss,78.69,57:23:12,love,Kekalkan sense dominan Quranic sebagai gloss lalai. Alternate hanya jika konteks memaksa.
422,وَٱتَّقُواْ,38,dan bertakwalah,28,dan takutlah kamu,2,dan bertakwalah,,outside_policy | long_gloss | entity_or_pronoun_shift,78.61,2:123:1 | 8:25:1,And fear | And fear,Kekalkan sense dominan Quranic sebagai gloss lalai. Alternate hanya jika konteks memaksa.
423,أَنفُسَهُمۡ,29,diri mereka,17,mereka sendiri,1,diri mereka,,outside_policy | entity_or_pronoun_shift,78.59,7:192:6,themselves,Kekalkan sense dominan Quranic sebagai gloss lalai. Alternate hanya jika konteks memaksa.
424,ٱلَّذِي,216,yang,184,Yang,1,yang,,outside_policy,78.56,25:59:1,The One Who,Gunakan gloss dominan Quranic sebagai default. Override hanya bila struktur sintaks jelas memaksa makna lain.
425,ٱلَّذِي,216,yang,184,aku menyembah,1,yang,,outside_policy,78.56,36:22:4,I worship,Gunakan gloss dominan Quranic sebagai default. Override hanya bila struktur sintaks jelas memaksa makna lain.
426,بِغَيۡرِ,41,dengan tidak/tanpa,13,dengan tidak (tanpa),1,dengan tidak/tanpa,,outside_policy | parenthetical | long_gloss,78.51,30:29:6,without,Kekalkan sense dominan Quranic sebagai gloss lalai. Alternate hanya jika konteks memaksa.
427,عَلَيۡهِمۡ,120,atas mereka,102,atasnya,1,atas mereka,,outside_policy,78.50,83:33:3,over them,Kekalkan sense dominan Quranic sebagai gloss lalai. Alternate hanya jika konteks memaksa.
428,وَلَآ,53,dan tidak,45,dan benar-benar,1,dan tidak,,outside_policy,78.47,75:2:1,And nay,Kekalkan sense dominan Quranic sebagai gloss lalai. Alternate hanya jika konteks memaksa.
429,فَأُوْلَـٰٓئِكَ,46,maka mereka itu,39,maka itulah,1,maka mereka itu,,outside_policy,78.43,3:82:5,then those,Kekalkan sense dominan Quranic sebagai gloss lalai. Alternate hanya jika konteks memaksa.
430,وَهُم,23,dan mereka,20,dan/sedang mereka,3,dan mereka,,outside_policy | slash_gloss | entity_or_pronoun_shift,78.42,6:150:25 | 12:37:23 | 21:36:13,while they | and they | And they,Kekalkan sense dominan Quranic sebagai gloss lalai. Alternate hanya jika konteks memaksa.
431,تَدۡعُونَ,16,kamu seru,5,kamu menyeru mereka,1,kamu seru,,outside_policy | long_gloss | entity_or_pronoun_shift,78.38,7:194:3,you call,Kekalkan sense dominan Quranic sebagai gloss lalai. Alternate hanya jika konteks memaksa.
432,وَكُنَّا,16,dan kami adalah,5,dan Kami adalah,1,dan kami adalah,,outside_policy | long_gloss | entity_or_pronoun_shift,78.38,28:58:15,"And indeed, [We]",Kekalkan sense dominan Quranic sebagai gloss lalai. Alternate hanya jika konteks memaksa.
433,وَكُنَّا,16,dan kami adalah,5,dan adalah kami,1,dan kami adalah,,outside_policy | long_gloss | entity_or_pronoun_shift,78.38,21:78:12,and We were,Kekalkan sense dominan Quranic sebagai gloss lalai. Alternate hanya jika konteks memaksa.
434,عَلَىٰ,347,atas,293,dengan,1,atas,,outside_policy,78.33,44:32:3,by,Gunakan gloss dominan Quranic sebagai default. Override hanya bila struktur sintaks jelas memaksa makna lain.
435,عَلَىٰ,347,atas,293,kepada,1,atas,,outside_policy,78.33,40:15:9,upon,Gunakan gloss dominan Quranic sebagai default. Override hanya bila struktur sintaks jelas memaksa makna lain.
436,عَلَىٰ,347,atas,293,untuk,1,atas,,outside_policy,78.33,69:34:3,on,Gunakan gloss dominan Quranic sebagai default. Override hanya bila struktur sintaks jelas memaksa makna lain.
437,ءَالَآءِ,32,ni'mat,27,atas,1,ni'mat,,outside_policy,78.31,53:55:2,the Favors,Kekalkan sense dominan Quranic sebagai gloss lalai. Alternate hanya jika konteks memaksa.
438,أَنَّهُمۡ,33,bahawasanya mereka,19,bahawa mereka,1,bahawasanya mereka,,outside_policy | entity_or_pronoun_shift,78.27,6:94:19,that they (were),Kekalkan sense dominan Quranic sebagai gloss lalai. Alternate hanya jika konteks memaksa.
439,أَنَّهُمۡ,33,bahawasanya mereka,19,mereka sungguh-sungguh,1,bahawasanya mereka,,outside_policy | entity_or_pronoun_shift,78.27,9:59:2,[that] they,Kekalkan sense dominan Quranic sebagai gloss lalai. Alternate hanya jika konteks memaksa.
440,وَفِي,26,dan pada,8,dan di dalam/untuk,1,dan pada,,outside_policy | slash_gloss | long_gloss,78.23,9:60:9,and in,Kekalkan sense dominan Quranic sebagai gloss lalai. Alternate hanya jika konteks memaksa.
441,لَنَا,54,bagi kami,31,bagi Kami,1,bagi kami,untuk kami,outside_policy | entity_or_pronoun_shift,78.22,36:78:2,for Us,Kekalkan sense dominan Quranic sebagai gloss lalai. Alternate hanya jika konteks memaksa.
442,لَنَا,54,bagi kami,31,milik Kamilah,1,bagi kami,untuk kami,outside_policy | entity_or_pronoun_shift,78.22,92:13:2,for Us,Kekalkan sense dominan Quranic sebagai gloss lalai. Alternate hanya jika konteks memaksa.
443,لَنَا,54,bagi kami,31,pada kami,1,bagi kami,untuk kami,outside_policy | entity_or_pronoun_shift,78.22,38:61:5,upon us,Kekalkan sense dominan Quranic sebagai gloss lalai. Alternate hanya jika konteks memaksa.
444,بِٱللَّهِ,131,kepada Allah,78,dengan (nama) Allah,3,kepada Allah,dengan Allah,outside_policy | parenthetical | long_gloss | entity_or_pronoun_shift,78.20,5:106:33 | 5:107:16 | 9:62:2,by Allah | by Allah | by Allah,Kekalkan sense dominan Quranic sebagai gloss lalai. Alternate hanya jika konteks memaksa.
445,بِهِمۡ,21,dengan mereka,12,mereka,1,dengan mereka,,outside_policy | entity_or_pronoun_shift,78.14,59:9:23,with them,Kekalkan sense dominan Quranic sebagai gloss lalai. Alternate hanya jika konteks memaksa.
446,بِهِمۡ,21,dengan mereka,12,terhadap mereka,1,dengan mereka,,outside_policy | entity_or_pronoun_shift,78.14,4:39:14,about them,Kekalkan sense dominan Quranic sebagai gloss lalai. Alternate hanya jika konteks memaksa.
447,قَالُوٓاْ,75,mereka berkata,54,(mereka) berkata,2,mereka berkata,,outside_policy | parenthetical | entity_or_pronoun_shift,78.10,5:17:4 | 5:41:11,said | said,Kekalkan sense dominan Quranic sebagai gloss lalai. Alternate hanya jika konteks memaksa.
448,أَعۡلَمُ,55,lebih mengetahui,46,Aku mengetahui,1,lebih mengetahui,,outside_policy,78.09,2:33:13,[I] know,Kekalkan sense dominan Quranic sebagai gloss lalai. Alternate hanya jika konteks memaksa.
449,أَعۡلَمُ,55,lebih mengetahui,46,mengetahui,1,lebih mengetahui,,outside_policy,78.09,60:10:10,(is) most knowing,Kekalkan sense dominan Quranic sebagai gloss lalai. Alternate hanya jika konteks memaksa.
450,أَعۡلَمُ,55,lebih mengetahui,46,saya mengetahui,1,lebih mengetahui,,outside_policy,78.09,2:259:61,I know,Kekalkan sense dominan Quranic sebagai gloss lalai. Alternate hanya jika konteks memaksa.
451,وَلَهُمۡ,38,dan bagi mereka,33,dan bagi mereka (memperoleh),1,dan bagi mereka,,outside_policy | parenthetical | long_gloss | entity_or_pronoun_shift | annotative_expansion,78.05,36:73:1,And for them,Kekalkan sense dominan Quranic sebagai gloss lalai. Alternate hanya jika konteks memaksa.
452,وَمَن,183,dan barang siapa,104,dan apa/siapa,1,dan barang siapa,dan barangsiapa | dan orang | dan siapa,outside_policy | slash_gloss,78.05,17:44:6,and whatever,Defaultkan kepada bentuk syarat yang stabil bila konteks memberi maksud umum.
453,وَمَن,183,dan barang siapa,104,dan orang-orang yang,1,dan barang siapa,dan barangsiapa | dan orang | dan siapa,outside_policy | long_gloss,78.05,67:28:6,and whoever,Defaultkan kepada bentuk syarat yang stabil bila konteks memberi maksud umum.
454,وَمَن,183,dan barang siapa,104,dan siapa/apa-apa,1,dan barang siapa,dan barangsiapa | dan orang | dan siapa,outside_policy | slash_gloss,78.05,39:68:8,and whoever,Defaultkan kepada bentuk syarat yang stabil bila konteks memberi maksud umum.
455,كَانُواْ,209,adalah mereka,150,yang mereka adalah,2,adalah mereka,,outside_policy | long_gloss | entity_or_pronoun_shift,78.03,26:207:5 | 28:75:16,enjoyment they were given | they used (to),Gunakan gloss dominan Quranic sebagai default. Override hanya bila struktur sintaks jelas memaksa makna lain.
456,إِن,253,jika,211,sungguh,1,jika,,outside_policy,78.02,28:10:6,That,Gunakan gloss dominan Quranic sebagai default. Override hanya bila struktur sintaks jelas memaksa makna lain.
457,إِن,253,jika,211,tidak ada,1,jika,,outside_policy,78.02,40:56:10,not,Gunakan gloss dominan Quranic sebagai default. Override hanya bila struktur sintaks jelas memaksa makna lain.
458,تَجۡرِي,48,mengalir,40,berjalan,1,mengalir,,outside_policy,78.00,36:38:2,runs,Kekalkan sense dominan Quranic sebagai gloss lalai. Alternate hanya jika konteks memaksa.
459,خَيۡرٗا,30,lebih baik,17,kebaikan/kebajikan,1,lebih baik,,outside_policy | slash_gloss,78.00,2:184:22,good,Kekalkan sense dominan Quranic sebagai gloss lalai. Alternate hanya jika konteks memaksa.
460,فِيهَاۚ,18,di dalamnya,15,di alamnya,1,di dalamnya,,outside_policy,78.00,29:58:14,in it,Kekalkan sense dominan Quranic sebagai gloss lalai. Alternate hanya jika konteks memaksa.
461,وَقَالَ,81,dan berkata,58,dan (Ibrahim) berkata,2,dan berkata,,outside_policy | parenthetical | long_gloss,77.98,29:25:1 | 37:99:1,And he said | And he said,Kekalkan sense dominan Quranic sebagai gloss lalai. Alternate hanya jika konteks memaksa.
462,وَقَالَ,81,dan berkata,58,dan (syaitan) berkata,2,dan berkata,,outside_policy | parenthetical | long_gloss,77.98,4:118:3 | 7:20:11,and he said | And he said,Kekalkan sense dominan Quranic sebagai gloss lalai. Alternate hanya jika konteks memaksa.
463,ءَاتَيۡنَا,17,Kami telah memberikan,5,Kami datangkan/berikan,1,Kami telah memberikan,,outside_policy | slash_gloss | entity_or_pronoun_shift,77.82,11:110:2,We gave,Kekalkan sense dominan Quranic sebagai gloss lalai. Alternate hanya jika konteks memaksa.
464,ءَاتَيۡنَا,17,Kami telah memberikan,5,Kami telah datangkan,1,Kami telah memberikan,,outside_policy | long_gloss | entity_or_pronoun_shift,77.82,2:87:2,We gave,Kekalkan sense dominan Quranic sebagai gloss lalai. Alternate hanya jika konteks memaksa.
465,ءَاتَيۡنَا,17,Kami telah memberikan,5,Kami telah memberi,1,Kami telah memberikan,,outside_policy | long_gloss | entity_or_pronoun_shift,77.82,27:15:2,We gave,Kekalkan sense dominan Quranic sebagai gloss lalai. Alternate hanya jika konteks memaksa.
466,تَذَكَّرُونَ,17,kamu mengambil pelajaran,5,kamu ingat mengambil pelajaran,1,kamu mengambil pelajaran,,outside_policy | long_gloss | entity_or_pronoun_shift,77.82,69:42:6,you take heed,Kekalkan sense dominan Quranic sebagai gloss lalai. Alternate hanya jika konteks memaksa.
467,تَذَكَّرُونَ,17,kamu mengambil pelajaran,5,kamu ingat/memahami,1,kamu mengambil pelajaran,,outside_policy | slash_gloss | entity_or_pronoun_shift,77.82,16:90:16,take heed,Kekalkan sense dominan Quranic sebagai gloss lalai. Alternate hanya jika konteks memaksa.
468,تَذَكَّرُونَ,17,kamu mengambil pelajaran,5,kamu ingat/memikirkan,1,kamu mengambil pelajaran,,outside_policy | slash_gloss | entity_or_pronoun_shift,77.82,37:155:2,you pay heed,Kekalkan sense dominan Quranic sebagai gloss lalai. Alternate hanya jika konteks memaksa.
469,تَذَكَّرُونَ,17,kamu mengambil pelajaran,5,kamu ingat/memperhatikan,1,kamu mengambil pelajaran,,outside_policy | slash_gloss | entity_or_pronoun_shift,77.82,24:1:9,take heed,Kekalkan sense dominan Quranic sebagai gloss lalai. Alternate hanya jika konteks memaksa.
470,مُّبِينٖ,25,yang nyata,14,nyata/terang,1,yang nyata,,outside_policy | slash_gloss,77.80,27:21:9,clear,Kekalkan sense dominan Quranic sebagai gloss lalai. Alternate hanya jika konteks memaksa.
471,جَعَلَ,43,menjadikan,24,Dia telah janjikan,1,menjadikan,,outside_policy | long_gloss,77.74,20:53:2,made,Kekalkan sense dominan Quranic sebagai gloss lalai. Alternate hanya jika konteks memaksa.
472,جَعَلَ,43,menjadikan,24,ia jadikan/masukkan,1,menjadikan,,outside_policy | slash_gloss,77.74,12:70:4,he put,Kekalkan sense dominan Quranic sebagai gloss lalai. Alternate hanya jika konteks memaksa.
473,لِلنَّاسِ,36,bagi manusia,20,bagi/kepada manusia,1,bagi manusia,,outside_policy | slash_gloss,77.67,21:1:2,for [the] mankind,Kekalkan sense dominan Quranic sebagai gloss lalai. Alternate hanya jika konteks memaksa.
474,لِلنَّاسِ,36,bagi manusia,20,bagi/untuk manusia,1,bagi manusia,,outside_policy | slash_gloss,77.67,3:110:5,for the mankind ,Kekalkan sense dominan Quranic sebagai gloss lalai. Alternate hanya jika konteks memaksa.
475,ٱلۡغَيۡبِ,18,yang gaib,10,yang ghaib/tersembunyi,1,yang gaib,,outside_policy | slash_gloss,77.67,59:22:9,(of) the unseen,Kekalkan sense dominan Quranic sebagai gloss lalai. Alternate hanya jika konteks memaksa.
476,بِهِۦ,220,dengannya,122,dengan/kepada-Nya,1,dengannya,dengan-Nya | kepadanya | padanya,outside_policy | slash_gloss,77.64,4:175:6,to Him,Defaultkan kepada `dengannya`; jangan serap keseluruhan klausa ke dalam token ini.
477,بِهِۦ,220,dengannya,122,dengan/pada-Nya,1,dengannya,dengan-Nya | kepadanya | padanya,outside_policy | slash_gloss,77.64,4:1:22,[with it],Defaultkan kepada `dengannya`; jangan serap keseluruhan klausa ke dalam token ini.
478,بِهِۦ,220,dengannya,122,dengan/tentang itu,1,dengannya,dengan-Nya | kepadanya | padanya,outside_policy | slash_gloss,77.64,17:86:11,concerning it,Defaultkan kepada `dengannya`; jangan serap keseluruhan klausa ke dalam token ini.
479,فَإِنَّمَا,28,maka sesungguhnya hanyalah,23,maka sesungguhnyalah,1,maka sesungguhnya hanyalah,,outside_policy,77.64,4:111:4,then only,Kekalkan sense dominan Quranic sebagai gloss lalai. Alternate hanya jika konteks memaksa.
480,كُلِّ,123,segala,68,semua/setiap,1,segala,setiap | tiap-tiap,outside_policy | slash_gloss,77.59,13:3:10,all,Kekalkan sense dominan Quranic sebagai gloss lalai. Alternate hanya jika konteks memaksa.
481,كُلِّ,123,segala,68,setiap/tiap-tiap,1,segala,setiap | tiap-tiap,outside_policy | slash_gloss,77.59,16:84:4,every,Kekalkan sense dominan Quranic sebagai gloss lalai. Alternate hanya jika konteks memaksa.
482,كُلِّ,123,segala,68,tiap-tiap (mengendarai),1,segala,setiap | tiap-tiap,outside_policy | parenthetical,77.59,22:27:8,every,Kekalkan sense dominan Quranic sebagai gloss lalai. Alternate hanya jika konteks memaksa.
483,كُلِّ,123,segala,68,tiap-tiap/macam-macam,1,segala,setiap | tiap-tiap,outside_policy | slash_gloss,77.59,22:5:67,every,Kekalkan sense dominan Quranic sebagai gloss lalai. Alternate hanya jika konteks memaksa.
484,كُلِّ,123,segala,68,tiap-tiap/semua,1,segala,setiap | tiap-tiap,outside_policy | slash_gloss,77.59,13:23:14,every,Kekalkan sense dominan Quranic sebagai gloss lalai. Alternate hanya jika konteks memaksa.
485,وَمَنۡ,46,dan barang siapa,13,dan orang/malaikat,1,dan barang siapa,dan barangsiapa | dan orang | dan orang-orang | dan siapa | dan siapakah,outside_policy | slash_gloss | entity_or_pronoun_shift,77.48,40:7:4,and who,Kekalkan gloss relatif yang stabil; jangan tambah rujukan entiti pada token ini.
486,لِمَن,31,bagi siapa,17,bagi/kepada orang,1,bagi siapa,,outside_policy | slash_gloss,77.45,79:36:3,to (him) who,Kekalkan gloss relatif yang stabil; jangan tambah rujukan entiti pada token ini.
487,لِمَن,31,bagi siapa,17,bagi/terhadap orang,1,bagi siapa,,outside_policy | slash_gloss,77.45,2:154:3,for (the ones) who,Kekalkan gloss relatif yang stabil; jangan tambah rujukan entiti pada token ini.
488,بِمَا,253,dengan apa,71,dengan /terhadap apa,1,dengan apa,dengan sebab | dengan/terhadap apa | disebabkan | terhadap apa,outside_policy | slash_gloss | long_gloss,77.42,8:39:14,of what,Pilih makna instrumental `dengan apa` sebagai default; sebab/kausal hanya bila konteks jelas.
489,قَالُواْ,171,mereka berkata,139,dan berkata,1,mereka berkata,,outside_policy,77.39,57:14:5,They will say,Kekalkan sense dominan Quranic sebagai gloss lalai. Alternate hanya jika konteks memaksa.
490,قَالُواْ,171,mereka berkata,139,mengatakan,1,mereka berkata,,outside_policy,77.39,46:13:3,say,Kekalkan sense dominan Quranic sebagai gloss lalai. Alternate hanya jika konteks memaksa.
491,لَكَ,55,bagimu,30,sebab kamu,1,bagimu,kepadamu,outside_policy | entity_or_pronoun_shift,77.36,15:32:4,(is) for you,Kekalkan sense dominan Quranic sebagai gloss lalai. Alternate hanya jika konteks memaksa.
492,لَكَ,55,bagimu,30,sebabnya kamu,1,bagimu,kepadamu,outside_policy | entity_or_pronoun_shift,77.36,12:11:4,(do) you,Kekalkan sense dominan Quranic sebagai gloss lalai. Alternate hanya jika konteks memaksa.
493,لَكَ,55,bagimu,30,untuk kamu,1,bagimu,kepadamu,outside_policy | entity_or_pronoun_shift,77.36,19:47:5,for you,Kekalkan sense dominan Quranic sebagai gloss lalai. Alternate hanya jika konteks memaksa.
494,وَلَا,604,dan tidak,329,dan Dia tidak,1,dan tidak,dan jangan | dan janganlah | dan tidak ada,outside_policy | long_gloss,77.34,20:52:10,and not,Gunakan bentuk larangan hanya apabila fi'il selepasnya jelas larangan.
495,وَلَا,604,dan tidak,329,dan janganlah sekali-kali,1,dan tidak,dan jangan | dan janganlah | dan tidak ada,outside_policy | long_gloss,77.34,71:23:5,and (do) not,Gunakan bentuk larangan hanya apabila fi'il selepasnya jelas larangan.
496,وَلَا,604,dan tidak,329,dan mereka,1,dan tidak,dan jangan | dan janganlah | dan tidak ada,outside_policy | entity_or_pronoun_shift,77.34,25:33:1,And not,Gunakan bentuk larangan hanya apabila fi'il selepasnya jelas larangan.
497,يَرَوۡاْ,24,mereka memperhatikan,13,kamu perhatikan,1,mereka memperhatikan,,outside_policy | entity_or_pronoun_shift,77.25,6:6:2,they see,Kekalkan sense dominan Quranic sebagai gloss lalai. Alternate hanya jika konteks memaksa.
498,يَرَوۡاْ,24,mereka memperhatikan,13,mereka mengetahui,1,mereka memperhatikan,,outside_policy | entity_or_pronoun_shift,77.25,7:148:13,they see,Kekalkan sense dominan Quranic sebagai gloss lalai. Alternate hanya jika konteks memaksa.
499,يَرَوۡاْ,24,mereka memperhatikan,13,mereka perhatikan,1,mereka memperhatikan,,outside_policy | entity_or_pronoun_shift,77.25,29:67:2,they see,Kekalkan sense dominan Quranic sebagai gloss lalai. Alternate hanya jika konteks memaksa.
500,وَمَآ,131,dan tidak,36,dan Kami tidak,1,dan apa,dan apa yang | dan tidak | dan tidaklah,outside_policy | long_gloss | entity_or_pronoun_shift,77.24,26:208:1,And not,Defaultkan kepada token-faithful gloss; jangan serap makna frasa jiran.
501,وَمَآ,131,dan tidak,36,dan apa (saja),1,dan apa,dan apa yang | dan tidak | dan tidaklah,outside_policy | parenthetical | long_gloss,77.24,28:60:1,And whatever,Defaultkan kepada token-faithful gloss; jangan serap makna frasa jiran.
502,رَبَّنَآ,26,ya Tuhan kami,21,Tuhanku,1,ya Tuhan kami,,outside_policy,77.23,33:67:2,Our Lord,Kekalkan sense dominan Quranic sebagai gloss lalai. Alternate hanya jika konteks memaksa.
503,رَبَّنَآ,26,ya Tuhan kami,21,ya Tuhan,1,ya Tuhan kami,,outside_policy,77.23,5:83:17,Our Lord,Kekalkan sense dominan Quranic sebagai gloss lalai. Alternate hanya jika konteks memaksa.
504,يَوۡمَئِذٖ,47,pada hari itu,45,pada hari ini,2,pada hari itu,,outside_policy | long_gloss,77.22,69:17:8 | 77:37:2,that Day | that Day,Kekalkan sense dominan Quranic sebagai gloss lalai. Alternate hanya jika konteks memaksa.
505,لِلَّذِينَ,50,bagi orang-orang yang,27,kepada orang yang,1,bagi orang-orang yang,,outside_policy | long_gloss,77.20,36:47:11,to those who,Kekalkan gloss relatif yang stabil; jangan tambah rujukan entiti pada token ini.
506,هُوَ,239,Dia,129,ia (Al-Qur'an),1,Dia,Dialah | dia | ia,outside_policy | parenthetical,77.19,29:49:2,it,Pilih `Dia` bila rujukan kepada Allah jelas; selain itu `dia/ia` mengikut antecedent.
507,هُوَ,239,Dia,129,ia (haid),1,Dia,Dialah | dia | ia,outside_policy | parenthetical,77.19,2:222:5,It,Pilih `Dia` bila rujukan kepada Allah jelas; selain itu `dia/ia` mengikut antecedent.
508,هُوَ,239,Dia,129,ia (kekikiran),1,Dia,Dialah | dia | ia,outside_policy | parenthetical,77.19,3:180:10,(that) it,Pilih `Dia` bila rujukan kepada Allah jelas; selain itu `dia/ia` mengikut antecedent.
509,هُوَ,239,Dia,129,ia (makanan),1,Dia,Dialah | dia | ia,outside_policy | parenthetical,77.19,3:37:24,This,Pilih `Dia` bila rujukan kepada Allah jelas; selain itu `dia/ia` mengikut antecedent.
510,هُوَ,239,Dia,129,ia(kekikiran),1,Dia,Dialah | dia | ia,outside_policy | parenthetical,77.19,3:180:14,it,Pilih `Dia` bila rujukan kepada Allah jelas; selain itu `dia/ia` mengikut antecedent.
511,هُوَ,239,Dia,129,ia/Al Qur'an,1,Dia,Dialah | dia | ia,outside_policy | slash_gloss,77.19,41:44:12,It (is),Pilih `Dia` bila rujukan kepada Allah jelas; selain itu `dia/ia` mengikut antecedent.
512,هُوَ,239,Dia,129,ia/adalah,1,Dia,Dialah | dia | ia,outside_policy | slash_gloss,77.19,15:50:3,it,Pilih `Dia` bila rujukan kepada Allah jelas; selain itu `dia/ia` mengikut antecedent.
513,هُوَ,239,Dia,129,itu(azab),1,Dia,Dialah | dia | ia,outside_policy | parenthetical,77.19,46:24:11,it,Pilih `Dia` bila rujukan kepada Allah jelas; selain itu `dia/ia` mengikut antecedent.
514,ٱلۡأَرۡضِ,180,bumi,145,Bumi,1,bumi,,outside_policy,77.17,45:36:6,(of) the earth,Kekalkan sense dominan Quranic sebagai gloss lalai. Alternate hanya jika konteks memaksa.
515,عَٰقِبَةُ,26,akibat/kesudahan,14,kesudahan (hasil),1,akibat/kesudahan,,outside_policy | parenthetical,77.15,6:135:13,(in) the end,Kekalkan sense dominan Quranic sebagai gloss lalai. Alternate hanya jika konteks memaksa.
516,رَبِّ,80,ya Tuhanku,43,Tuhan/memelihara/mempunyai,1,ya Tuhanku,Tuhan | Tuhanku,outside_policy | slash_gloss,77.12,21:22:10,Lord,Kekalkan sense dominan Quranic sebagai gloss lalai. Alternate hanya jika konteks memaksa.
517,فَمَا,69,maka tidak,37,maka (tetapi),1,maka tidak,,outside_policy | parenthetical,77.09,23:76:4,but not,Kekalkan sense dominan Quranic sebagai gloss lalai. Alternate hanya jika konteks memaksa.
518,فَمَا,69,maka tidak,37,maka apa yang,1,maka tidak,,outside_policy | long_gloss,77.09,6:136:15,But what,Kekalkan sense dominan Quranic sebagai gloss lalai. Alternate hanya jika konteks memaksa.
519,فَمَا,69,maka tidak,37,maka/tetapi tidak,1,maka tidak,,outside_policy | slash_gloss,77.09,17:60:21,but not,Kekalkan sense dominan Quranic sebagai gloss lalai. Alternate hanya jika konteks memaksa.
520,يَعۡلَمُونَ,80,mereka mengetahui,66,(mereka) mengetahui,3,mereka mengetahui,,outside_policy | parenthetical | entity_or_pronoun_shift,77.08,3:75:36 | 3:78:29 | 3:135:23,know | know | know,Kekalkan sense dominan Quranic sebagai gloss lalai. Alternate hanya jika konteks memaksa.
521,يَعۡلَمُونَ,80,mereka mengetahui,66,mereka akan mengetahui,3,mereka mengetahui,,outside_policy | long_gloss | entity_or_pronoun_shift,77.08,25:42:11 | 37:170:4 | 43:89:6,will know | they will know | they will know,Kekalkan sense dominan Quranic sebagai gloss lalai. Alternate hanya jika konteks memaksa.
522,عَلَىٰٓ,81,atas,65,kepada,1,atas,,outside_policy,77.07,12:5:6,to,Kekalkan sense dominan Quranic sebagai gloss lalai. Alternate hanya jika konteks memaksa.
523,ذَٰلِكُمۡ,25,demikian itu,20,demikianlah,1,demikian itu,,outside_policy,77.00,8:18:1,That (is the case),Kekalkan sense dominan Quranic sebagai gloss lalai. Alternate hanya jika konteks memaksa.
524,ذَٰلِكُمۡ,25,demikian itu,20,yang demikian,1,demikian itu,,outside_policy,77.00,6:99:41,that,Kekalkan sense dominan Quranic sebagai gloss lalai. Alternate hanya jika konteks memaksa.
525,رَبَّنَا,40,ya Tuhan kami,38,Tuhan kami,2,ya Tuhan kami,,outside_policy | entity_or_pronoun_shift,77.00,7:89:34 | 35:34:9,Our Lord | our Lord,Kekalkan sense dominan Quranic sebagai gloss lalai. Alternate hanya jika konteks memaksa.
526,فَمَآ,15,maka tidak,8,maka apa yang,1,maka tidak,,outside_policy | long_gloss,77.00,42:36:1,So whatever,Kekalkan sense dominan Quranic sebagai gloss lalai. Alternate hanya jika konteks memaksa.
527,هُوَۖ,15,Dia,12,ia,1,Dia,,outside_policy,77.00,10:53:3,Is it true,Kekalkan sense dominan Quranic sebagai gloss lalai. Alternate hanya jika konteks memaksa.
528,وَكَفَىٰ,20,dan cukuplah,16,cukuplah,1,dan cukuplah,,outside_policy,77.00,33:39:11,And sufficient is Allah,Kekalkan sense dominan Quranic sebagai gloss lalai. Alternate hanya jika konteks memaksa.
529,وَكَفَىٰ,20,dan cukuplah,16,dan cukup-lah,1,dan cukuplah,,outside_policy,77.00,25:58:9,And sufficient is,Kekalkan sense dominan Quranic sebagai gloss lalai. Alternate hanya jika konteks memaksa.
530,يَتَّقُونَ,15,mereka bertakwa,12,bertakwa,1,mereka bertakwa,,outside_policy,77.00,2:187:65,(become) righteous,Kekalkan sense dominan Quranic sebagai gloss lalai. Alternate hanya jika konteks memaksa.
531,يَتَّقُونَ,15,mereka bertakwa,12,takut,1,mereka bertakwa,,outside_policy,77.00,8:56:12,fear (Allah),Kekalkan sense dominan Quranic sebagai gloss lalai. Alternate hanya jika konteks memaksa.
532,يَشَآءُۚ,35,Dia kehendaki,28,dia kehendaki,1,Dia kehendaki,,outside_policy,77.00,12:56:9,he willed,Kekalkan sense dominan Quranic sebagai gloss lalai. Alternate hanya jika konteks memaksa.
533,يَشَآءُۚ,35,Dia kehendaki,28,sesuatu,1,Dia kehendaki,,outside_policy,77.00,59:6:20,He wills,Kekalkan sense dominan Quranic sebagai gloss lalai. Alternate hanya jika konteks memaksa.
534,يَشَآءُۚ,35,Dia kehendaki,28,yang dikehendaki-Nya,1,Dia kehendaki,,outside_policy,77.00,30:54:21,He wills,Kekalkan sense dominan Quranic sebagai gloss lalai. Alternate hanya jika konteks memaksa.
535,بِـَٔايَٰتِنَا,38,dengan ayat-ayat Kami,20,ayat-ayat kami,1,dengan ayat-ayat Kami,,outside_policy | entity_or_pronoun_shift,76.79,3:11:8,Our Signs,Kekalkan sense dominan Quranic sebagai gloss lalai. Alternate hanya jika konteks memaksa.
536,فِيمَا,19,tentang apa,10,di dalam apa,1,tentang apa,,outside_policy | long_gloss,76.79,2:113:28,in what,Kekalkan sense dominan Quranic sebagai gloss lalai. Alternate hanya jika konteks memaksa.
537,فِيمَا,19,tentang apa,10,terhadap apa/perkara,1,tentang apa,,outside_policy | slash_gloss,76.79,4:65:7,about what,Kekalkan sense dominan Quranic sebagai gloss lalai. Alternate hanya jika konteks memaksa.
538,قَالُواْ,171,mereka berkata,139,(mereka) mengatakan,3,mereka berkata,,outside_policy | parenthetical | entity_or_pronoun_shift,76.72,3:24:3 | 3:168:2 | 18:4:3,say | said | say,Kekalkan sense dominan Quranic sebagai gloss lalai. Alternate hanya jika konteks memaksa.
539,بِهِۦۖ,19,dengannya,15,kepadanya,1,dengannya,,outside_policy,76.68,72:2:5,in it,Kekalkan sense dominan Quranic sebagai gloss lalai. Alternate hanya jika konteks memaksa.
540,عَنۡهَا,19,daripadanya,15,darinya,1,daripadanya,,outside_policy,76.68,18:53:9,from it,Kekalkan sense dominan Quranic sebagai gloss lalai. Alternate hanya jika konteks memaksa.
541,إِنَّا,115,sesungguhnya kami,60,sesunguhnya kami,1,sesungguhnya kami,,outside_policy | entity_or_pronoun_shift,76.65,12:17:3,"Indeed, we",Kekalkan sense dominan Quranic sebagai gloss lalai. Alternate hanya jika konteks memaksa.
542,أَنزَلَ,47,menurunkan,37,diturunkan,1,menurunkan,,outside_policy,76.62,45:5:5,Allah sends down,Kekalkan sense dominan Quranic sebagai gloss lalai. Alternate hanya jika konteks memaksa.
543,أَنزَلَ,47,menurunkan,37,telah turunkan,1,menurunkan,,outside_policy,76.62,4:61:7,(has) revealed,Kekalkan sense dominan Quranic sebagai gloss lalai. Alternate hanya jika konteks memaksa.
544,وَإِنَّهُۥ,24,dan sesungguhnya ia,6,dan sesungguhnya (Al Qur'an),1,dan sesungguhnya ia,dan sesungguhnya dia | dan sesungguhnya ia (Al Qur'an),outside_policy | parenthetical | long_gloss,76.50,69:51:1,"And indeed, it (is)",Kekalkan sense dominan Quranic sebagai gloss lalai. Alternate hanya jika konteks memaksa.
545,وَإِنَّهُۥ,24,dan sesungguhnya ia,6,dan sesungguhnya (perbuatan) itu,1,dan sesungguhnya ia,dan sesungguhnya dia | dan sesungguhnya ia (Al Qur'an),outside_policy | parenthetical | long_gloss,76.50,6:121:9,"and indeed, it (is)",Kekalkan sense dominan Quranic sebagai gloss lalai. Alternate hanya jika konteks memaksa.
546,وَجَعَلۡنَا,36,dan Kami jadikan,24,dan telah Kami jadikan,2,dan Kami jadikan,,outside_policy | long_gloss | entity_or_pronoun_shift,76.50,21:31:1 | 21:31:8,And We (have) placed | and We made,Kekalkan sense dominan Quranic sebagai gloss lalai. Alternate hanya jika konteks memaksa.
547,بِكُلِّ,33,dengan segala,17,dengan semuanya/setiap,1,dengan segala,dengan/terhadap segala,outside_policy | slash_gloss,76.45,33:40:15,of every,Kekalkan sense dominan Quranic sebagai gloss lalai. Alternate hanya jika konteks memaksa.
548,بِكُلِّ,33,dengan segala,17,dengan/tentang segala,1,dengan segala,dengan/terhadap segala,outside_policy | slash_gloss,76.45,36:79:8,(is) of every,Kekalkan sense dominan Quranic sebagai gloss lalai. Alternate hanya jika konteks memaksa.
549,قَالُواْ,171,mereka berkata,139,mereka berkata (menjawab),1,mereka berkata,,outside_policy | parenthetical | long_gloss | entity_or_pronoun_shift | annotative_expansion,76.39,34:23:18,They will say,Kekalkan sense dominan Quranic sebagai gloss lalai. Alternate hanya jika konteks memaksa.
550,لَهُمۡ,204,bagi mereka,135,bagi/kepada mereka,2,bagi mereka,,outside_policy | slash_gloss | entity_or_pronoun_shift,76.35,4:137:17 | 4:168:9,[for] them | them,Gunakan gloss dominan Quranic sebagai default. Override hanya bila struktur sintaks jelas memaksa makna lain.
551,إِذۡ,152,ketika,118,jika,1,ketika,,outside_policy,76.29,33:9:8,when,Kekalkan sense dominan Quranic sebagai gloss lalai. Alternate hanya jika konteks memaksa.
552,إِذۡ,152,ketika,118,kerana,1,ketika,,outside_policy,76.29,4:72:13,[when],Kekalkan sense dominan Quranic sebagai gloss lalai. Alternate hanya jika konteks memaksa.
553,ٱلصَّـٰلِحَٰتِ,57,kebajikan/saleh,29,kebaikan/saleh,1,kebajikan/saleh,kebaikan | kebajikan | shaleh,outside_policy | slash_gloss,76.26,22:56:9,righteous deeds,Kekalkan sense dominan Quranic sebagai gloss lalai. Alternate hanya jika konteks memaksa.
554,ٱلصَّـٰلِحَٰتِ,57,kebajikan/saleh,29,shaleh/kebaikan,1,kebajikan/saleh,kebaikan | kebajikan | shaleh,outside_policy | slash_gloss,76.26,47:2:4,righteous deeds,Kekalkan sense dominan Quranic sebagai gloss lalai. Alternate hanya jika konteks memaksa.
555,بَنِيٓ,31,Bani,24,anak,1,Bani,,outside_policy,76.23,17:70:3,(the) children of Adam,Kekalkan sense dominan Quranic sebagai gloss lalai. Alternate hanya jika konteks memaksa.
556,بَنِيٓ,31,Bani,24,anak-anak,1,Bani,,outside_policy,76.23,7:172:5,(the) Children,Kekalkan sense dominan Quranic sebagai gloss lalai. Alternate hanya jika konteks memaksa.
557,بَنِيٓ,31,Bani,24,orang-orang,1,Bani,,outside_policy,76.23,7:105:17,(the) Children,Kekalkan sense dominan Quranic sebagai gloss lalai. Alternate hanya jika konteks memaksa.
558,لَا,616,tidak,476,jangan sekali-kali,1,tidak,jangan | janganlah | tidak ada,outside_policy,76.18,71:23:2,(Do) not,Bezakan nafi dan larangan dari binaan fi'il; `tidak` kekal default.
559,ٱتَّخَذُواْ,17,mereka mengambil,4,(mereka) menjadikan,1,mereka mengambil,(mereka) mengambil/menjadikan,outside_policy | parenthetical | entity_or_pronoun_shift,76.06,7:152:3,took,Kekalkan sense dominan Quranic sebagai gloss lalai. Alternate hanya jika konteks memaksa.
560,وَإِن,146,dan jika,112,Dan jika,1,dan jika,,outside_policy,76.01,54:2:1,And if,Kekalkan sense dominan Quranic sebagai gloss lalai. Alternate hanya jika konteks memaksa.
561,وَإِن,146,dan jika,112,dan meskipun,1,dan jika,,outside_policy,76.01,14:46:7,even if,Kekalkan sense dominan Quranic sebagai gloss lalai. Alternate hanya jika konteks memaksa.
562,وَإِن,146,dan jika,112,dan sebenarnya,1,dan jika,,outside_policy,76.01,2:143:28,And indeed,Kekalkan sense dominan Quranic sebagai gloss lalai. Alternate hanya jika konteks memaksa.
563,وَإِن,146,dan jika,112,dan sedangkan,1,dan jika,,outside_policy,76.01,3:164:19,although,Kekalkan sense dominan Quranic sebagai gloss lalai. Alternate hanya jika konteks memaksa.
564,وَإِن,146,dan jika,112,dan sekiranya,1,dan jika,,outside_policy,76.01,3:111:5,And if,Kekalkan sense dominan Quranic sebagai gloss lalai. Alternate hanya jika konteks memaksa.
565,خَلَقۡنَا,18,Kami telah menciptakan,9,Kami jadikan,1,Kami telah menciptakan,,outside_policy | entity_or_pronoun_shift,76.00,38:27:2,We created,Kekalkan sense dominan Quranic sebagai gloss lalai. Alternate hanya jika konteks memaksa.
566,ذَا,16,mempunyai,8,menyumbat/memiliki,1,mempunyai,,outside_policy | slash_gloss,76.00,73:13:2,that,Kekalkan sense dominan Quranic sebagai gloss lalai. Alternate hanya jika konteks memaksa.
567,رَّبِّ,18,ya Tuhanku,9,(wahai) Tuhanku,1,ya Tuhanku,,outside_policy | parenthetical,76.00,17:24:8,My Lord,Kekalkan sense dominan Quranic sebagai gloss lalai. Alternate hanya jika konteks memaksa.
568,عَلَيۡنَا,40,atas kami,26,atas/terhadap Kami,2,atas kami,,outside_policy | slash_gloss | entity_or_pronoun_shift,76.00,17:75:11 | 17:86:12,against Us | against Us,Kekalkan sense dominan Quranic sebagai gloss lalai. Alternate hanya jika konteks memaksa.
569,قَدۡ,118,sesungguhnya,59,sungguh/benar-benar,1,sesungguhnya,,outside_policy | slash_gloss,76.00,65:12:21,indeed,Kekalkan sense dominan Quranic sebagai gloss lalai. Alternate hanya jika konteks memaksa.
570,قَدۡ,118,sesungguhnya,59,sungguh/padahal,1,sesungguhnya,,outside_policy | slash_gloss,76.00,3:165:4,surely,Kekalkan sense dominan Quranic sebagai gloss lalai. Alternate hanya jika konteks memaksa.
571,مَّنۡ,24,orang,12,siapa (makhluk),1,orang,,outside_policy | parenthetical,76.00,37:11:6,(those) whom,Kekalkan gloss relatif yang stabil; jangan tambah rujukan entiti pada token ini.
572,مُّبِينٞ,32,yang nyata,16,nyata/jelas,1,yang nyata,,outside_policy | slash_gloss,76.00,44:13:7,clear,Kekalkan sense dominan Quranic sebagai gloss lalai. Alternate hanya jika konteks memaksa.
573,مُّبِينٞ,32,yang nyata,16,terang/nyata,1,yang nyata,,outside_policy | slash_gloss,76.00,5:15:23,clear,Kekalkan sense dominan Quranic sebagai gloss lalai. Alternate hanya jika konteks memaksa.
574,ٱلۡحَقِّ,26,kebenaran,13,benar/hak,1,kebenaran,,outside_policy | slash_gloss,76.00,9:29:18,(of) the truth,Kekalkan sense dominan Quranic sebagai gloss lalai. Alternate hanya jika konteks memaksa.
575,ٱلۡعَظِيمِ,18,yang besar,9,besar/agung,1,yang besar,,outside_policy | slash_gloss,76.00,9:129:15,the Great,Kekalkan sense dominan Quranic sebagai gloss lalai. Alternate hanya jika konteks memaksa.
576,ٱلۡعَذَابُ,17,azab,13,seksaan,1,azab,,outside_policy,75.94,33:30:10,the punishment,Kekalkan sense dominan Quranic sebagai gloss lalai. Alternate hanya jika konteks memaksa.
577,ذَٰلِكَ,264,demikian itu,131,demikian (kaum-kaum),1,demikian itu,demikian | demikian/itu,outside_policy | parenthetical,75.89,25:38:7,that,Kekalkan sense dominan Quranic sebagai gloss lalai. Alternate hanya jika konteks memaksa.
578,ذَٰلِكَ,264,demikian itu,131,demikian/ini,1,demikian itu,demikian | demikian/itu,outside_policy | slash_gloss,75.89,39:42:23,that,Kekalkan sense dominan Quranic sebagai gloss lalai. Alternate hanya jika konteks memaksa.
579,ذَٰلِكَ,264,demikian itu,131,itu/yang demikian,1,demikian itu,demikian | demikian/itu,outside_policy | slash_gloss,75.89,89:5:3,that,Kekalkan sense dominan Quranic sebagai gloss lalai. Alternate hanya jika konteks memaksa.
580,ذُو,25,mempunyai,19,memiliki,1,mempunyai,,outside_policy,75.80,57:29:20,(is) the Possessor of Bounty,Kekalkan sense dominan Quranic sebagai gloss lalai. Alternate hanya jika konteks memaksa.
581,شَآءَ,54,menghendaki,41,dikehendaki,1,menghendaki,,outside_policy,75.78,87:7:3,wills,Kekalkan sense dominan Quranic sebagai gloss lalai. Alternate hanya jika konteks memaksa.
582,أَوَلَمۡ,33,ataukah tidak,25,dan apakah,1,ataukah tidak,,outside_policy,75.73,16:48:1,Have not,Kekalkan sense dominan Quranic sebagai gloss lalai. Alternate hanya jika konteks memaksa.
583,أَوَلَمۡ,33,ataukah tidak,25,sudah tidak,1,ataukah tidak,,outside_policy,75.73,28:57:9,Have not,Kekalkan sense dominan Quranic sebagai gloss lalai. Alternate hanya jika konteks memaksa.
584,أَوَلَمۡ,33,ataukah tidak,25,tidakkah,1,ataukah tidak,,outside_policy,75.73,7:185:1,Do not,Kekalkan sense dominan Quranic sebagai gloss lalai. Alternate hanya jika konteks memaksa.
585,إِنِّي,81,sesungguhnya aku,64,sesungguhnya Aku (Allah),1,sesungguhnya aku,,outside_policy | parenthetical | long_gloss | entity_or_pronoun_shift | annotative_expansion,75.70,3:55:5,"Indeed, I",Kekalkan sense dominan Quranic sebagai gloss lalai. Alternate hanya jika konteks memaksa.
586,بِٱلۡأٓخِرَةِ,18,dengan akhirat,4,dengan/kepada hari akhirat,1,dengan akhirat,kepada akhirat,outside_policy | slash_gloss | long_gloss,75.67,17:10:5,in the Hereafter,Kekalkan sense dominan Quranic sebagai gloss lalai. Alternate hanya jika konteks memaksa.
587,فَقَالَ,27,maka dia berkata,6,lalu (Saleh) berkata,1,maka dia berkata,lalu dia berkata | maka berkata,outside_policy | parenthetical | long_gloss,75.67,11:65:2,So he said,Kekalkan sense dominan Quranic sebagai gloss lalai. Alternate hanya jika konteks memaksa.
588,فَقَالَ,27,maka dia berkata,6,lalu dia berkata/berdo'a,1,maka dia berkata,lalu dia berkata | maka berkata,outside_policy | slash_gloss | long_gloss,75.67,28:24:7,and said,Kekalkan sense dominan Quranic sebagai gloss lalai. Alternate hanya jika konteks memaksa.
589,وَأَنَّ,43,dan sesungguhnya,21,dan/sedangkan sesungguhnya,1,dan sesungguhnya,,outside_policy | slash_gloss,75.65,5:59:18,and that,Kekalkan sense dominan Quranic sebagai gloss lalai. Alternate hanya jika konteks memaksa.
590,عَلَيۡهِم,42,atas mereka,38,kepada mereka,2,atas mereka,,outside_policy | entity_or_pronoun_shift,75.64,12:71:3 | 43:71:2,them | for them,Kekalkan sense dominan Quranic sebagai gloss lalai. Alternate hanya jika konteks memaksa.
591,مَّا,162,apa,79,kamu adalah,1,apa,apa yang | tidak | tidak ada,outside_policy | entity_or_pronoun_shift,75.63,2:72:9,you were,Sama seperti `مَا`; pilih gloss nafi hanya jika konteks sintaks memaksa.
592,مَّا,162,apa,79,selama/selagi,1,apa,apa yang | tidak | tidak ada,outside_policy | slash_gloss,75.63,5:24:7,for,Sama seperti `مَا`; pilih gloss nafi hanya jika konteks sintaks memaksa.
593,مَّا,162,apa,79,tidak/belum,1,apa,apa yang | tidak | tidak ada,outside_policy | slash_gloss,75.63,23:24:21,Not,Sama seperti `مَا`; pilih gloss nafi hanya jika konteks sintaks memaksa.
594,أَنزَلَ,47,menurunkan,37,(Allah) telah menurunkan,1,menurunkan,,outside_policy | parenthetical | long_gloss | entity_or_pronoun_shift | annotative_expansion,75.62,13:17:1,He sends down,Kekalkan sense dominan Quranic sebagai gloss lalai. Alternate hanya jika konteks memaksa.
595,كَذَّبُواْ,37,(mereka) mendustakan,18,mereka dustakan,1,(mereka) mendustakan,,outside_policy | entity_or_pronoun_shift,75.59,5:70:17,they denied,Kekalkan sense dominan Quranic sebagai gloss lalai. Alternate hanya jika konteks memaksa.
596,كَانَ,323,adalah,157,ada/lain,1,adalah,ada | menjadi,outside_policy | slash_gloss,75.58,8:35:2,was,"Untuk WBW, `adalah` lebih stabil daripada variasi gaya bebas."
597,كَانَ,323,adalah,157,ada/menjadi,1,adalah,ada | menjadi,outside_policy | slash_gloss,75.58,6:35:2,is,"Untuk WBW, `adalah` lebih stabil daripada variasi gaya bebas."
598,كَانَ,323,adalah,157,ada/mungkin,1,adalah,ada | menjadi,outside_policy | slash_gloss,75.58,3:161:2,is,"Untuk WBW, `adalah` lebih stabil daripada variasi gaya bebas."
599,كَانَ,323,adalah,157,ada/mungkin terjadi,1,adalah,ada | menjadi,outside_policy | slash_gloss,75.58,3:79:2,is,"Untuk WBW, `adalah` lebih stabil daripada variasi gaya bebas."
600,تَعۡمَلُونَ,82,kamu kerjakan,74,kamu mengerjakan,2,kamu kerjakan,,outside_policy | entity_or_pronoun_shift,75.57,10:61:11 | 59:18:17,you do | you do,Kekalkan sense dominan Quranic sebagai gloss lalai. Alternate hanya jika konteks memaksa.
601,يَدۡعُونَ,23,mereka sembah,5,(mereka) seru,1,mereka sembah,(mereka) menyeru,outside_policy | parenthetical | entity_or_pronoun_shift,75.52,17:57:3,they call,Kekalkan sense dominan Quranic sebagai gloss lalai. Alternate hanya jika konteks memaksa.
602,إِذٗا,24,jika demikian,18,apabila,1,jika demikian,,outside_policy,75.50,54:24:7,then,Kekalkan sense dominan Quranic sebagai gloss lalai. Alternate hanya jika konteks memaksa.
603,إِذٗا,24,jika demikian,18,kalau demikian,1,jika demikian,,outside_policy,75.50,26:42:4,then,Kekalkan sense dominan Quranic sebagai gloss lalai. Alternate hanya jika konteks memaksa.
604,إِذٗا,24,jika demikian,18,tatkala,1,jika demikian,,outside_policy,75.50,26:20:3,when,Kekalkan sense dominan Quranic sebagai gloss lalai. Alternate hanya jika konteks memaksa.
605,يَوۡمَ,131,pada hari,63,(pada) hari,1,pada hari,,outside_policy | parenthetical,75.43,3:194:9,(on the) Day,Kekalkan sense dominan Quranic sebagai gloss lalai. Alternate hanya jika konteks memaksa.
606,يَوۡمَ,131,pada hari,63,hari (ketika),1,pada hari,,outside_policy | parenthetical,75.43,54:6:3,(The) Day,Kekalkan sense dominan Quranic sebagai gloss lalai. Alternate hanya jika konteks memaksa.
607,يَوۡمَ,131,pada hari,63,hari/di waktu,1,pada hari,,outside_policy | slash_gloss,75.43,16:80:14,(on) the day,Kekalkan sense dominan Quranic sebagai gloss lalai. Alternate hanya jika konteks memaksa.
608,لَمَّا,25,tatkala,12,setelah/ketika,1,tatkala,,outside_policy | slash_gloss,75.40,7:126:9,when,Kekalkan sense dominan Quranic sebagai gloss lalai. Alternate hanya jika konteks memaksa.
609,مِّمَّا,50,dari apa,24,dari sebagian apa,1,dari apa,dari apa yang | daripada apa,outside_policy | long_gloss,75.40,36:71:6,from what,Kekalkan sense dominan Quranic sebagai gloss lalai. Alternate hanya jika konteks memaksa.
610,مِنۡهَا,51,daripadanya,38,sebagiannya,1,daripadanya,,outside_policy,75.35,40:79:7,some of them,Kekalkan sense dominan Quranic sebagai gloss lalai. Alternate hanya jika konteks memaksa.
611,إِلَىٰ,211,kepada,157,atas,1,kepada,,outside_policy,75.32,56:50:2,for,Gunakan gloss dominan Quranic sebagai default. Override hanya bila struktur sintaks jelas memaksa makna lain.
612,إِلَىٰ,211,kepada,157,di,1,kepada,,outside_policy,75.32,23:50:7,to,Gunakan gloss dominan Quranic sebagai default. Override hanya bila struktur sintaks jelas memaksa makna lain.
613,إِلَىٰ,211,kepada,157,kecuali,1,kepada,,outside_policy,75.32,33:53:12,for,Gunakan gloss dominan Quranic sebagai default. Override hanya bila struktur sintaks jelas memaksa makna lain.
614,مِّنۡهُمۡ,44,di antara mereka,21,daripada mereka,1,di antara mereka,,outside_policy | entity_or_pronoun_shift,75.32,49:11:13,than them,Kekalkan sense dominan Quranic sebagai gloss lalai. Alternate hanya jika konteks memaksa.
615,يَنظُرُونَ,19,mereka menunggu,4,dan/sedang mereka,1,mereka menunggu,mereka melihat | mereka memandang | mereka menanti-nanti,outside_policy | slash_gloss | entity_or_pronoun_shift,75.32,8:6:12,(were) looking,Kekalkan sense dominan Quranic sebagai gloss lalai. Alternate hanya jika konteks memaksa.
616,يَنظُرُونَ,19,mereka menunggu,4,mereka melihat/memandang,1,mereka menunggu,mereka melihat | mereka memandang | mereka menanti-nanti,outside_policy | slash_gloss | entity_or_pronoun_shift,75.32,83:23:3,observing,Kekalkan sense dominan Quranic sebagai gloss lalai. Alternate hanya jika konteks memaksa.
617,يَنظُرُونَ,19,mereka menunggu,4,mereka memandang/melihat,1,mereka menunggu,mereka melihat | mereka memandang | mereka menanti-nanti,outside_policy | slash_gloss | entity_or_pronoun_shift,75.32,83:35:3,observing,Kekalkan sense dominan Quranic sebagai gloss lalai. Alternate hanya jika konteks memaksa.
618,خَٰلِدُونَ,24,mereka kekal,15,(mereka) kekal,2,mereka kekal,,outside_policy | parenthetical | entity_or_pronoun_shift,75.25,2:275:45 | 5:80:19,will abide forever | (will) abide forever,Kekalkan sense dominan Quranic sebagai gloss lalai. Alternate hanya jika konteks memaksa.
619,أَنفُسِهِمۡ,19,diri mereka sendiri,9,jiwa mereka,1,diri mereka sendiri,,outside_policy | entity_or_pronoun_shift,75.21,7:172:12,themselves,Kekalkan sense dominan Quranic sebagai gloss lalai. Alternate hanya jika konteks memaksa.
620,مَعَهُۥ,19,bersama dia,9,bersama dengan dia,1,bersama dia,,outside_policy | long_gloss,75.21,40:25:11,with him,Kekalkan sense dominan Quranic sebagai gloss lalai. Alternate hanya jika konteks memaksa.
621,مَعَهُۥ,19,bersama dia,9,bersamanya (Daud)1,1,bersama dia,,outside_policy | parenthetical,75.21,34:10:8,with him,Kekalkan sense dominan Quranic sebagai gloss lalai. Alternate hanya jika konteks memaksa.
622,لَّهُمۡ,22,bagi mereka,17,bagi mereka (memperoleh),1,bagi mereka,,outside_policy | parenthetical | long_gloss | entity_or_pronoun_shift | annotative_expansion,75.18,8:4:5,For them,Kekalkan sense dominan Quranic sebagai gloss lalai. Alternate hanya jika konteks memaksa.
623,ٱلۡعَٰلَمِينَ,61,semesta alam,45,Alam semesta,1,semesta alam,,outside_policy,75.13,59:16:17,(of) the worlds,Kekalkan sense dominan Quranic sebagai gloss lalai. Alternate hanya jika konteks memaksa.
624,ٱلۡعَٰلَمِينَ,61,semesta alam,45,segala umat,1,semesta alam,,outside_policy,75.13,2:122:11,the worlds,Kekalkan sense dominan Quranic sebagai gloss lalai. Alternate hanya jika konteks memaksa.
625,ٱلۡعَٰلَمِينَ,61,semesta alam,45,seluruh alam,1,semesta alam,,outside_policy,75.13,37:79:5,the worlds,Kekalkan sense dominan Quranic sebagai gloss lalai. Alternate hanya jika konteks memaksa.
626,ٱلۡعَٰلَمِينَ,61,semesta alam,45,seluruh umat,1,semesta alam,,outside_policy,75.13,2:47:11,the worlds,Kekalkan sense dominan Quranic sebagai gloss lalai. Alternate hanya jika konteks memaksa.
627,فِيهِۚ,17,di dalamnya,8,padanya/dengannya,1,di dalamnya,,outside_policy | slash_gloss,75.12,20:131:14,in it,Kekalkan sense dominan Quranic sebagai gloss lalai. Alternate hanya jika konteks memaksa.
628,فِيهِۚ,17,di dalamnya,8,padanya/terhadapnya,1,di dalamnya,,outside_policy | slash_gloss,75.12,6:12:19,about it,Kekalkan sense dominan Quranic sebagai gloss lalai. Alternate hanya jika konteks memaksa.
629,يَفۡتَرُونَ,17,mereka ada-adakan,8,mereka adakan,1,mereka ada-adakan,,outside_policy | entity_or_pronoun_shift,75.12,10:30:16,invent,Kekalkan sense dominan Quranic sebagai gloss lalai. Alternate hanya jika konteks memaksa.
630,يَفۡتَرُونَ,17,mereka ada-adakan,8,mereka membuat-buat,1,mereka ada-adakan,,outside_policy | entity_or_pronoun_shift,75.12,5:103:15,they invent,Kekalkan sense dominan Quranic sebagai gloss lalai. Alternate hanya jika konteks memaksa.
631,وَإِنۡ,19,dan jika,14,dan aku,1,dan jika,,outside_policy,75.11,21:109:7,And not,Kekalkan sense dominan Quranic sebagai gloss lalai. Alternate hanya jika konteks memaksa.
632,وَإِنۡ,19,dan jika,14,dan tidaklah,1,dan jika,,outside_policy,75.11,6:116:15,and not,Kekalkan sense dominan Quranic sebagai gloss lalai. Alternate hanya jika konteks memaksa.
633,وَٱتَّقُواْ,38,dan bertakwalah,28,dan takutlah,1,dan bertakwalah,,outside_policy,75.11,2:48:1,And fear,Kekalkan sense dominan Quranic sebagai gloss lalai. Alternate hanya jika konteks memaksa.
634,يَهۡدِي,38,memberi petunjuk,28,menunjukkan,1,memberi petunjuk,,outside_policy,75.11,61:5:21,guide,Kekalkan sense dominan Quranic sebagai gloss lalai. Alternate hanya jika konteks memaksa.
635,أَيۡدِيهِمۡ,21,tangan mereka,13,tangan/hadapan mereka,2,tangan mereka,,outside_policy | slash_gloss | entity_or_pronoun_shift,75.07,2:255:30 | 22:76:4,before them | (is) before them,Kekalkan sense dominan Quranic sebagai gloss lalai. Alternate hanya jika konteks memaksa.
636,مِنَ,412,dari,303,adalah ia,1,dari,,outside_policy,75.06,27:20:10,is he,Gunakan gloss dominan Quranic sebagai default. Override hanya bila struktur sintaks jelas memaksa makna lain.
637,مِنَ,412,dari,303,bagimu,1,dari,,outside_policy,75.06,13:37:15,against,Gunakan gloss dominan Quranic sebagai default. Override hanya bila struktur sintaks jelas memaksa makna lain.
638,مِنَ,412,dari,303,datang kepadamu,1,dari,,outside_policy,75.06,13:37:11,of,Gunakan gloss dominan Quranic sebagai default. Override hanya bila struktur sintaks jelas memaksa makna lain.
639,مِنَ,412,dari,303,termasuk,1,dari,,outside_policy,75.06,41:33:12,of,Gunakan gloss dominan Quranic sebagai default. Override hanya bila struktur sintaks jelas memaksa makna lain.
640,لَهُم,69,bagi mereka,53,bagi mereka/mereka mempunyai,1,bagi mereka,,outside_policy | slash_gloss | long_gloss | entity_or_pronoun_shift | annotative_expansion,75.04,5:36:6,for them,Kekalkan sense dominan Quranic sebagai gloss lalai. Alternate hanya jika konteks memaksa.
641,عَنۡهُمۡ,43,dari mereka,38,terhadap mereka,2,dari mereka,,outside_policy | entity_or_pronoun_shift,75.01,5:119:19 | 98:8:15,with them | with them,Kekalkan sense dominan Quranic sebagai gloss lalai. Alternate hanya jika konteks memaksa.
642,أَهۡلَكۡنَا,15,Kami telah binasakan,7,Kami binasakan,1,Kami telah binasakan,,outside_policy | entity_or_pronoun_shift,75.00,15:4:2,We destroyed,Kekalkan sense dominan Quranic sebagai gloss lalai. Alternate hanya jika konteks memaksa.
643,بِهِۦۚ,15,dengannya,11,tentang itu,1,dengannya,,outside_policy,75.00,51:53:2,Have they transmitted it to them,Kekalkan sense dominan Quranic sebagai gloss lalai. Alternate hanya jika konteks memaksa.
644,كَٰفِرُونَ,15,orang-orang kafir,3,orang-orang yang kafir/tidak percaya,1,orang-orang kafir,orang-orang yang ingkar,outside_policy | slash_gloss | long_gloss,75.00,11:19:11,(are) disbelievers,Kekalkan gloss relatif yang stabil; jangan tambah rujukan entiti pada token ini.
645,مِنۡهُ,45,daripadanya,33,darinya,1,daripadanya,,outside_policy,75.00,69:45:2,him,Kekalkan sense dominan Quranic sebagai gloss lalai. Alternate hanya jika konteks memaksa.
646,مِنۡهُ,45,daripadanya,33,daripada,1,daripadanya,,outside_policy,75.00,73:3:4,from it,Kekalkan sense dominan Quranic sebagai gloss lalai. Alternate hanya jika konteks memaksa.
647,مِنۡهُ,45,daripadanya,33,kerananya,1,daripadanya,,outside_policy,75.00,43:57:8,about it,Kekalkan sense dominan Quranic sebagai gloss lalai. Alternate hanya jika konteks memaksa.
648,وَبِئۡسَ,15,dan seburuk-buruk,11,dengan seburuk-buruk,1,dan seburuk-buruk,,outside_policy,75.00,22:72:28,and wretched,Kekalkan sense dominan Quranic sebagai gloss lalai. Alternate hanya jika konteks memaksa.
649,وَرَسُولِهِۦ,15,dan Rasul-Nya,7,dan kepada rasul-Nya,1,dan Rasul-Nya,,outside_policy | long_gloss,75.00,48:9:3,and His Messenger,Kekalkan sense dominan Quranic sebagai gloss lalai. Alternate hanya jika konteks memaksa.
650,يَسۡتَطِيعُونَ,15,mereka dapat,3,mereka berkuasa/mampu,1,mereka dapat,,outside_policy | slash_gloss | entity_or_pronoun_shift,75.00,25:9:8,they are able (to find),Kekalkan sense dominan Quranic sebagai gloss lalai. Alternate hanya jika konteks memaksa.
651,يَسۡتَطِيعُونَ,15,mereka dapat,3,mereka kuasa/mampu,1,mereka dapat,,outside_policy | slash_gloss | entity_or_pronoun_shift,75.00,21:40:6,they will be able,Kekalkan sense dominan Quranic sebagai gloss lalai. Alternate hanya jika konteks memaksa.
652,يَسۡتَطِيعُونَ,15,mereka dapat,3,mereka sanggup/mampu,1,mereka dapat,,outside_policy | slash_gloss | entity_or_pronoun_shift,75.00,21:43:8,they are able,Kekalkan sense dominan Quranic sebagai gloss lalai. Alternate hanya jika konteks memaksa.
653,يَسۡتَطِيعُونَ,15,mereka dapat,3,mereka tidak kuasa,1,mereka dapat,,outside_policy | long_gloss | entity_or_pronoun_shift,75.00,36:75:2,they are able,Kekalkan sense dominan Quranic sebagai gloss lalai. Alternate hanya jika konteks memaksa.
654,ٱلنَّارِۖ,15,neraka,11,nereka,1,neraka,,outside_policy,75.00,7:36:8,(of) the Fire,Kekalkan sense dominan Quranic sebagai gloss lalai. Alternate hanya jika konteks memaksa.
655,يُؤۡمِنُونَ,86,mereka beriman,53,(mereka) beriman,2,mereka beriman,,outside_policy | parenthetical | entity_or_pronoun_shift,74.99,6:20:13 | 6:54:4,believe | believe,Kekalkan sense dominan Quranic sebagai gloss lalai. Alternate hanya jika konteks memaksa.
656,يُؤۡمِنُونَ,86,mereka beriman,53,mereka akan beriman,2,mereka beriman,,outside_policy | long_gloss | entity_or_pronoun_shift,74.99,36:10:8 | 77:50:4,they will believe | will they believe,Kekalkan sense dominan Quranic sebagai gloss lalai. Alternate hanya jika konteks memaksa.
657,جَعَلۡنَا,28,Kami jadikan,13,Kami menjadikan,1,Kami jadikan,,outside_policy | entity_or_pronoun_shift,74.93,17:60:9,We made,Kekalkan sense dominan Quranic sebagai gloss lalai. Alternate hanya jika konteks memaksa.
658,جَعَلۡنَا,28,Kami jadikan,13,kami menjadikan,1,Kami jadikan,,outside_policy | entity_or_pronoun_shift,74.93,21:34:2,We made,Kekalkan sense dominan Quranic sebagai gloss lalai. Alternate hanya jika konteks memaksa.
659,أُوْلَـٰٓئِكَ,133,mereka itu,97,itulah,1,mereka itu,,outside_policy,74.88,8:4:1,Those ,Kekalkan sense dominan Quranic sebagai gloss lalai. Alternate hanya jika konteks memaksa.
660,أُوْلَـٰٓئِكَ,133,mereka itu,97,seperti itulah,1,mereka itu,,outside_policy,74.88,57:10:21,Those,Kekalkan sense dominan Quranic sebagai gloss lalai. Alternate hanya jika konteks memaksa.
661,إِلَيَّ,22,kepadaku,16,kepada saya,1,kepadaku,,outside_policy,74.82,6:93:11,to me,Kekalkan sense dominan Quranic sebagai gloss lalai. Alternate hanya jika konteks memaksa.
662,إِلَيۡكُمۡ,16,kepadamu,14,kepada kamu,2,kepadamu,,outside_policy | entity_or_pronoun_shift,74.75,26:27:6 | 36:16:5,to you | to you,Kekalkan sense dominan Quranic sebagai gloss lalai. Alternate hanya jika konteks memaksa.
663,مَنۡ,72,orang,33,siapa (syaitan),1,orang,siapa | siapakah,outside_policy | parenthetical,74.75,37:10:2,(him) who,Kekalkan gloss relatif yang stabil; jangan tambah rujukan entiti pada token ini.
664,يَعۡقِلُونَ,21,mereka berakal,4,mereka mahu memahami,1,mereka berakal,mereka memahami,outside_policy | long_gloss | entity_or_pronoun_shift,74.71,10:42:11,use reason,Kekalkan sense dominan Quranic sebagai gloss lalai. Alternate hanya jika konteks memaksa.
665,يَعۡقِلُونَ,21,mereka berakal,4,mereka memahami/berakal,1,mereka berakal,mereka memahami,outside_policy | slash_gloss | entity_or_pronoun_shift,74.71,29:63:22,use reason,Kekalkan sense dominan Quranic sebagai gloss lalai. Alternate hanya jika konteks memaksa.
666,وَمَا,507,dan tidak,231,apa/siapa,1,dan apa,dan apa yang | dan tidak | dan tidak ada | dan tidaklah,outside_policy | slash_gloss,74.67,26:23:3,And what,Pisahkan antara sambungan `dan apa` dan bentuk nafi `dan tidak` mengikut binaan.
667,وَمَا,507,dan tidak,231,dan Dia tidak,1,dan apa,dan apa yang | dan tidak | dan tidak ada | dan tidaklah,outside_policy | long_gloss,74.67,22:78:8,and not,Pisahkan antara sambungan `dan apa` dan bentuk nafi `dan tidak` mengikut binaan.
668,وَمَا,507,dan tidak,231,dan Kami,1,dan apa,dan apa yang | dan tidak | dan tidak ada | dan tidaklah,outside_policy | entity_or_pronoun_shift,74.67,21:16:1,And not,Pisahkan antara sambungan `dan apa` dan bentuk nafi `dan tidak` mengikut binaan.
669,وَمَا,507,dan tidak,231,dan apa saja,1,dan apa,dan apa yang | dan tidak | dan tidak ada | dan tidaklah,outside_policy | long_gloss,74.67,2:215:15,And whatever,Pisahkan antara sambungan `dan apa` dan bentuk nafi `dan tidak` mengikut binaan.
670,وَمَا,507,dan tidak,231,dan apa/segala,1,dan apa,dan apa yang | dan tidak | dan tidak ada | dan tidaklah,outside_policy | slash_gloss,74.67,3:109:5,and whatever,Pisahkan antara sambungan `dan apa` dan bentuk nafi `dan tidak` mengikut binaan.
671,وَمَا,507,dan tidak,231,dan apa/sesuatu,1,dan apa,dan apa yang | dan tidak | dan tidak ada | dan tidaklah,outside_policy | slash_gloss,74.67,22:12:8,and what,Pisahkan antara sambungan `dan apa` dan bentuk nafi `dan tidak` mengikut binaan.
672,وَمَا,507,dan tidak,231,dan segala apa yang,1,dan apa,dan apa yang | dan tidak | dan tidak ada | dan tidaklah,outside_policy | long_gloss,74.67,42:53:8,and whatever,Pisahkan antara sambungan `dan apa` dan bentuk nafi `dan tidak` mengikut binaan.
673,وَمَا,507,dan tidak,231,dan tak ada,1,dan apa,dan apa yang | dan tidak | dan tidak ada | dan tidaklah,outside_policy | long_gloss,74.67,13:34:9,And not,Pisahkan antara sambungan `dan apa` dan bentuk nafi `dan tidak` mengikut binaan.
674,وَمَا,507,dan tidak,231,dan/padahal tidak,1,dan apa,dan apa yang | dan tidak | dan tidak ada | dan tidaklah,outside_policy | slash_gloss,74.67,12:102:7,And not,Pisahkan antara sambungan `dan apa` dan bentuk nafi `dan tidak` mengikut binaan.
675,وَمَا,507,dan tidak,231,dan/padahal tidaklah,1,dan apa,dan apa yang | dan tidak | dan tidak ada | dan tidaklah,outside_policy | slash_gloss,74.67,13:14:19,but not,Pisahkan antara sambungan `dan apa` dan bentuk nafi `dan tidak` mengikut binaan.
676,وَمَا,507,dan tidak,231,dan/sedang tidak,1,dan apa,dan apa yang | dan tidak | dan tidak ada | dan tidaklah,outside_policy | slash_gloss,74.67,6:123:14,and not,Pisahkan antara sambungan `dan apa` dan bentuk nafi `dan tidak` mengikut binaan.
677,وَمَا,507,dan tidak,231,dan/sedangkan tidak,1,dan apa,dan apa yang | dan tidak | dan tidak ada | dan tidaklah,outside_policy | slash_gloss,74.67,6:26:10,and not,Pisahkan antara sambungan `dan apa` dan bentuk nafi `dan tidak` mengikut binaan.
678,وَمَا,507,dan tidak,231,dan/tetapi tidak,1,dan apa,dan apa yang | dan tidak | dan tidak ada | dan tidaklah,outside_policy | slash_gloss,74.67,26:139:7,but not,Pisahkan antara sambungan `dan apa` dan bentuk nafi `dan tidak` mengikut binaan.
679,قَالُواْ,171,mereka berkata,139,(mereka) berkata,4,mereka berkata,,outside_policy | parenthetical | entity_or_pronoun_shift,74.64,3:75:25 | 4:46:22 | 8:21:4 | 15:55:1,said | (had) said | say | They said,Kekalkan sense dominan Quranic sebagai gloss lalai. Alternate hanya jika konteks memaksa.
680,أَكۡثَرَ,25,kebanyakan,18,banyak,1,kebanyakan,,outside_policy,74.60,27:76:8,most,Kekalkan sense dominan Quranic sebagai gloss lalai. Alternate hanya jika konteks memaksa.
681,أَكۡثَرَ,25,kebanyakan,18,paling banyak,1,kebanyakan,,outside_policy,74.60,18:54:12,(in) most,Kekalkan sense dominan Quranic sebagai gloss lalai. Alternate hanya jika konteks memaksa.
682,قَالُوٓاْ,75,mereka berkata,54,mareka berkata,1,mereka berkata,,outside_policy,74.60,46:29:11,they said,Kekalkan sense dominan Quranic sebagai gloss lalai. Alternate hanya jika konteks memaksa.
683,أَلَا,31,ingatlah,14,apakah tidak/tidakkah,1,ingatlah,,outside_policy | slash_gloss,74.55,67:14:1,Does not,Kekalkan sense dominan Quranic sebagai gloss lalai. Alternate hanya jika konteks memaksa.
684,كُنَّا,62,adalah kami,28,Kami,1,adalah kami,adalah Kami | kami | kami adalah,outside_policy | entity_or_pronoun_shift,74.55,17:15:17,We,Kekalkan sense dominan Quranic sebagai gloss lalai. Alternate hanya jika konteks memaksa.
685,كُنَّا,62,adalah kami,28,ada Kami,1,adalah kami,adalah Kami | kami | kami adalah,outside_policy | entity_or_pronoun_shift,74.55,28:59:15,We would be,Kekalkan sense dominan Quranic sebagai gloss lalai. Alternate hanya jika konteks memaksa.
686,كُنَّا,62,adalah kami,28,kami menjadi,1,adalah kami,adalah Kami | kami | kami adalah,outside_policy | entity_or_pronoun_shift,74.55,6:23:11,we were,Kekalkan sense dominan Quranic sebagai gloss lalai. Alternate hanya jika konteks memaksa.
687,كُنَّا,62,adalah kami,28,kita adalah/menjadi,1,adalah kami,adalah Kami | kami | kami adalah,outside_policy | slash_gloss,74.55,27:67:5,we have become,Kekalkan sense dominan Quranic sebagai gloss lalai. Alternate hanya jika konteks memaksa.
688,كُنَّا,62,adalah kami,28,layak Kami,1,adalah kami,adalah Kami | kami | kami adalah,outside_policy | entity_or_pronoun_shift,74.55,36:28:12,were We,Kekalkan sense dominan Quranic sebagai gloss lalai. Alternate hanya jika konteks memaksa.
689,كَانُواْ,209,adalah mereka,150,adalah,1,adalah mereka,,outside_policy,74.53,11:16:15,they used (to),Gunakan gloss dominan Quranic sebagai default. Override hanya bila struktur sintaks jelas memaksa makna lain.
690,كَانُواْ,209,adalah mereka,150,yang adalah,1,adalah mereka,,outside_policy,74.53,28:84:17,they used (to),Gunakan gloss dominan Quranic sebagai default. Override hanya bila struktur sintaks jelas memaksa makna lain.
691,وَنَحۡنُ,15,dan kami,9,dan/sedang kami,2,dan kami,,outside_policy | slash_gloss | entity_or_pronoun_shift,74.50,9:52:8 | 12:14:5,while we | while we,Kekalkan sense dominan Quranic sebagai gloss lalai. Alternate hanya jika konteks memaksa.
692,وَهُدٗى,15,dan petunjuk,13,dan menjadi petunjuk,2,dan petunjuk,,outside_policy | long_gloss,74.50,3:96:9 | 5:46:24,and a guidance | and a Guidance,Kekalkan sense dominan Quranic sebagai gloss lalai. Alternate hanya jika konteks memaksa.
693,يُظۡلَمُونَ,15,mereka dianiaya,9,(mereka) dianiaya,2,mereka dianiaya,,outside_policy | parenthetical | entity_or_pronoun_shift,74.50,2:281:15 | 3:25:15,will be wronged | be wronged,Kekalkan sense dominan Quranic sebagai gloss lalai. Alternate hanya jika konteks memaksa.
694,وَلَمَّا,29,dan tatkala,13,dan/sedang belum,1,dan tatkala,,outside_policy | slash_gloss,74.45,9:16:5,while not,Kekalkan sense dominan Quranic sebagai gloss lalai. Alternate hanya jika konteks memaksa.
695,هَلۡ,63,apakah,45,tidakkah,1,apakah,,outside_policy,74.43,43:66:1,Are,Kekalkan sense dominan Quranic sebagai gloss lalai. Alternate hanya jika konteks memaksa.
696,هَـٰٓؤُلَآءِ,38,mereka itu,17,antara mereka,1,mereka itu,mereka ini,outside_policy | entity_or_pronoun_shift,74.42,29:47:11,these,Kekalkan sense dominan Quranic sebagai gloss lalai. Alternate hanya jika konteks memaksa.
697,هَـٰٓؤُلَآءِ,38,mereka itu,17,ini/itu,1,mereka itu,mereka ini,outside_policy | slash_gloss,74.42,4:143:6,these,Kekalkan sense dominan Quranic sebagai gloss lalai. Alternate hanya jika konteks memaksa.
698,هَـٰٓؤُلَآءِ,38,mereka itu,17,mereka,1,mereka itu,mereka ini,outside_policy | entity_or_pronoun_shift,74.42,21:44:3,(to) these,Kekalkan sense dominan Quranic sebagai gloss lalai. Alternate hanya jika konteks memaksa.
699,هَـٰٓؤُلَآءِ,38,mereka itu,17,mereka inilah,1,mereka itu,mereka ini,outside_policy | entity_or_pronoun_shift,74.42,28:63:7,These,Kekalkan sense dominan Quranic sebagai gloss lalai. Alternate hanya jika konteks memaksa.
700,يُرِيدُ,38,menghendaki,17,(ia) menyukai,1,menghendaki,Dia kehendaki,outside_policy | parenthetical,74.42,3:152:27,desire,Kekalkan sense dominan Quranic sebagai gloss lalai. Alternate hanya jika konteks memaksa.
701,أَرَادَ,18,menghendaki,8,(ia) ingin,1,menghendaki,,outside_policy | parenthetical,74.33,2:233:7,wishes,Kekalkan sense dominan Quranic sebagai gloss lalai. Alternate hanya jika konteks memaksa.
702,أَرَادَ,18,menghendaki,8,hendak/akan,1,menghendaki,,outside_policy | slash_gloss,74.33,28:19:3,he wanted,Kekalkan sense dominan Quranic sebagai gloss lalai. Alternate hanya jika konteks memaksa.
703,أَرَادَ,18,menghendaki,8,hendak/ingin,1,menghendaki,,outside_policy | slash_gloss,74.33,25:62:8,desires,Kekalkan sense dominan Quranic sebagai gloss lalai. Alternate hanya jika konteks memaksa.
704,وَهُوَ,169,dan Dia,120,Dan dia,1,dan Dia,dan dia,outside_policy,74.30,30:54:22,and He,Kekalkan sense dominan Quranic sebagai gloss lalai. Alternate hanya jika konteks memaksa.
705,أَصۡحَٰبُ,41,penghuni,29,pengikut-pengikut,1,penghuni,,outside_policy,74.22,26:61:5,(the) companions,Kekalkan sense dominan Quranic sebagai gloss lalai. Alternate hanya jika konteks memaksa.
706,خَٰلِدِينَ,42,mereka kekal,36,dalam keadaan kekal,2,mereka kekal,,outside_policy | long_gloss,74.21,39:73:20 | 40:76:4,(to) abide eternally | (to) abide forever,Kekalkan sense dominan Quranic sebagai gloss lalai. Alternate hanya jika konteks memaksa.
707,نَفۡسٖ,16,diri,7,jiwa/orang,1,diri,,outside_policy | slash_gloss,74.12,18:74:12,a soul,Kekalkan sense dominan Quranic sebagai gloss lalai. Alternate hanya jika konteks memaksa.
708,ظَلَمُواْ,27,(mereka) zalim,19,zallim,1,(mereka) zalim,,outside_policy,74.11,52:47:3,do wrong,Kekalkan sense dominan Quranic sebagai gloss lalai. Alternate hanya jika konteks memaksa.
709,وَعَمِلُواْ,53,dan mereka beramal,23,dan berbuat/beramal,1,dan mereka beramal,dan beramal | dan mereka berbuat/beramal,outside_policy | slash_gloss,74.02,65:11:10,and do,Kekalkan sense dominan Quranic sebagai gloss lalai. Alternate hanya jika konteks memaksa.
710,أَخَافُ,20,aku takut,14,saya takut,1,aku takut,,outside_policy,74.00,8:48:32,[I] fear,Kekalkan sense dominan Quranic sebagai gloss lalai. Alternate hanya jika konteks memaksa.
711,أَشَدُّ,18,lebih/sangat,3,sangat/lebih (kukuh),1,lebih/sangat,sangat,outside_policy | slash_gloss | parenthetical,74.00,37:11:3,a stronger,Kekalkan sense dominan Quranic sebagai gloss lalai. Alternate hanya jika konteks memaksa.
712,وَكَانُواْ,30,dan adalah mereka,22,dan adalah mereka(sesembahan),1,dan adalah mereka,,outside_policy | parenthetical | long_gloss | entity_or_pronoun_shift | annotative_expansion,74.00,46:6:7,and they will be,Kekalkan sense dominan Quranic sebagai gloss lalai. Alternate hanya jika konteks memaksa.
713,إِنَّهُۥ,141,sesungguhnya Dia,61,sesungguhnya ia/zina,1,sesungguhnya Dia,sesungguhnya | sesungguhnya dia | sesungguhnya ia,outside_policy | slash_gloss,73.98,17:32:4,"Indeed, it","Pilih rujukan pronomina mengikut antecedent, tetapi kekalkan penegas `sesungguhnya`."
714,إِنَّهُۥ,141,sesungguhnya Dia,61,sesungguhnya surat itu,1,sesungguhnya Dia,sesungguhnya | sesungguhnya dia | sesungguhnya ia,outside_policy | long_gloss,73.98,27:30:1,"Indeed, it","Pilih rujukan pronomina mengikut antecedent, tetapi kekalkan penegas `sesungguhnya`."
715,فِيهَا,183,di dalamnya,128,di atasnya,1,di dalamnya,ke dalamnya | padanya,outside_policy,73.98,43:10:8,therein,Kekalkan gloss lokatif sebagai default.
716,أَفَلَا,44,apakah maka tidak,19,apakah/maka tidak,1,apakah maka tidak,apakah tidak | maka apakah tidak,outside_policy | slash_gloss,73.95,6:80:24,Then will not,Kekalkan sense dominan Quranic sebagai gloss lalai. Alternate hanya jika konteks memaksa.
717,ٱللَّهِ,669,Allah,667,(jalan) Allah,1,Allah,,outside_policy | parenthetical | entity_or_pronoun_shift | annotative_expansion,73.91,22:78:3,Allah,Kekalkan sense dominan Quranic sebagai gloss lalai. Alternate hanya jika konteks memaksa.
718,لَمۡ,89,tidak,62,yang belum,1,tidak,,outside_policy,73.90,6:6:13,not,Kekalkan sense dominan Quranic sebagai gloss lalai. Alternate hanya jika konteks memaksa.
719,كُنتَ,35,kamu adalah,15,ada kamu,1,kamu adalah,,outside_policy | entity_or_pronoun_shift,73.86,29:48:2,(did) you,Kekalkan sense dominan Quranic sebagai gloss lalai. Alternate hanya jika konteks memaksa.
720,لَأٓيَٰتٖ,28,benar-benar tanda-tanda,12,sungguh ada tanda-tanda,1,benar-benar tanda-tanda,,outside_policy | long_gloss,73.86,6:99:42,(are) signs,Kekalkan sense dominan Quranic sebagai gloss lalai. Alternate hanya jika konteks memaksa.
721,لَأٓيَٰتٖ,28,benar-benar tanda-tanda,12,sungguh terdapat tanda-tanda,1,benar-benar tanda-tanda,,outside_policy | long_gloss,73.86,3:190:9,(are) surely Signs,Kekalkan sense dominan Quranic sebagai gloss lalai. Alternate hanya jika konteks memaksa.
722,لَمِنَ,21,sungguh dari/termasuk,9,benar-benar dari/termasuk,1,sungguh dari/termasuk,,outside_policy | slash_gloss,73.86,29:27:17,"(is) surely, among",Kekalkan sense dominan Quranic sebagai gloss lalai. Alternate hanya jika konteks memaksa.
723,بِٱلۡحَقِّ,47,dengan kebenaran,20,dengan benar/hak,1,dengan kebenaran,dengan benar,outside_policy | slash_gloss,73.77,64:3:4,with truth,Kekalkan sense dominan Quranic sebagai gloss lalai. Alternate hanya jika konteks memaksa.
724,بِٱلۡحَقِّ,47,dengan kebenaran,20,dengan benar/sungguh-sungguh,1,dengan kebenaran,dengan benar,outside_policy | slash_gloss,73.77,21:55:3,with the truth,Kekalkan sense dominan Quranic sebagai gloss lalai. Alternate hanya jika konteks memaksa.
725,بِٱلۡحَقِّ,47,dengan kebenaran,20,dengan hak/adil,1,dengan kebenaran,dengan benar,outside_policy | slash_gloss,73.77,7:89:39,in truth,Kekalkan sense dominan Quranic sebagai gloss lalai. Alternate hanya jika konteks memaksa.
726,بِٱلۡحَقِّ,47,dengan kebenaran,20,dengan hak/benar,1,dengan kebenaran,dengan benar,outside_policy | slash_gloss,73.77,2:213:13,in [the] truth,Kekalkan sense dominan Quranic sebagai gloss lalai. Alternate hanya jika konteks memaksa.
727,بِٱلۡحَقِّ,47,dengan kebenaran,20,dengan hak/kebenaran,1,dengan kebenaran,dengan benar,outside_policy | slash_gloss,73.77,35:24:3,with the truth,Kekalkan sense dominan Quranic sebagai gloss lalai. Alternate hanya jika konteks memaksa.
728,بِٱلۡحَقِّ,47,dengan kebenaran,20,dengan yang benar,1,dengan kebenaran,dengan benar,outside_policy | long_gloss,73.77,43:86:11,to the truth,Kekalkan sense dominan Quranic sebagai gloss lalai. Alternate hanya jika konteks memaksa.
729,لَنَا,54,bagi kami,31,bagi/untuk kami,2,bagi kami,untuk kami,outside_policy | slash_gloss | entity_or_pronoun_shift,73.72,3:16:7 | 3:193:13,for us | for us,Kekalkan sense dominan Quranic sebagai gloss lalai. Alternate hanya jika konteks memaksa.
730,يَعۡمَلُونَ,56,mereka kerjakan,47,mereka bekerja,2,mereka kerjakan,,outside_policy | entity_or_pronoun_shift,73.68,18:79:5 | 34:13:1,working | They worked,Kekalkan sense dominan Quranic sebagai gloss lalai. Alternate hanya jika konteks memaksa.
731,أَوَّلَ,16,pertama,11,mula-mula,1,pertama,,outside_policy,73.62,3:96:2,(the) First,Kekalkan sense dominan Quranic sebagai gloss lalai. Alternate hanya jika konteks memaksa.
732,يَرۡجِعُونَ,16,mereka kembali,11,kembali,1,mereka kembali,,outside_policy,73.62,21:95:7,will return,Kekalkan sense dominan Quranic sebagai gloss lalai. Alternate hanya jika konteks memaksa.
733,هُمۡ,143,mereka,141,mereka (tuhan-tuhan),1,mereka,,outside_policy | parenthetical | entity_or_pronoun_shift | annotative_expansion,73.58,21:21:6,they,Kekalkan sense dominan Quranic sebagai gloss lalai. Alternate hanya jika konteks memaksa.
734,قَلِيلٗا,38,sedikit,26,sebentar,1,sedikit,,outside_policy,73.53,31:24:2,(for) a little,Kekalkan sense dominan Quranic sebagai gloss lalai. Alternate hanya jika konteks memaksa.
735,أَن,461,bahawa,315,agar tidak,1,bahawa,agar | supaya | untuk,outside_policy,73.50,16:15:5,lest,Gunakan `bahawa` sebagai lalai. Bentuk infinitif/tujuan sahaja patut menggeser kepada `untuk/supaya/agar`.
736,أَن,461,bahawa,315,dari,1,bahawa,agar | supaya | untuk,outside_policy,73.50,75:4:4,that,Gunakan `bahawa` sebagai lalai. Bentuk infinitif/tujuan sahaja patut menggeser kepada `untuk/supaya/agar`.
737,أَن,461,bahawa,315,dia,1,bahawa,agar | supaya | untuk,outside_policy,73.50,28:19:4,to,Gunakan `bahawa` sebagai lalai. Bentuk infinitif/tujuan sahaja patut menggeser kepada `untuk/supaya/agar`.
738,أَن,461,bahawa,315,dia akan,1,bahawa,agar | supaya | untuk,outside_policy,73.50,28:9:11,(that),Gunakan `bahawa` sebagai lalai. Bentuk infinitif/tujuan sahaja patut menggeser kepada `untuk/supaya/agar`.
739,أَن,461,bahawa,315,kalau,1,bahawa,agar | supaya | untuk,outside_policy,73.50,17:59:7,that,Gunakan `bahawa` sebagai lalai. Bentuk infinitif/tujuan sahaja patut menggeser kepada `untuk/supaya/agar`.
740,أَن,461,bahawa,315,keduanya akan,1,bahawa,agar | supaya | untuk,outside_policy,73.50,20:63:6,that,Gunakan `bahawa` sebagai lalai. Bentuk infinitif/tujuan sahaja patut menggeser kepada `untuk/supaya/agar`.
741,أَن,461,bahawa,315,supaya tidak,1,bahawa,agar | supaya | untuk,outside_policy,73.50,4:176:45,lest,Gunakan `bahawa` sebagai lalai. Bentuk infinitif/tujuan sahaja patut menggeser kepada `untuk/supaya/agar`.
742,أَن,461,bahawa,315,yang,1,bahawa,agar | supaya | untuk,outside_policy,73.50,4:92:4,that,Gunakan `bahawa` sebagai lalai. Bentuk infinitif/tujuan sahaja patut menggeser kepada `untuk/supaya/agar`.
743,تَجۡرِي,48,mengalir,40,berjalan/berlayar,2,mengalir,,outside_policy | slash_gloss,73.50,11:42:2 | 22:65:11,sailed | that sail,Kekalkan sense dominan Quranic sebagai gloss lalai. Alternate hanya jika konteks memaksa.
744,لَن,36,tidak,15,kami akan,1,tidak,,outside_policy | entity_or_pronoun_shift,73.50,20:91:2,Never,Kekalkan sense dominan Quranic sebagai gloss lalai. Alternate hanya jika konteks memaksa.
745,مُوسَىٰ,56,Musa,55,(kepada) Musa,1,Musa,,outside_policy | parenthetical | entity_or_pronoun_shift | annotative_expansion,73.46,3:84:17,(to) Musa,Kekalkan sense dominan Quranic sebagai gloss lalai. Alternate hanya jika konteks memaksa.
746,وَجَعَلَ,29,dan Dia menjadikan,12,Dan dia menjadikan,1,dan Dia menjadikan,dan Dia telah menjadikan | dan menjadikan | dan telah menjadikan,outside_policy | long_gloss,73.41,25:61:7,and has placed,Kekalkan sense dominan Quranic sebagai gloss lalai. Alternate hanya jika konteks memaksa.
747,وَجَعَلَ,29,dan Dia menjadikan,12,dan dia jadikan,1,dan Dia menjadikan,dan Dia telah menjadikan | dan menjadikan | dan telah menjadikan,outside_policy | long_gloss,73.41,7:189:7,and made,Kekalkan sense dominan Quranic sebagai gloss lalai. Alternate hanya jika konteks memaksa.
748,إِذَآ,25,apabila,17,jika,1,apabila,,outside_policy,73.40,5:5:24,when,Kekalkan sense dominan Quranic sebagai gloss lalai. Alternate hanya jika konteks memaksa.
749,إِذَآ,25,apabila,17,ketika,1,apabila,,outside_policy,73.40,6:99:36,when,Kekalkan sense dominan Quranic sebagai gloss lalai. Alternate hanya jika konteks memaksa.
750,إِذَآ,25,apabila,17,tiba-tiba,1,apabila,,outside_policy,73.40,30:20:8,behold,Kekalkan sense dominan Quranic sebagai gloss lalai. Alternate hanya jika konteks memaksa.
751,سَمِعۡنَا,16,kami mendengar,9,kami telah mendengar,2,kami mendengar,,outside_policy | long_gloss | entity_or_pronoun_shift,73.38,8:31:7 | 72:1:11,we have heard | heard,Kekalkan sense dominan Quranic sebagai gloss lalai. Alternate hanya jika konteks memaksa.
752,بِـَٔايَٰتِ,34,dengan ayat-ayat,14,kepada/terhadap ayat-ayat,1,dengan ayat-ayat,dengan/kepada ayat-ayat | dengan/terhadap ayat-ayat | kepada ayat-ayat | pada ayat-ayat | terhadap ayat-ayat,outside_policy | slash_gloss,73.35,3:4:10,in (the) Verses,Kekalkan sense dominan Quranic sebagai gloss lalai. Alternate hanya jika konteks memaksa.
753,لِلَّهِ,85,bagi Allah,35,kerana Allah,1,bagi Allah,kepada Allah | kepunyaan Allah,outside_policy | entity_or_pronoun_shift,73.35,5:8:6,for Allah,Kekalkan sense dominan Quranic sebagai gloss lalai. Alternate hanya jika konteks memaksa.
754,وَعَمِلُواْ,53,dan mereka beramal,23,dan mereka mengerjakan/beramal,3,dan mereka beramal,dan beramal | dan mereka berbuat/beramal,outside_policy | slash_gloss | long_gloss | entity_or_pronoun_shift,73.35,18:107:4 | 22:56:8 | 34:4:4,and did | and did | and do,Kekalkan sense dominan Quranic sebagai gloss lalai. Alternate hanya jika konteks memaksa.
755,وَلَوۡلَا,17,dan kalau tidak,7,dan jikalau tidak,1,dan kalau tidak,,outside_policy | long_gloss,73.35,10:19:8,And had (it) not been,Kekalkan sense dominan Quranic sebagai gloss lalai. Alternate hanya jika konteks memaksa.
756,ٱلۡجَحِيمِ,17,neraka,7,api yang menyala,1,neraka,,outside_policy | long_gloss,73.35,37:97:7,the blazing Fire,Kekalkan sense dominan Quranic sebagai gloss lalai. Alternate hanya jika konteks memaksa.
757,ٱلۡجَحِيمِ,17,neraka,7,jahim/naraka,1,neraka,,outside_policy | slash_gloss,73.35,37:23:7,(of) the Hellfire,Kekalkan sense dominan Quranic sebagai gloss lalai. Alternate hanya jika konteks memaksa.
758,ءَاتَيۡنَا,17,Kami telah memberikan,5,Kami telah datangkan/memberikan,2,Kami telah memberikan,,outside_policy | slash_gloss | long_gloss | entity_or_pronoun_shift,73.32,21:48:2 | 23:49:2,We gave | We gave,Kekalkan sense dominan Quranic sebagai gloss lalai. Alternate hanya jika konteks memaksa.
759,بِهِۦٓ,31,dengannya,21,dengan dia,1,dengannya,,outside_policy,73.32,20:31:2,through him,Kekalkan sense dominan Quranic sebagai gloss lalai. Alternate hanya jika konteks memaksa.
760,بِهِۦٓ,31,dengannya,21,dengan-Nya,1,dengannya,,outside_policy,73.32,72:20:7,with Him,Kekalkan sense dominan Quranic sebagai gloss lalai. Alternate hanya jika konteks memaksa.
761,عَنۡهُ,31,daripadanya,21,darinya,1,daripadanya,,outside_policy,73.32,51:9:2,from it,Kekalkan sense dominan Quranic sebagai gloss lalai. Alternate hanya jika konteks memaksa.
762,قَالَتۡ,22,ia berkata,9,(isterinya) berkata,1,ia berkata,,outside_policy | parenthetical,73.27,11:72:1,She said,Kekalkan sense dominan Quranic sebagai gloss lalai. Alternate hanya jika konteks memaksa.
763,قَالَتۡ,22,ia berkata,9,(wanita) berkata,1,ia berkata,,outside_policy | parenthetical,73.27,12:25:11,She said,Kekalkan sense dominan Quranic sebagai gloss lalai. Alternate hanya jika konteks memaksa.
764,وَإِنَّ,80,dan sesungguhnya,78,dan sesungguhnya mereka,1,dan sesungguhnya,,outside_policy | long_gloss | entity_or_pronoun_shift | annotative_expansion,73.25,2:146:8,And indeed,Kekalkan sense dominan Quranic sebagai gloss lalai. Alternate hanya jika konteks memaksa.
765,يَعۡلَمُونَ,80,mereka mengetahui,66,mereka ketahui,2,mereka mengetahui,,outside_policy | entity_or_pronoun_shift,73.25,36:36:13 | 70:39:5,they know | they know,Kekalkan sense dominan Quranic sebagai gloss lalai. Alternate hanya jika konteks memaksa.
766,حَتَّىٰ,95,sehingga,78,hingga/sampai,2,sehingga,,outside_policy | slash_gloss,73.13,2:217:32 | 23:54:4,until | until,Kekalkan sense dominan Quranic sebagai gloss lalai. Alternate hanya jika konteks memaksa.
767,عَلَيۡهِمۡ,120,atas mereka,102,atas/kepada mereka,7,atas mereka,,outside_policy | slash_gloss | entity_or_pronoun_shift,73.07,3:164:13 | 4:66:4 | 4:153:6 | 7:167:5 | 7:175:2,to them | on them | to them | upon them | to them,Kekalkan sense dominan Quranic sebagai gloss lalai. Alternate hanya jika konteks memaksa.
768,مَّن,49,orang,27,siapa (Allah),2,orang,barang siapa | siapa,outside_policy | parenthetical | entity_or_pronoun_shift,73.03,67:16:2 | 67:17:3,(from Him) Who | (from Him) Who,Kekalkan gloss relatif yang stabil; jangan tambah rujukan entiti pada token ini.
769,أَحۡسَنَ,15,lebih baik,6,Dia membuat bagus,1,lebih baik,,outside_policy | long_gloss,73.00,32:7:2,made good,Kekalkan sense dominan Quranic sebagai gloss lalai. Alternate hanya jika konteks memaksa.
770,أَحۡسَنَ,15,lebih baik,6,Dia telah berbuat baik,1,lebih baik,,outside_policy | long_gloss,73.00,12:100:20,He was good,Kekalkan sense dominan Quranic sebagai gloss lalai. Alternate hanya jika konteks memaksa.
771,أَحۡسَنَ,15,lebih baik,6,telah berbuat baik,1,lebih baik,,outside_policy | long_gloss,73.00,28:77:14,Allah has been good,Kekalkan sense dominan Quranic sebagai gloss lalai. Alternate hanya jika konteks memaksa.
772,أَنَّىٰ,15,bagaimana,10,apakah patut,1,bagaimana,,outside_policy,73.00,2:247:12,How,Kekalkan sense dominan Quranic sebagai gloss lalai. Alternate hanya jika konteks memaksa.
773,أَنَّىٰ,15,bagaimana,10,dari mana,1,bagaimana,,outside_policy,73.00,3:37:20,From where,Kekalkan sense dominan Quranic sebagai gloss lalai. Alternate hanya jika konteks memaksa.
774,أَنَّىٰ,15,bagaimana,10,kapan saja,1,bagaimana,,outside_policy,73.00,2:223:6,when,Kekalkan sense dominan Quranic sebagai gloss lalai. Alternate hanya jika konteks memaksa.
775,أَنَّىٰ,15,bagaimana,10,kemana,1,bagaimana,,outside_policy,73.00,5:75:24,how,Kekalkan sense dominan Quranic sebagai gloss lalai. Alternate hanya jika konteks memaksa.
776,إِنَّآ,40,sesungguhnya Kami,16,seesungguhnya kami,1,sesungguhnya Kami,,outside_policy | entity_or_pronoun_shift,73.00,36:14:9,"Indeed, We",Kekalkan sense dominan Quranic sebagai gloss lalai. Alternate hanya jika konteks memaksa.
777,إِنَّآ,40,sesungguhnya Kami,16,sesunguhnya Kami,1,sesungguhnya Kami,,outside_policy | entity_or_pronoun_shift,73.00,35:24:1,"Indeed, We",Kekalkan sense dominan Quranic sebagai gloss lalai. Alternate hanya jika konteks memaksa.
778,بِأَنَّهُمۡ,24,kerana sesungguhnya mereka,16,kerana sesungguhnya,1,kerana sesungguhnya mereka,,outside_policy,73.00,9:6:15,(is) because they,Kekalkan sense dominan Quranic sebagai gloss lalai. Alternate hanya jika konteks memaksa.
779,شَدِيدُ,15,sangat keras,6,amat/Maha Keras,1,sangat keras,,outside_policy | slash_gloss,73.00,13:13:18,(is) Mighty,Kekalkan sense dominan Quranic sebagai gloss lalai. Alternate hanya jika konteks memaksa.
780,لَّآ,15,tidak,10,belum pernah,1,tidak,,outside_policy,73.00,5:115:13,not,Kekalkan sense dominan Quranic sebagai gloss lalai. Alternate hanya jika konteks memaksa.
781,يَدَيۡهِ,15,dua tangannya,6,dua tangan/sebelumnya,1,dua tangannya,,outside_policy | slash_gloss,73.00,5:48:8,his hands,Kekalkan sense dominan Quranic sebagai gloss lalai. Alternate hanya jika konteks memaksa.
782,يَدَيۡهِ,15,dua tangannya,6,tangannya (sebelumnya)(,1,dua tangannya,,outside_policy | parenthetical,73.00,12:111:16,(was) before it,Kekalkan sense dominan Quranic sebagai gloss lalai. Alternate hanya jika konteks memaksa.
783,يَسۡمَعُونَ,18,mereka mendengar,12,mendengar,1,mereka mendengar,,outside_policy,73.00,7:179:21,they hear,Kekalkan sense dominan Quranic sebagai gloss lalai. Alternate hanya jika konteks memaksa.
784,ٱلسَّبِيلِ,15,jalan,10,Sabil,1,jalan,,outside_policy,73.00,8:41:15,wayfarer,Kekalkan sense dominan Quranic sebagai gloss lalai. Alternate hanya jika konteks memaksa.
785,ٱلۡمُبِينُ,15,yang nyata,6,nyata/terang,1,yang nyata,,outside_policy | slash_gloss,73.00,24:54:23,[the] clear,Kekalkan sense dominan Quranic sebagai gloss lalai. Alternate hanya jika konteks memaksa.
786,ٱلۡمُبِينُ,15,yang nyata,6,terang/nyata,1,yang nyata,,outside_policy | slash_gloss,73.00,64:12:11,clear,Kekalkan sense dominan Quranic sebagai gloss lalai. Alternate hanya jika konteks memaksa.
787,قَالُواْ,171,mereka berkata,139,berkata mereka,2,mereka berkata,,outside_policy | entity_or_pronoun_shift,72.89,33:22:5 | 61:6:28,they said | they said,Kekalkan sense dominan Quranic sebagai gloss lalai. Alternate hanya jika konteks memaksa.
788,قَالُواْ,171,mereka berkata,139,mereka katakan,2,mereka berkata,,outside_policy | entity_or_pronoun_shift,72.89,3:181:14 | 5:85:4,they said | they said,Kekalkan sense dominan Quranic sebagai gloss lalai. Alternate hanya jika konteks memaksa.
789,وَلَا,604,dan tidak,329,dan kamu tidak,2,dan tidak,dan jangan | dan janganlah | dan tidak ada,outside_policy | long_gloss | entity_or_pronoun_shift,72.84,20:118:6 | 20:119:5,and not | and not,Gunakan bentuk larangan hanya apabila fi'il selepasnya jelas larangan.
790,صَٰلِحٗا,28,kebajikan/saleh,11,anak yang saleh,1,kebajikan/saleh,kebaikan | saleh,outside_policy | long_gloss,72.79,7:189:26,a righteous (child),Kekalkan sense dominan Quranic sebagai gloss lalai. Alternate hanya jika konteks memaksa.
791,مِنۡهُمۡ,56,di antara mereka,22,di antara meraka,1,di antara mereka,,outside_policy | long_gloss,72.79,5:82:21,among them,Kekalkan sense dominan Quranic sebagai gloss lalai. Alternate hanya jika konteks memaksa.
792,يَشۡعُرُونَ,21,mereka menyedari,17,mereka sadar,2,mereka menyedari,,outside_policy | entity_or_pronoun_shift,72.79,2:12:7 | 23:56:7,they realize (it) | they perceive,Kekalkan sense dominan Quranic sebagai gloss lalai. Alternate hanya jika konteks memaksa.
793,عَمَّا,44,dari apa,29,dalam waktu,1,dari apa,,outside_policy,72.77,23:40:2,After a little while,Kekalkan sense dominan Quranic sebagai gloss lalai. Alternate hanya jika konteks memaksa.
794,عَمَّا,44,dari apa,29,daripada apa,1,dari apa,,outside_policy,72.77,10:18:28,above what,Kekalkan sense dominan Quranic sebagai gloss lalai. Alternate hanya jika konteks memaksa.
795,ٱلۡكِتَٰبَ,74,Kitab,29,catatan/perjanjian,1,Kitab,Al Kitab | kitab,outside_policy | slash_gloss,72.76,24:33:13,the writing,Kekalkan sense dominan Quranic sebagai gloss lalai. Alternate hanya jika konteks memaksa.
796,وَٱلۡأَرۡضِ,57,dan bumi,54,dan di bumi,3,dan bumi,,outside_policy | long_gloss,72.75,27:25:9 | 27:75:6 | 30:18:5,and the earth | and the earth | and the earth,Kekalkan sense dominan Quranic sebagai gloss lalai. Alternate hanya jika konteks memaksa.
797,رَبَّنَآ,26,ya Tuhan kami,21,Tuhan kami,2,ya Tuhan kami,,outside_policy | entity_or_pronoun_shift,72.73,5:114:6 | 33:68:1,our Lord | Our Lord,Kekalkan sense dominan Quranic sebagai gloss lalai. Alternate hanya jika konteks memaksa.
798,هُوَ,239,Dia,129,ia (Al Qur'an),2,Dia,Dialah | dia | ia,outside_policy | parenthetical | long_gloss,72.69,69:41:2 | 86:14:2,it | it,Pilih `Dia` bila rujukan kepada Allah jelas; selain itu `dia/ia` mengikut antecedent.
799,يَكُونُ,18,adalah,7,ada/jadi,1,adalah,,outside_policy | slash_gloss,72.67,9:7:2,can (there) be,Kekalkan sense dominan Quranic sebagai gloss lalai. Alternate hanya jika konteks memaksa.
800,يَكُونُ,18,adalah,7,ada/patut,1,adalah,,outside_policy | slash_gloss,72.67,10:15:19,(it) is,Kekalkan sense dominan Quranic sebagai gloss lalai. Alternate hanya jika konteks memaksa.
801,جَمِيعٗا,29,semuanya,19,bersama-sama,1,semuanya,,outside_policy,72.66,4:71:10,all together,Kekalkan sense dominan Quranic sebagai gloss lalai. Alternate hanya jika konteks memaksa.
802,إِلَّا,562,kecuali,366,meliankan,1,kecuali,hanyalah | melainkan | selain,outside_policy,72.54,9:114:6,except,Kekalkan pengecualian sebagai sense utama.
803,لَوۡلَآ,20,mengapa tidak,13,seandainya tidak,1,mengapa tidak,,outside_policy,72.50,25:42:6,if not,Kekalkan sense dominan Quranic sebagai gloss lalai. Alternate hanya jika konteks memaksa.
804,لَوۡلَآ,20,mengapa tidak,13,sekiranya tidak,1,mengapa tidak,,outside_policy,72.50,12:94:10,if not,Kekalkan sense dominan Quranic sebagai gloss lalai. Alternate hanya jika konteks memaksa.
805,ءَامَنُوٓاْ,39,beriman,37,(mereka) beriman,1,beriman,,outside_policy | parenthetical | entity_or_pronoun_shift | annotative_expansion,72.46,13:31:22,believe,Kekalkan sense dominan Quranic sebagai gloss lalai. Alternate hanya jika konteks memaksa.
806,ٱلۡكَٰفِرُونَ,17,orang-orang kafir,11,Orang-orang kafir,1,orang-orang kafir,,outside_policy,72.41,54:8:5,the disbelievers,Kekalkan gloss relatif yang stabil; jangan tambah rujukan entiti pada token ini.
807,بِـَٔايَٰتِنَا,38,dengan ayat-ayat Kami,20,dengan ayat-ayat kami,2,dengan ayat-ayat Kami,,outside_policy | long_gloss | entity_or_pronoun_shift,72.29,17:98:5 | 23:45:6,in Our Verses | with Our Signs,Kekalkan sense dominan Quranic sebagai gloss lalai. Alternate hanya jika konteks memaksa.
808,بِـَٔايَٰتِنَا,38,dengan ayat-ayat Kami,20,terhadap ayat-ayat Kami,2,dengan ayat-ayat Kami,,outside_policy | long_gloss | entity_or_pronoun_shift,72.29,7:156:29 | 41:28:13,in Our Verses | of Our Verses,Kekalkan sense dominan Quranic sebagai gloss lalai. Alternate hanya jika konteks memaksa.
809,لِّلَّذِينَ,28,bagi orang-orang yang,18,bagi orang-orang,1,bagi orang-orang yang,,outside_policy,72.29,60:5:5,for those who,Kekalkan gloss relatif yang stabil; jangan tambah rujukan entiti pada token ini.
810,ٱلصَّـٰلِحِينَ,19,orang-orang yang saleh,15,orang-orang yang soleh,2,orang-orang yang saleh,,outside_policy | long_gloss,72.18,2:130:18 | 6:85:7,the righteous | the righteous,Kekalkan gloss relatif yang stabil; jangan tambah rujukan entiti pada token ini.
811,لَهُۥ,174,baginya,64,bagi mereka,1,baginya,bagi-Nya | kepada-Nya | kepadanya,outside_policy | entity_or_pronoun_shift,72.03,2:102:62,for him,Pilih `baginya` sebagai default; guna `kepadanya` hanya jika struktur menuntut arah/penerima.
812,لَهُۥ,174,baginya,64,untuknya (Ibrahim),1,baginya,bagi-Nya | kepada-Nya | kepadanya,outside_policy | parenthetical,72.03,37:97:3,for him,Pilih `baginya` sebagai default; guna `kepadanya` hanya jika struktur menuntut arah/penerima.
813,لَهُۥ,174,baginya,64,untuknya (Sulaiman),1,baginya,bagi-Nya | kepada-Nya | kepadanya,outside_policy | parenthetical,72.03,34:13:2,for him,Pilih `baginya` sebagai default; guna `kepadanya` hanya jika struktur menuntut arah/penerima.
814,وَجَعَلۡنَا,36,dan Kami jadikan,24,dan Kami jadikan/adakan,1,dan Kami jadikan,,outside_policy | slash_gloss | long_gloss | entity_or_pronoun_shift | annotative_expansion,72.00,17:46:1,And We have placed,Kekalkan sense dominan Quranic sebagai gloss lalai. Alternate hanya jika konteks memaksa.
815,وَجَعَلۡنَا,36,dan Kami jadikan,24,dan Kami jadikan/berikan,1,dan Kami jadikan,,outside_policy | slash_gloss | long_gloss | entity_or_pronoun_shift | annotative_expansion,72.00,13:38:6,and We made,Kekalkan sense dominan Quranic sebagai gloss lalai. Alternate hanya jika konteks memaksa.
816,وَجَعَلۡنَا,36,dan Kami jadikan,24,dan Kami jadikan/pasang,1,dan Kami jadikan,,outside_policy | slash_gloss | long_gloss | entity_or_pronoun_shift | annotative_expansion,72.00,34:33:23,And We will put,Kekalkan sense dominan Quranic sebagai gloss lalai. Alternate hanya jika konteks memaksa.
817,لَهَا,33,baginya,12,bagi mereka,1,baginya,kepadanya | padanya,outside_policy | entity_or_pronoun_shift,71.91,38:15:8,for it,Kekalkan sense dominan Quranic sebagai gloss lalai. Alternate hanya jika konteks memaksa.
818,لَهَا,33,baginya,12,padanya/di hadapannya,1,baginya,kepadanya | padanya,outside_policy | slash_gloss,71.91,19:17:9,then he assumed for her the likeness,Kekalkan sense dominan Quranic sebagai gloss lalai. Alternate hanya jika konteks memaksa.
819,إِلَىٰٓ,54,kepada,34,hingga,1,kepada,,outside_policy,71.89,7:135:5,till,Kekalkan sense dominan Quranic sebagai gloss lalai. Alternate hanya jika konteks memaksa.
820,إِلَىٰٓ,54,kepada,34,kecuali,1,kepada,,outside_policy,71.89,36:50:5,to,Kekalkan sense dominan Quranic sebagai gloss lalai. Alternate hanya jika konteks memaksa.
821,إِلَىٰٓ,54,kepada,34,pada,1,kepada,,outside_policy,71.89,4:2:11,with,Kekalkan sense dominan Quranic sebagai gloss lalai. Alternate hanya jika konteks memaksa.
822,إِلَىٰٓ,54,kepada,34,sampai pada,1,kepada,,outside_policy,71.89,42:14:16,for,Kekalkan sense dominan Quranic sebagai gloss lalai. Alternate hanya jika konteks memaksa.
823,ٱلنَّاسِ,84,manusia,78,manusia (orang lain),1,manusia,,outside_policy | parenthetical | long_gloss | annotative_expansion,71.86,83:2:5,the people,Kekalkan sense dominan Quranic sebagai gloss lalai. Alternate hanya jika konteks memaksa.
824,لَهُمۡ,204,bagi mereka,135,bagi mereka (memperoleh),1,bagi mereka,,outside_policy | parenthetical | long_gloss | entity_or_pronoun_shift | annotative_expansion,71.85,37:41:2,for them,Gunakan gloss dominan Quranic sebagai default. Override hanya bila struktur sintaks jelas memaksa makna lain.
825,لَهُمۡ,204,bagi mereka,135,bagi mereka (mempunyai),1,bagi mereka,,outside_policy | parenthetical | long_gloss | entity_or_pronoun_shift | annotative_expansion,71.85,22:46:6,for them,Gunakan gloss dominan Quranic sebagai default. Override hanya bila struktur sintaks jelas memaksa makna lain.
826,لَهُمۡ,204,bagi mereka,135,bagi mereka (mendapat),1,bagi mereka,,outside_policy | parenthetical | long_gloss | entity_or_pronoun_shift | annotative_expansion,71.85,29:23:11,for them,Gunakan gloss dominan Quranic sebagai default. Override hanya bila struktur sintaks jelas memaksa makna lain.
827,بِهَا,51,dengannya,32,kepadanya,1,dengannya,,outside_policy,71.82,7:146:16,in it,Kekalkan sense dominan Quranic sebagai gloss lalai. Alternate hanya jika konteks memaksa.
828,فِيٓ,86,dalam,31,di/pada,1,dalam,di | pada | tentang,outside_policy | slash_gloss,71.81,34:33:25,on,Variasi hamzah/waqaf. Kekalkan gloss dasar `dalam` kecuali konteks memaksa bacaan topikal.
829,وَلِلَّهِ,25,dan milik Allah,9,dan Allah,1,dan milik Allah,,outside_policy | entity_or_pronoun_shift,71.80,57:10:8,while for Allah,Kekalkan sense dominan Quranic sebagai gloss lalai. Alternate hanya jika konteks memaksa.
830,إِنَّهُمۡ,54,sesungguhnya mereka,50,bahawa sesungguhnya mereka,1,sesungguhnya mereka,,outside_policy | long_gloss | entity_or_pronoun_shift | annotative_expansion,71.78,9:56:3,"indeed, they",Gunakan gloss dominan Quranic sebagai default. Override hanya bila struktur sintaks jelas memaksa makna lain.
831,فَكَيۡفَ,16,maka bagaimana,10,maka alangkah,1,maka bagaimana,,outside_policy,71.75,54:16:1,So how,Kekalkan sense dominan Quranic sebagai gloss lalai. Alternate hanya jika konteks memaksa.
832,فَهُوَ,28,maka dia,10,maka ia/syaitan,1,maka dia,maka Dia | maka itu,outside_policy | slash_gloss,71.71,43:36:9,then he,Kekalkan sense dominan Quranic sebagai gloss lalai. Alternate hanya jika konteks memaksa.
833,فَهُوَ,28,maka dia,10,maka/lalu dia,1,maka dia,maka Dia | maka itu,outside_policy | slash_gloss,71.71,16:75:15,so he,Kekalkan sense dominan Quranic sebagai gloss lalai. Alternate hanya jika konteks memaksa.
834,لَّهُمۡ,22,bagi mereka,17,kepada mereka,2,bagi mereka,,outside_policy | entity_or_pronoun_shift,71.68,4:63:12 | 17:28:10,to them | to them,Kekalkan sense dominan Quranic sebagai gloss lalai. Alternate hanya jika konteks memaksa.
835,مِنكُمۡ,50,di antara kamu,31,di antaramu,1,di antara kamu,,outside_policy,71.60,2:240:3,among you,Kekalkan sense dominan Quranic sebagai gloss lalai. Alternate hanya jika konteks memaksa.
836,وَأُوْلَـٰٓئِكَ,25,dan mereka itu,23,dan mereka itulah,1,dan mereka itu,,outside_policy | long_gloss | entity_or_pronoun_shift | annotative_expansion,71.60,3:104:12,and those ,Kekalkan sense dominan Quranic sebagai gloss lalai. Alternate hanya jika konteks memaksa.
837,عِندَ,98,di sisi,90,di sisi/di dekat,1,di sisi,,outside_policy | slash_gloss | long_gloss | annotative_expansion,71.55,14:37:10,near,Kekalkan sense dominan Quranic sebagai gloss lalai. Alternate hanya jika konteks memaksa.
838,عِندَ,98,di sisi,90,di sisi/di hadapan,1,di sisi,,outside_policy | slash_gloss | long_gloss | annotative_expansion,71.55,39:31:5,before,Kekalkan sense dominan Quranic sebagai gloss lalai. Alternate hanya jika konteks memaksa.
839,لَهُم,69,bagi mereka,53,mereka mempunyai,2,bagi mereka,,outside_policy | entity_or_pronoun_shift,71.54,45:24:14 | 53:28:2,for them | for them,Kekalkan sense dominan Quranic sebagai gloss lalai. Alternate hanya jika konteks memaksa.
840,وَمِنَ,38,dan dari,19,dan (salah seorang) dari,2,dan dari,,outside_policy | parenthetical | long_gloss,71.50,3:45:19 | 3:46:6,and of | and (he will be) of,Kekalkan sense dominan Quranic sebagai gloss lalai. Alternate hanya jika konteks memaksa.
841,يُؤۡمِنُونَ,86,mereka beriman,53,yang beriman,1,mereka beriman,,outside_policy,71.49,30:37:15,who believe,Kekalkan sense dominan Quranic sebagai gloss lalai. Alternate hanya jika konteks memaksa.
842,ٱلۡمُؤۡمِنِينَ,70,orang-orang yang beriman,43,orang mukmin,1,orang-orang yang beriman,,outside_policy,71.43,33:37:36,the believers,Kekalkan gloss relatif yang stabil; jangan tambah rujukan entiti pada token ini.
843,ٱلۡمُؤۡمِنِينَ,70,orang-orang yang beriman,43,yang beriman,1,orang-orang yang beriman,,outside_policy,71.43,33:59:7,(of) the believers,Kekalkan gloss relatif yang stabil; jangan tambah rujukan entiti pada token ini.
844,تَعۡمَلُونَ,82,kamu kerjakan,74,kamu perbuat,3,kamu kerjakan,,outside_policy | entity_or_pronoun_shift,71.41,2:85:49 | 37:96:4 | 52:16:12,you do | you make | do,Kekalkan sense dominan Quranic sebagai gloss lalai. Alternate hanya jika konteks memaksa.
845,فِي,1098,dalam,380,di (tengah-tengah),1,dalam,di | di dalam | pada | tentang,outside_policy | parenthetical,71.38,6:122:10,among,Gunakan `dalam` sebagai default. Tukar kepada `pada` atau `tentang` hanya jika binaan jelas menuntut bacaan tempat atau topik.
846,فِي,1098,dalam,380,di(muka),1,dalam,di | di dalam | pada | tentang,outside_policy | parenthetical,71.38,10:83:18,in,Gunakan `dalam` sebagai default. Tukar kepada `pada` atau `tentang` hanya jika binaan jelas menuntut bacaan tempat atau topik.
847,فِي,1098,dalam,380,di/terhadap,1,dalam,di | di dalam | pada | tentang,outside_policy | slash_gloss,71.38,9:10:3,towards,Gunakan `dalam` sebagai default. Tukar kepada `pada` atau `tentang` hanya jika binaan jelas menuntut bacaan tempat atau topik.
848,فِي,1098,dalam,380,pada/dengan,1,dalam,di | di dalam | pada | tentang,outside_policy | slash_gloss,71.38,27:87:3,[in],Gunakan `dalam` sebagai default. Tukar kepada `pada` atau `tentang` hanya jika binaan jelas menuntut bacaan tempat atau topik.
849,وَهُمۡ,110,dan mereka,67,kematian,1,dan mereka,,outside_policy,71.27,8:6:11,while they,Kekalkan sense dominan Quranic sebagai gloss lalai. Alternate hanya jika konteks memaksa.
850,أَرۡسَلۡنَا,41,Kami telah mengutus,14,Kami mengirimkan,1,Kami telah mengutus,Kami mengutus | Kami utus,outside_policy | entity_or_pronoun_shift,71.24,30:51:2,We sent,Kekalkan sense dominan Quranic sebagai gloss lalai. Alternate hanya jika konteks memaksa.
851,لَآ,48,tidak ada,29,benar-benar,1,tidak ada,,outside_policy,71.12,75:1:1,Nay,Kekalkan sense dominan Quranic sebagai gloss lalai. Alternate hanya jika konteks memaksa.
852,لَآ,48,tidak ada,29,sungguh,1,tidak ada,,outside_policy,71.12,90:1:1,Nay,Kekalkan sense dominan Quranic sebagai gloss lalai. Alternate hanya jika konteks memaksa.
853,تَعۡمَلُونَ,82,kamu kerjakan,74,kamu kerjakan/perbuat,1,kamu kerjakan,,outside_policy | slash_gloss | entity_or_pronoun_shift | annotative_expansion,71.07,7:129:22,you will do,Kekalkan sense dominan Quranic sebagai gloss lalai. Alternate hanya jika konteks memaksa.
854,أَمۡ,103,atau,62,bahkan,1,atau,,outside_policy,71.06,43:79:1,Or,Kekalkan sense dominan Quranic sebagai gloss lalai. Alternate hanya jika konteks memaksa.
855,أَمۡ,103,atau,62,bukankah,1,atau,,outside_policy,71.06,43:52:1,Or,Kekalkan sense dominan Quranic sebagai gloss lalai. Alternate hanya jika konteks memaksa.
856,أَمۡ,103,atau,62,hud-hud,1,atau,,outside_policy,71.06,27:20:8,the hoopoe,Kekalkan sense dominan Quranic sebagai gloss lalai. Alternate hanya jika konteks memaksa.
857,أَعۡمَٰلَهُمۡ,15,amal perbuatan mereka,5,amal-amal mereka,1,amal perbuatan mereka,,outside_policy | entity_or_pronoun_shift,71.00,99:6:6,their deeds,Kekalkan sense dominan Quranic sebagai gloss lalai. Alternate hanya jika konteks memaksa.
858,أَعۡمَٰلَهُمۡ,15,amal perbuatan mereka,5,perbuatan-perbuatan mereka,1,amal perbuatan mereka,,outside_policy | entity_or_pronoun_shift,71.00,27:4:8,their deeds,Kekalkan sense dominan Quranic sebagai gloss lalai. Alternate hanya jika konteks memaksa.
859,يُؤۡمِنُ,18,ia beriman,6,(ia) beriman,1,ia beriman,,outside_policy | parenthetical,71.00,3:199:6,believe,Kekalkan sense dominan Quranic sebagai gloss lalai. Alternate hanya jika konteks memaksa.
860,ٱلۡأَوَّلِينَ,30,orang-orang dahulu,10,orang-orang pertama/dahulu,1,orang-orang dahulu,orang-orang terdahulu | terdahulu,outside_policy | slash_gloss,71.00,56:13:3,the former (people),Kekalkan gloss relatif yang stabil; jangan tambah rujukan entiti pada token ini.
861,ٱلۡأَوَّلِينَ,30,orang-orang dahulu,10,orang-orang pertama/terdahulu,1,orang-orang dahulu,orang-orang terdahulu | terdahulu,outside_policy | slash_gloss,71.00,56:39:3,the former people,Kekalkan gloss relatif yang stabil; jangan tambah rujukan entiti pada token ini.
862,ٱلۡأَوَّلِينَ,30,orang-orang dahulu,10,orang-orang yang dahulu,1,orang-orang dahulu,orang-orang terdahulu | terdahulu,outside_policy | long_gloss,71.00,77:16:3,the former (people),Kekalkan gloss relatif yang stabil; jangan tambah rujukan entiti pada token ini.
863,ٱلۡأَوَّلِينَ,30,orang-orang dahulu,10,orang-orang yang terdahulu,1,orang-orang dahulu,orang-orang terdahulu | terdahulu,outside_policy | long_gloss,71.00,15:10:7,(of) the former (people),Kekalkan gloss relatif yang stabil; jangan tambah rujukan entiti pada token ini.
864,مَا,707,apa,419,aku tidak,1,apa,apa yang | tidak | tidak ada,outside_policy,70.78,28:38:5,Not,Defaultkan kepada `apa`. Tukar hanya bila sintaks jelas menunjukkan partikel nafi atau kata hubung relatif.
865,مَا,707,apa,419,belum pernah,1,apa,apa yang | tidak | tidak ada,outside_policy,70.78,29:28:8,not,Defaultkan kepada `apa`. Tukar hanya bila sintaks jelas menunjukkan partikel nafi atau kata hubung relatif.
866,مَا,707,apa,419,bukanlah,1,apa,apa yang | tidak | tidak ada,outside_policy,70.78,12:31:25,not,Defaultkan kepada `apa`. Tukar hanya bila sintaks jelas menunjukkan partikel nafi atau kata hubung relatif.
867,مَا,707,apa,419,kita tidak,1,apa,apa yang | tidak | tidak ada,outside_policy,70.78,27:49:9,Not,Defaultkan kepada `apa`. Tukar hanya bila sintaks jelas menunjukkan partikel nafi atau kata hubung relatif.
868,مَا,707,apa,419,pengetahuan,1,apa,apa yang | tidak | tidak ada,outside_policy,70.78,13:37:13,not,Defaultkan kepada `apa`. Tukar hanya bila sintaks jelas menunjukkan partikel nafi atau kata hubung relatif.
869,مَا,707,apa,419,saja,1,apa,apa yang | tidak | tidak ada,outside_policy,70.78,2:148:8,that,Defaultkan kepada `apa`. Tukar hanya bila sintaks jelas menunjukkan partikel nafi atau kata hubung relatif.
870,مَا,707,apa,419,tidak akan,1,apa,apa yang | tidak | tidak ada,outside_policy,70.78,50:29:1,Not,Defaultkan kepada `apa`. Tukar hanya bila sintaks jelas menunjukkan partikel nafi atau kata hubung relatif.
871,مَا,707,apa,419,tidak lain,1,apa,apa yang | tidak | tidak ada,outside_policy,70.78,28:36:7,Not,Defaultkan kepada `apa`. Tukar hanya bila sintaks jelas menunjukkan partikel nafi atau kata hubung relatif.
872,مَا,707,apa,419,tidakkah,1,apa,apa yang | tidak | tidak ada,outside_policy,70.78,19:28:3,Not,Defaultkan kepada `apa`. Tukar hanya bila sintaks jelas menunjukkan partikel nafi atau kata hubung relatif.
873,فَإِذَا,76,maka apabila,45,maka ia,1,maka apabila,,outside_policy,70.76,21:18:7,behold,Kekalkan sense dominan Quranic sebagai gloss lalai. Alternate hanya jika konteks memaksa.
874,فَإِذَا,76,maka apabila,45,maka ketika,1,maka apabila,,outside_policy,70.76,17:7:8,So when,Kekalkan sense dominan Quranic sebagai gloss lalai. Alternate hanya jika konteks memaksa.
875,فَلَا,145,maka tidak,47,maka dia tidak akan,1,maka tidak,maka jangan | maka janganlah | maka tidak ada,outside_policy | long_gloss,70.72,20:123:15,then not,Kekalkan sense dominan Quranic sebagai gloss lalai. Alternate hanya jika konteks memaksa.
876,فَلَا,145,maka tidak,47,maka/kerana tidak,1,maka tidak,maka jangan | maka janganlah | maka tidak ada,outside_policy | slash_gloss,70.72,75:31:1,And not,Kekalkan sense dominan Quranic sebagai gloss lalai. Alternate hanya jika konteks memaksa.
877,فَلَا,145,maka tidak,47,maka/mengapa tidak,1,maka tidak,maka jangan | maka janganlah | maka tidak ada,outside_policy | slash_gloss,70.72,2:158:12,so no,Kekalkan sense dominan Quranic sebagai gloss lalai. Alternate hanya jika konteks memaksa.
878,فَلَا,145,maka tidak,47,maka/tetapi tidak,1,maka tidak,maka jangan | maka janganlah | maka tidak ada,outside_policy | slash_gloss,70.72,90:11:1,But not,Kekalkan sense dominan Quranic sebagai gloss lalai. Alternate hanya jika konteks memaksa.
879,أَنفُسِهِمۡ,19,diri mereka sendiri,9,diri/jiwa mereka,2,diri mereka sendiri,,outside_policy | slash_gloss | entity_or_pronoun_shift,70.71,2:265:10 | 4:63:14,their (inner) souls | their souls,Kekalkan sense dominan Quranic sebagai gloss lalai. Alternate hanya jika konteks memaksa.
880,يُحِبُّ,39,Dia menyukai,23,mencintai,1,Dia menyukai,,outside_policy,70.69,61:4:3,loves,Kekalkan sense dominan Quranic sebagai gloss lalai. Alternate hanya jika konteks memaksa.
881,تَرَ,31,kamu memperhatikan,10,kamu ketahui,1,kamu memperhatikan,,outside_policy | entity_or_pronoun_shift,70.68,22:18:2,you see,Kekalkan sense dominan Quranic sebagai gloss lalai. Alternate hanya jika konteks memaksa.
882,تَرَ,31,kamu memperhatikan,10,lihat/perhatikan,1,kamu memperhatikan,,outside_policy | slash_gloss,70.68,89:6:2,you see,Kekalkan sense dominan Quranic sebagai gloss lalai. Alternate hanya jika konteks memaksa.
883,إِنَّمَا,82,sesungguhnya hanyalah,72,sesungguhnya/hanyalah,3,sesungguhnya hanyalah,,outside_policy | slash_gloss,70.67,4:10:7 | 9:55:6 | 9:85:5,only | Only | Only,Kekalkan sense dominan Quranic sebagai gloss lalai. Alternate hanya jika konteks memaksa.
884,ءَايَٰتِهِۦ,17,ayat-ayat-Nya,10,tanda-tanda kekuasaannya,1,ayat-ayat-Nya,,outside_policy,70.65,2:73:9,His Signs,Kekalkan sense dominan Quranic sebagai gloss lalai. Alternate hanya jika konteks memaksa.
885,حَرَّمَ,17,mengharamkan,10,Dia haramkan,1,mengharamkan,,outside_policy,70.65,6:119:14,He (has) forbidden,Kekalkan sense dominan Quranic sebagai gloss lalai. Alternate hanya jika konteks memaksa.
886,حَرَّمَ,17,mengharamkan,10,diharamkan,1,mengharamkan,,outside_policy,70.65,16:115:2,He has forbidden,Kekalkan sense dominan Quranic sebagai gloss lalai. Alternate hanya jika konteks memaksa.
887,حَرَّمَ,17,mengharamkan,10,telah diharamkan,1,mengharamkan,,outside_policy,70.65,9:29:12,Allah has made unlawful,Kekalkan sense dominan Quranic sebagai gloss lalai. Alternate hanya jika konteks memaksa.
888,دُونِهِۦ,17,selain Dia,10,selain,1,selain Dia,,outside_policy,70.65,7:197:4,besides Him,Kekalkan sense dominan Quranic sebagai gloss lalai. Alternate hanya jika konteks memaksa.
889,وَهُمۡ,110,dan mereka,67,dan/padahal mereka,3,dan mereka,,outside_policy | slash_gloss | entity_or_pronoun_shift,70.61,8:34:6 | 9:93:6 | 13:30:15,while they | while they | while they,Kekalkan sense dominan Quranic sebagai gloss lalai. Alternate hanya jika konteks memaksa.
890,وَٱتَّقُواْ,38,dan bertakwalah,28,dan peliharalah dirimu,2,dan bertakwalah,,outside_policy | long_gloss,70.61,2:281:1 | 3:131:1,And fear | And fear,Kekalkan sense dominan Quranic sebagai gloss lalai. Alternate hanya jika konteks memaksa.
891,ٱلۡأٓيَٰتِ,25,ayat-ayat,8,tanda-tanda(kebesaran),1,ayat-ayat,ayat-ayat itu | ayat-ayat/tanda-tanda | tanda-tanda,outside_policy | parenthetical,70.60,6:46:20,the Signs,Kekalkan sense dominan Quranic sebagai gloss lalai. Alternate hanya jika konteks memaksa.
892,بِغَيۡرِ,41,dengan tidak/tanpa,13,bukan/tanpa,1,dengan tidak/tanpa,,outside_policy | slash_gloss,70.51,3:21:8,without,Kekalkan sense dominan Quranic sebagai gloss lalai. Alternate hanya jika konteks memaksa.
893,أَهۡلَكۡنَا,15,Kami telah binasakan,7,Kami telah membinasakan,2,Kami telah binasakan,,outside_policy | long_gloss | entity_or_pronoun_shift,70.50,20:128:5 | 46:27:2,We (have) destroyed | We destroyed,Kekalkan sense dominan Quranic sebagai gloss lalai. Alternate hanya jika konteks memaksa.
894,كُلّٞ,19,masing-masing,6,setiap mereka,1,masing-masing,semuanya,outside_policy | entity_or_pronoun_shift,70.47,36:32:2,all,Kekalkan sense dominan Quranic sebagai gloss lalai. Alternate hanya jika konteks memaksa.
895,كُلّٞ,19,masing-masing,6,tiap-tiap (orang),1,masing-masing,semuanya,outside_policy | parenthetical,70.47,17:84:2,Each,Kekalkan sense dominan Quranic sebagai gloss lalai. Alternate hanya jika konteks memaksa.
896,لَيۡسَ,38,tidak,12,ada (terkandung),1,tidak,tidak ada | tidak/bukan,outside_policy | parenthetical,70.47,3:167:27,was not,Kekalkan sense dominan Quranic sebagai gloss lalai. Alternate hanya jika konteks memaksa.
897,أُوتُواْ,31,(mereka) diberi,27,mereka diberi,3,(mereka) diberi,,outside_policy | entity_or_pronoun_shift,70.46,47:16:12 | 59:9:17 | 98:4:4,were given | they were given | were given,Kekalkan sense dominan Quranic sebagai gloss lalai. Alternate hanya jika konteks memaksa.
898,مَآ,117,apa,68,tidak ada,1,apa,apa yang | tidak,outside_policy,70.44,21:6:1,Not,"Defaultkan kepada makna leksikal yang stabil, bukan perluasan frasa."
899,مَآ,117,apa,68,tidak lain,1,apa,apa yang | tidak,outside_policy,70.44,26:154:1,Not,"Defaultkan kepada makna leksikal yang stabil, bukan perluasan frasa."
900,مَآ,117,apa,68,tidakkah,1,apa,apa yang | tidak,outside_policy,70.44,68:2:1,Not,"Defaultkan kepada makna leksikal yang stabil, bukan perluasan frasa."
901,مِمَّا,51,dari apa,16,dari sebagian apa,1,dari apa,,outside_policy | long_gloss,70.41,13:22:9,from what,Kekalkan sense dominan Quranic sebagai gloss lalai. Alternate hanya jika konteks memaksa.
902,مِمَّا,51,dari apa,16,daripada apa/harta,1,dari apa,,outside_policy | slash_gloss,70.41,4:176:31,of what,Kekalkan sense dominan Quranic sebagai gloss lalai. Alternate hanya jika konteks memaksa.
903,مِمَّا,51,dari apa,16,daripadanya/di antaranya,1,dari apa,,outside_policy | slash_gloss,70.41,10:24:13,from which,Kekalkan sense dominan Quranic sebagai gloss lalai. Alternate hanya jika konteks memaksa.
904,مِمَّا,51,dari apa,16,kerana apa(kejahatan),1,dari apa,,outside_policy | parenthetical,70.41,42:22:4,of what,Kekalkan sense dominan Quranic sebagai gloss lalai. Alternate hanya jika konteks memaksa.
905,وَكُنَّا,16,dan kami adalah,5,dan adalah kita,1,dan kami adalah,,outside_policy | long_gloss,70.38,37:53:3,and become,Kekalkan sense dominan Quranic sebagai gloss lalai. Alternate hanya jika konteks memaksa.
906,تَوَلَّوۡاْ,19,mereka berpaling,11,berpaling,1,mereka berpaling,,outside_policy,70.37,2:137:10,they turn away,Kekalkan sense dominan Quranic sebagai gloss lalai. Alternate hanya jika konteks memaksa.
907,قَبۡلُ,45,sebelum,26,sejak dahulu,1,sebelum,,outside_policy,70.33,10:91:4,before,Kekalkan sense dominan Quranic sebagai gloss lalai. Alternate hanya jika konteks memaksa.
908,مَن,223,orang,69,siap/apa,1,siapa,barang siapa | orang | orang yang,outside_policy | slash_gloss,70.28,13:15:3,whoever,Pilih `siapa` untuk fungsi soal/syarat; `orang/ orang yang` untuk fungsi relatif.
909,لَنَا,54,bagi kami,31,kepada kita,1,bagi kami,untuk kami,outside_policy,70.22,23:47:6,for us,Kekalkan sense dominan Quranic sebagai gloss lalai. Alternate hanya jika konteks memaksa.
910,إِنَّ,596,sesungguhnya,590,sesunguhnya,2,sesungguhnya,,outside_policy,70.20,4:58:21 | 58:20:1,Indeed | Indeed,Gunakan gloss dominan Quranic sebagai default. Override hanya bila struktur sintaks jelas memaksa makna lain.
911,ٱلظَّـٰلِمِينَ,63,orang-orang yang zalim,55,orang-orang yang zalim/aniaya,1,orang-orang yang zalim,,outside_policy | slash_gloss | long_gloss | annotative_expansion,70.19,43:76:6,wrongdoers,Kekalkan gloss relatif yang stabil; jangan tambah rujukan entiti pada token ini.
912,كُلَّ,49,setiap,15,segala/habis-habis,1,setiap,segala | tiap-tiap,outside_policy | slash_gloss,70.18,17:29:9,(to its) utmost,Kekalkan sense dominan Quranic sebagai gloss lalai. Alternate hanya jika konteks memaksa.
913,كُلَّ,49,setiap,15,segala/tiap-tiap,1,setiap,segala | tiap-tiap,outside_policy | slash_gloss,70.18,25:2:16,every,Kekalkan sense dominan Quranic sebagai gloss lalai. Alternate hanya jika konteks memaksa.
914,وَكَانُواْ,30,dan adalah mereka,22,dan mereka adalah,6,dan adalah mereka,,outside_policy | long_gloss | entity_or_pronoun_shift,70.17,2:89:10 | 6:159:5 | 7:146:34 | 7:148:21 | 11:116:25,though they used to | and become | and they were | and they were | and they were,Kekalkan sense dominan Quranic sebagai gloss lalai. Alternate hanya jika konteks memaksa.
915,أَوۡلِيَآءَ,20,pemimpin,6,pelindung/penolong,1,pemimpin,pelindung | pelindung-pelindung,outside_policy | slash_gloss,70.00,4:139:4,(as) allies,Kekalkan sense dominan Quranic sebagai gloss lalai. Alternate hanya jika konteks memaksa.
916,أَوۡلِيَآءَ,20,pemimpin,6,penolong/sahabat,1,pemimpin,pelindung | pelindung-pelindung,outside_policy | slash_gloss,70.00,60:1:8,(as) allies,Kekalkan sense dominan Quranic sebagai gloss lalai. Alternate hanya jika konteks memaksa.
917,خَيۡرٗا,30,lebih baik,17,kebajikan,1,lebih baik,,outside_policy,70.00,2:269:10,good,Kekalkan sense dominan Quranic sebagai gloss lalai. Alternate hanya jika konteks memaksa.
918,كُلُّ,46,tiap-tiap,26,masing-masing,1,tiap-tiap,,outside_policy,69.96,23:91:13,each,Kekalkan sense dominan Quranic sebagai gloss lalai. Alternate hanya jika konteks memaksa.
919,كُلُّ,46,tiap-tiap,26,tiap,1,tiap-tiap,,outside_policy,69.96,30:32:7,each,Kekalkan sense dominan Quranic sebagai gloss lalai. Alternate hanya jika konteks memaksa.
920,ٱلَّذِيٓ,52,yang,45,(Allah) yang,1,yang,,outside_policy | parenthetical | entity_or_pronoun_shift | annotative_expansion,69.96,25:10:2,Who,Kekalkan sense dominan Quranic sebagai gloss lalai. Alternate hanya jika konteks memaksa.
921,سَمِعۡنَا,16,kami mendengar,9,mendengar,1,kami mendengar,,outside_policy,69.88,28:36:13,we heard,Kekalkan sense dominan Quranic sebagai gloss lalai. Alternate hanya jika konteks memaksa.
922,عَلَيۡهِمۡ,120,atas mereka,102,kepada mereka,3,atas mereka,,outside_policy | entity_or_pronoun_shift,69.83,33:9:12 | 37:93:2 | 105:3:2,upon them | upon them | against them,Kekalkan sense dominan Quranic sebagai gloss lalai. Alternate hanya jika konteks memaksa.
923,ءَاتَيۡنَا,17,Kami telah memberikan,5,Kami datangkan,1,Kami telah memberikan,,outside_policy | entity_or_pronoun_shift,69.82,2:53:2,We gave,Kekalkan sense dominan Quranic sebagai gloss lalai. Alternate hanya jika konteks memaksa.
924,تَذَكَّرُونَ,17,kamu mengambil pelajaran,5,kamu mengingat,1,kamu mengambil pelajaran,,outside_policy | entity_or_pronoun_shift,69.82,27:62:16,you remember,Kekalkan sense dominan Quranic sebagai gloss lalai. Alternate hanya jika konteks memaksa.
925,وَهُوَ,169,dan Dia,120,dan/padahal ia,2,dan Dia,dan dia,outside_policy | slash_gloss,69.80,2:204:15 | 2:216:11,and he | and it,Kekalkan sense dominan Quranic sebagai gloss lalai. Alternate hanya jika konteks memaksa.
926,جَعَلَ,43,menjadikan,24,dia jadikan,1,menjadikan,,outside_policy,69.74,29:10:11,he considers,Kekalkan sense dominan Quranic sebagai gloss lalai. Alternate hanya jika konteks memaksa.
927,بِهِۦ,220,dengannya,122,dengan dia,1,dengannya,dengan-Nya | kepadanya | padanya,outside_policy,69.64,46:8:19,Sufficient is He,Defaultkan kepada `dengannya`; jangan serap keseluruhan klausa ke dalam token ini.
928,بِهِۦ,220,dengannya,122,dengan itu,1,dengannya,dengan-Nya | kepadanya | padanya,outside_policy,69.64,2:22:13,therewith,Defaultkan kepada `dengannya`; jangan serap keseluruhan klausa ke dalam token ini.
929,بِهِۦ,220,dengannya,122,denganya,1,dengannya,dengan-Nya | kepadanya | padanya,outside_policy,69.64,18:45:11,with it,Defaultkan kepada `dengannya`; jangan serap keseluruhan klausa ke dalam token ini.
930,بِهِۦ,220,dengannya,122,tentang itu,1,dengannya,dengan-Nya | kepadanya | padanya,outside_policy,69.64,40:42:9,of it,Defaultkan kepada `dengannya`; jangan serap keseluruhan klausa ke dalam token ini.
931,بِهِۦ,220,dengannya,122,terhadapnya,1,dengannya,dengan-Nya | kepadanya | padanya,outside_policy,69.64,12:72:11,for it,Defaultkan kepada `dengannya`; jangan serap keseluruhan klausa ke dalam token ini.
932,رَبِّكَ,70,Tuhanmu,68,tuanmu,2,Tuhanmu,,outside_policy,69.64,12:42:9 | 12:50:11,your master | your lord,Kekalkan sense dominan Quranic sebagai gloss lalai. Alternate hanya jika konteks memaksa.
933,كُلِّ,123,segala,68,segenap,1,segala,setiap | tiap-tiap,outside_policy,69.59,14:17:8,every,Kekalkan sense dominan Quranic sebagai gloss lalai. Alternate hanya jika konteks memaksa.
934,كُلِّ,123,segala,68,semua,1,segala,setiap | tiap-tiap,outside_policy,69.59,11:59:10,(of) every,Kekalkan sense dominan Quranic sebagai gloss lalai. Alternate hanya jika konteks memaksa.
935,ٱلَّذِي,216,yang,184,(Allah) yang,1,yang,,outside_policy | parenthetical | entity_or_pronoun_shift | annotative_expansion,69.56,25:1:2,Who,Gunakan gloss dominan Quranic sebagai default. Override hanya bila struktur sintaks jelas memaksa makna lain.
936,مَّن,49,orang,27,barangsiapa,1,orang,barang siapa | siapa,outside_policy,69.53,17:18:1,Whoever,Kekalkan gloss relatif yang stabil; jangan tambah rujukan entiti pada token ini.
937,مَّن,49,orang,27,siapa yang,1,orang,barang siapa | siapa,outside_policy,69.53,53:29:3,(him) who,Kekalkan gloss relatif yang stabil; jangan tambah rujukan entiti pada token ini.
938,مَّن,49,orang,27,siapakah,1,orang,barang siapa | siapa,outside_policy,69.53,2:245:1,Who,Kekalkan gloss relatif yang stabil; jangan tambah rujukan entiti pada token ini.
939,وَعَمِلُواْ,53,dan mereka beramal,23,dan mereka mengerjakan,2,dan mereka beramal,dan beramal | dan mereka berbuat/beramal,outside_policy | long_gloss | entity_or_pronoun_shift,69.52,2:82:3 | 4:57:3,and did | and did,Kekalkan sense dominan Quranic sebagai gloss lalai. Alternate hanya jika konteks memaksa.
940,عَلَيۡهِمۡ,120,atas mereka,102,atas atas mereka,1,atas mereka,,outside_policy | long_gloss | entity_or_pronoun_shift | annotative_expansion,69.50,76:19:2,among them,Kekalkan sense dominan Quranic sebagai gloss lalai. Alternate hanya jika konteks memaksa.
941,إِنَّهُۥ,141,sesungguhnya Dia,61,sesungguhnya ia (Al Qur'an),2,sesungguhnya Dia,sesungguhnya | sesungguhnya dia | sesungguhnya ia,outside_policy | parenthetical | long_gloss,69.48,69:40:1 | 86:13:1,"Indeed, it (is) | Indeed, it","Pilih rujukan pronomina mengikut antecedent, tetapi kekalkan penegas `sesungguhnya`."
942,وَمَنۡ,46,dan barang siapa,13,dan orang yang,1,dan barang siapa,dan barangsiapa | dan orang | dan orang-orang | dan siapa | dan siapakah,outside_policy | long_gloss,69.48,42:7:9,and whoever,Kekalkan gloss relatif yang stabil; jangan tambah rujukan entiti pada token ini.
943,لِمَن,31,bagi siapa,17,kepada orang,1,bagi siapa,,outside_policy,69.45,3:73:4,(the one) who,Kekalkan gloss relatif yang stabil; jangan tambah rujukan entiti pada token ini.
944,بِمَا,253,dengan apa,71,dengan/segala apa,1,dengan apa,dengan sebab | dengan/terhadap apa | disebabkan | terhadap apa,outside_policy | slash_gloss,69.42,15:94:2,of what,Pilih makna instrumental `dengan apa` sebagai default; sebab/kausal hanya bila konteks jelas.
945,بِمَا,253,dengan apa,71,dengan/terhadap,1,dengan apa,dengan sebab | dengan/terhadap apa | disebabkan | terhadap apa,outside_policy | slash_gloss,69.42,29:10:28,of what,Pilih makna instrumental `dengan apa` sebagai default; sebab/kausal hanya bila konteks jelas.
946,بِمَا,253,dengan apa,71,dengan/terhadap apa-apa,1,dengan apa,dengan sebab | dengan/terhadap apa | disebabkan | terhadap apa,outside_policy | slash_gloss,69.42,58:13:23,of what,Pilih makna instrumental `dengan apa` sebagai default; sebab/kausal hanya bila konteks jelas.
947,بِمَا,253,dengan apa,71,dengan/terhadap/apa,1,dengan apa,dengan sebab | dengan/terhadap apa | disebabkan | terhadap apa,outside_policy | slash_gloss,69.42,24:41:20,of what,Pilih makna instrumental `dengan apa` sebagai default; sebab/kausal hanya bila konteks jelas.
948,بِمَا,253,dengan apa,71,terhadap apa yang,1,dengan apa,dengan sebab | dengan/terhadap apa | disebabkan | terhadap apa,outside_policy | long_gloss,69.42,31:29:23,of what,Pilih makna instrumental `dengan apa` sebagai default; sebab/kausal hanya bila konteks jelas.
949,لَكَ,55,bagimu,30,kepada Engkau,1,bagimu,kepadamu,outside_policy,69.36,3:35:8,to You,Kekalkan sense dominan Quranic sebagai gloss lalai. Alternate hanya jika konteks memaksa.
950,لَكَ,55,bagimu,30,pada Engkau,1,bagimu,kepadamu,outside_policy,69.36,2:128:4,to You,Kekalkan sense dominan Quranic sebagai gloss lalai. Alternate hanya jika konteks memaksa.
951,لَكَ,55,bagimu,30,terhadapmu,1,bagimu,kepadamu,outside_policy,69.36,17:48:4,for you,Kekalkan sense dominan Quranic sebagai gloss lalai. Alternate hanya jika konteks memaksa.
952,لَكَ,55,bagimu,30,tidak ada,1,bagimu,kepadamu,outside_policy,69.36,13:37:14,for you,Kekalkan sense dominan Quranic sebagai gloss lalai. Alternate hanya jika konteks memaksa.
953,لَكَ,55,bagimu,30,untukmu,1,bagimu,kepadamu,outside_policy,69.36,9:48:7,for you,Kekalkan sense dominan Quranic sebagai gloss lalai. Alternate hanya jika konteks memaksa.
954,وَلَا,604,dan tidak,329,and not,1,dan tidak,dan jangan | dan janganlah | dan tidak ada,outside_policy,69.34,36:40:8,and not,Gunakan bentuk larangan hanya apabila fi'il selepasnya jelas larangan.
955,وَلَا,604,dan tidak,329,dan tanpa,1,dan tidak,dan jangan | dan janganlah | dan tidak ada,outside_policy,69.34,31:20:26,and not,Gunakan bentuk larangan hanya apabila fi'il selepasnya jelas larangan.
956,وَلَا,604,dan tidak,329,jangan,1,dan tidak,dan jangan | dan janganlah | dan tidak ada,outside_policy,69.34,7:86:1,And (do) not,Gunakan bentuk larangan hanya apabila fi'il selepasnya jelas larangan.
957,وَلَا,604,dan tidak,329,maka tidak,1,dan tidak,dan jangan | dan janganlah | dan tidak ada,outside_policy,69.34,2:173:17,and not,Gunakan bentuk larangan hanya apabila fi'il selepasnya jelas larangan.
958,وَلَا,604,dan tidak,329,seorang pelindung,1,dan tidak,dan jangan | dan janganlah | dan tidak ada,outside_policy,69.34,13:37:19,and not,Gunakan bentuk larangan hanya apabila fi'il selepasnya jelas larangan.
959,ءَايَٰتِنَا,18,ayat-ayat Kami,15,tanda-tanda Kami,3,ayat-ayat Kami,,outside_policy | entity_or_pronoun_shift,69.33,15:81:2 | 20:23:3 | 41:53:2,Our Signs | Our Signs | Our Signs,Kekalkan sense dominan Quranic sebagai gloss lalai. Alternate hanya jika konteks memaksa.
960,أَلَمۡ,72,tidakkah,20,apakah tidak/bukankah,1,tidakkah,apakah tidak | bukankah | tidaklah,outside_policy | slash_gloss,69.33,94:1:1,Have not,Kekalkan sense dominan Quranic sebagai gloss lalai. Alternate hanya jika konteks memaksa.
961,أَلَمۡ,72,tidakkah,20,apakah tidak/bukanlah,1,tidakkah,apakah tidak | bukankah | tidaklah,outside_policy | slash_gloss,69.33,93:6:1,Did not,Kekalkan sense dominan Quranic sebagai gloss lalai. Alternate hanya jika konteks memaksa.
962,أَلَمۡ,72,tidakkah,20,apakah tidak/tidaklah,1,tidakkah,apakah tidak | bukankah | tidaklah,outside_policy | slash_gloss,69.33,96:14:1,Does not,Kekalkan sense dominan Quranic sebagai gloss lalai. Alternate hanya jika konteks memaksa.
963,أَلَمۡ,72,tidakkah,20,tidaklah/bukankah,1,tidakkah,apakah tidak | bukankah | tidaklah,outside_policy | slash_gloss,69.33,77:20:1,Did not,Kekalkan sense dominan Quranic sebagai gloss lalai. Alternate hanya jika konteks memaksa.
964,يَرَوۡاْ,24,mereka memperhatikan,13,melihat,1,mereka memperhatikan,,outside_policy,69.25,54:2:2,they see,Kekalkan sense dominan Quranic sebagai gloss lalai. Alternate hanya jika konteks memaksa.
965,ٱلۡمُرۡسَلِينَ,24,para Rasul,13,Rasul-Rasul,1,para Rasul,,outside_policy,69.25,6:34:22,(of) the Messengers,Kekalkan sense dominan Quranic sebagai gloss lalai. Alternate hanya jika konteks memaksa.
966,ٱلۡمُرۡسَلِينَ,24,para Rasul,13,Rasul-rasul,1,para Rasul,,outside_policy,69.25,25:20:5,Messengers,Kekalkan sense dominan Quranic sebagai gloss lalai. Alternate hanya jika konteks memaksa.
967,ٱلۡمُرۡسَلِينَ,24,para Rasul,13,utusan-utusan,1,para Rasul,,outside_policy,69.25,36:20:10,the Messengers,Kekalkan sense dominan Quranic sebagai gloss lalai. Alternate hanya jika konteks memaksa.
968,عَلَى,242,atas,131,daripada,1,atas,atas/terhadap | di atas | kepada | terhadap,outside_policy,69.24,41:17:6,over,Sama seperti `عَلَىٰ`; kekalkan preposisi dasar.
969,عَلَى,242,atas,131,dosanya,1,atas,atas/terhadap | di atas | kepada | terhadap,outside_policy,69.24,2:181:8,(would be) on,Sama seperti `عَلَىٰ`; kekalkan preposisi dasar.
970,عَلَى,242,atas,131,ke,1,atas,atas/terhadap | di atas | kepada | terhadap,outside_policy,69.24,46:34:5,to,Sama seperti `عَلَىٰ`; kekalkan preposisi dasar.
971,وَمَآ,131,dan tidak,36,dan apa(peringatan),1,dan apa,dan apa yang | dan tidak | dan tidaklah,outside_policy | parenthetical,69.24,18:56:16,and what,Defaultkan kepada token-faithful gloss; jangan serap makna frasa jiran.
972,وَمَآ,131,dan tidak,36,dan kepada apa,1,dan apa,dan apa yang | dan tidak | dan tidaklah,outside_policy | long_gloss,69.24,8:41:20,and (in) what,Defaultkan kepada token-faithful gloss; jangan serap makna frasa jiran.
973,لِلَّذِينَ,50,bagi orang-orang yang,27,bagi orang-orang,1,bagi orang-orang yang,,outside_policy,69.20,57:21:12,for those who,Kekalkan gloss relatif yang stabil; jangan tambah rujukan entiti pada token ini.
974,لِلَّذِينَ,50,bagi orang-orang yang,27,terhadap orang-orang,1,bagi orang-orang yang,,outside_policy,69.20,5:44:12,for those who,Kekalkan gloss relatif yang stabil; jangan tambah rujukan entiti pada token ini.
975,لِّقَوۡمٖ,35,bagi kaum,29,bagi kamu,3,bagi kaum,,outside_policy | entity_or_pronoun_shift,69.19,13:3:23 | 30:21:19 | 39:42:25,for a people | for a people | for a people,Kekalkan sense dominan Quranic sebagai gloss lalai. Alternate hanya jika konteks memaksa.
976,هُوَ,239,Dia,129,hal itu,1,Dia,Dialah | dia | ia,outside_policy,69.19,33:5:3,it,Pilih `Dia` bila rujukan kepada Allah jelas; selain itu `dia/ia` mengikut antecedent.
977,هُوَ,239,Dia,129,ialah,1,Dia,Dialah | dia | ia,outside_policy,69.19,2:120:14,it,Pilih `Dia` bila rujukan kepada Allah jelas; selain itu `dia/ia` mengikut antecedent.
978,قَالُوٓاْ,75,mereka berkata,54,(mereka) mengatakan,7,mereka berkata,,outside_policy | parenthetical | entity_or_pronoun_shift,69.17,2:275:16 | 3:181:6 | 3:183:2 | 5:14:3 | 5:72:4,say | said | said | said | say,Kekalkan sense dominan Quranic sebagai gloss lalai. Alternate hanya jika konteks memaksa.
979,قُل,45,katakanlah,43,katakan,2,katakanlah,,outside_policy,69.17,33:28:3 | 49:17:5,Say | Say,Kekalkan sense dominan Quranic sebagai gloss lalai. Alternate hanya jika konteks memaksa.
980,تَذَكَّرُونَ,17,kamu mengambil pelajaran,5,kamu ingat/mengambil pelajaran,3,kamu mengambil pelajaran,,outside_policy | slash_gloss | long_gloss | entity_or_pronoun_shift,69.16,16:17:7 | 45:23:24 | 56:62:6,remember | you receive admonition | you take heed,Kekalkan sense dominan Quranic sebagai gloss lalai. Alternate hanya jika konteks memaksa.
981,رَبِّ,80,ya Tuhanku,43,Ya Tuhanku,1,ya Tuhanku,Tuhan | Tuhanku,outside_policy,69.12,23:94:1,My Lord,Kekalkan sense dominan Quranic sebagai gloss lalai. Alternate hanya jika konteks memaksa.
982,رَبِّ,80,ya Tuhanku,43,ya Tuhan,1,ya Tuhanku,Tuhan | Tuhanku,outside_policy,69.12,46:15:22,My Lord,Kekalkan sense dominan Quranic sebagai gloss lalai. Alternate hanya jika konteks memaksa.
983,فَمَا,69,maka tidak,37,bahkan apa,1,maka tidak,,outside_policy,69.09,2:26:10,and (even) something,Kekalkan sense dominan Quranic sebagai gloss lalai. Alternate hanya jika konteks memaksa.
984,فَمَا,69,maka tidak,37,maka apa-apa,1,maka tidak,,outside_policy,69.09,54:5:3,but not,Kekalkan sense dominan Quranic sebagai gloss lalai. Alternate hanya jika konteks memaksa.
985,فَمَا,69,maka tidak,37,maka bagaimanakah,1,maka tidak,,outside_policy,69.09,20:51:2,Then what,Kekalkan sense dominan Quranic sebagai gloss lalai. Alternate hanya jika konteks memaksa.
986,فَمَا,69,maka tidak,37,maka selama,1,maka tidak,,outside_policy,69.09,9:7:15,So long as,Kekalkan sense dominan Quranic sebagai gloss lalai. Alternate hanya jika konteks memaksa.
987,فَمَا,69,maka tidak,37,tidaklah,1,maka tidak,,outside_policy,69.09,18:97:1,So not,Kekalkan sense dominan Quranic sebagai gloss lalai. Alternate hanya jika konteks memaksa.
988,مِّنۡهُ,28,daripadanya,15,darinya,1,daripadanya,,outside_policy,69.07,51:51:9,from Him,Kekalkan sense dominan Quranic sebagai gloss lalai. Alternate hanya jika konteks memaksa.
989,فَمَآ,15,maka tidak,8,maka alangkah,1,maka tidak,,outside_policy,69.00,2:175:8,So what (is),Kekalkan sense dominan Quranic sebagai gloss lalai. Alternate hanya jika konteks memaksa.
990,فَمَآ,15,maka tidak,8,maka apa,1,maka tidak,,outside_policy,69.00,27:36:7,But what,Kekalkan sense dominan Quranic sebagai gloss lalai. Alternate hanya jika konteks memaksa.
991,فَمَآ,15,maka tidak,8,tetapi tidak,1,maka tidak,,outside_policy,69.00,46:26:12,But not,Kekalkan sense dominan Quranic sebagai gloss lalai. Alternate hanya jika konteks memaksa.
992,وَجَعَلۡنَا,36,dan Kami jadikan,24,dan Kami telah menjadikan,5,dan Kami jadikan,,outside_policy | long_gloss | entity_or_pronoun_shift,69.00,6:25:5 | 7:10:5 | 15:20:1 | 18:59:6 | 25:35:5,but We have placed | and We made | And We have made | and We made | and We appointed,Kekalkan sense dominan Quranic sebagai gloss lalai. Alternate hanya jika konteks memaksa.
993,ٱلصُّدُورِ,15,dada,8,hati,1,dada,,outside_policy,69.00,5:7:19,(is in) the breasts,Kekalkan sense dominan Quranic sebagai gloss lalai. Alternate hanya jika konteks memaksa.
994,إِلَيۡكَ,58,kepadamu,55,kepada-Mu,2,kepadamu,,outside_policy,68.95,20:84:7 | 46:15:42,to you | to You,Kekalkan sense dominan Quranic sebagai gloss lalai. Alternate hanya jika konteks memaksa.
995,وَلَئِن,22,dan jika,15,dan sesungguhnya jika,2,dan jika,,outside_policy | long_gloss,68.95,14:7:7 | 17:86:1,but if | And if,Kekalkan sense dominan Quranic sebagai gloss lalai. Alternate hanya jika konteks memaksa.
996,إِنَّكَ,49,sesungguhnya kamu,26,sesungguhnya,1,sesungguhnya kamu,,outside_policy,68.92,71:27:1,"Indeed, You",Kekalkan sense dominan Quranic sebagai gloss lalai. Alternate hanya jika konteks memaksa.
997,إِنَّكَ,49,sesungguhnya kamu,26,sesungguhnya engkau,1,sesungguhnya kamu,,outside_policy,68.92,12:95:3,"indeed, you",Kekalkan sense dominan Quranic sebagai gloss lalai. Alternate hanya jika konteks memaksa.
998,إِنَّكَ,49,sesungguhnya kamu,26,sesunguhnya Engkau,1,sesungguhnya kamu,,outside_policy,68.92,40:8:13,Indeed You,Kekalkan sense dominan Quranic sebagai gloss lalai. Alternate hanya jika konteks memaksa.
999,لِلَّهِ,85,bagi Allah,35,bagi/milik Allah,2,bagi Allah,kepada Allah | kepunyaan Allah,outside_policy | slash_gloss | entity_or_pronoun_shift,68.85,5:120:1 | 12:40:19,To Allah (belongs) | for Allah,Kekalkan sense dominan Quranic sebagai gloss lalai. Alternate hanya jika konteks memaksa.
1000,وَكَذَٰلِكَ,38,dan demikianlah,31,dan demikian itu,3,dan demikianlah,,outside_policy | long_gloss,68.81,2:143:1 | 7:152:13 | 43:23:1,And thus | And thus | And thus,Kekalkan sense dominan Quranic sebagai gloss lalai. Alternate hanya jika konteks memaksa.
1001,ذِي,19,mempunyai,10,Zulqarnain,1,mempunyai,,outside_policy,68.79,18:83:3,Dhul-qarnain,Kekalkan sense dominan Quranic sebagai gloss lalai. Alternate hanya jika konteks memaksa.
1002,ذِي,19,mempunyai,10,memiliki hubungan,1,mempunyai,,outside_policy,68.79,16:90:7,(to) relatives,Kekalkan sense dominan Quranic sebagai gloss lalai. Alternate hanya jika konteks memaksa.
1003,ذِي,19,mempunyai,10,yang memiliki,1,mempunyai,,outside_policy,68.79,4:36:14,(who is),Kekalkan sense dominan Quranic sebagai gloss lalai. Alternate hanya jika konteks memaksa.
1004,مَنِ,19,orang,10,siapa-siapa,1,orang,,outside_policy,68.79,10:38:9,whoever,Kekalkan gloss relatif yang stabil; jangan tambah rujukan entiti pada token ini.
1005,لِلۡكَٰفِرِينَ,16,bagi orang-orang kafir,13,untuk orang-orang kafir,3,bagi orang-orang kafir,,outside_policy | long_gloss,68.71,3:131:5 | 4:37:13 | 4:151:6,for the disbelievers | for the disbelievers | for the disbelievers,Kekalkan gloss relatif yang stabil; jangan tambah rujukan entiti pada token ini.
1006,يَقُولُ,35,berkata,9,mereka katakan,1,berkata,Dia berfirman | Dia berkata | dia berkata | ia berkata,outside_policy | entity_or_pronoun_shift,68.71,19:79:4,he says,Kekalkan sense dominan Quranic sebagai gloss lalai. Alternate hanya jika konteks memaksa.
1007,بِمَآ,43,dengan apa,11,dengan/tentang apa,1,dengan apa,dengan/menurut apa,outside_policy | slash_gloss,68.67,34:34:11,in what,Kekalkan sense dominan Quranic sebagai gloss lalai. Alternate hanya jika konteks memaksa.
1008,وَلَا,604,dan tidak,329,dan mereka tidak,3,dan tidak,dan jangan | dan janganlah | dan tidak ada,outside_policy | long_gloss | entity_or_pronoun_shift,68.67,20:110:7 | 26:152:5 | 27:48:9,while not | and (do) not | and not,Gunakan bentuk larangan hanya apabila fi'il selepasnya jelas larangan.
1009,إِنَّا,115,sesungguhnya kami,60,sesungguhnya kita,1,sesungguhnya kami,,outside_policy,68.65,26:61:7,"Indeed, we",Kekalkan sense dominan Quranic sebagai gloss lalai. Alternate hanya jika konteks memaksa.
1010,إِنَّا,115,sesungguhnya kami,60,sesunguhnya,1,sesungguhnya kami,,outside_policy,68.65,54:49:1,"Indeed, [We]",Kekalkan sense dominan Quranic sebagai gloss lalai. Alternate hanya jika konteks memaksa.
1011,وَعَلَى,23,dan atas,12,dan kepada,1,dan atas,,outside_policy,68.65,5:23:16,And upon,Kekalkan sense dominan Quranic sebagai gloss lalai. Alternate hanya jika konteks memaksa.
1012,لَفِي,27,benar-benar dalam,14,tentu dalam,1,benar-benar dalam,,outside_policy,68.56,2:176:12,(are) surely in,Kekalkan sense dominan Quranic sebagai gloss lalai. Alternate hanya jika konteks memaksa.
1013,بِأَنَّهُمۡ,24,kerana sesungguhnya mereka,16,sesungguhnya mereka,2,kerana sesungguhnya mereka,,outside_policy | entity_or_pronoun_shift,68.50,59:13:9 | 59:14:20,(is) because they | (is) because they,Kekalkan sense dominan Quranic sebagai gloss lalai. Alternate hanya jika konteks memaksa.
1014,عَمِلُواْ,15,mereka kerjakan,6,(mereka) mengerjakan,2,mereka kerjakan,,outside_policy | parenthetical | entity_or_pronoun_shift,68.50,7:153:2 | 16:119:5,do | did,Kekalkan sense dominan Quranic sebagai gloss lalai. Alternate hanya jika konteks memaksa.
1015,وَإِنَّهُۥ,24,dan sesungguhnya ia,6,dan sesungguhnya surat itu,1,dan sesungguhnya ia,dan sesungguhnya dia | dan sesungguhnya ia (Al Qur'an),outside_policy | long_gloss,68.50,27:30:4,and indeed it (is),Kekalkan sense dominan Quranic sebagai gloss lalai. Alternate hanya jika konteks memaksa.
1016,بِكُلِّ,33,dengan segala,17,atas segala,1,dengan segala,dengan/terhadap segala,outside_policy,68.45,2:231:43,of every,Kekalkan sense dominan Quranic sebagai gloss lalai. Alternate hanya jika konteks memaksa.
1017,بِكُلِّ,33,dengan segala,17,dengan seluruh,1,dengan segala,dengan/terhadap segala,outside_policy,68.45,7:112:2,[with] every,Kekalkan sense dominan Quranic sebagai gloss lalai. Alternate hanya jika konteks memaksa.
1018,بِكُلِّ,33,dengan segala,17,dengan setiap,1,dengan segala,dengan/terhadap segala,outside_policy,68.45,10:79:4,every,Kekalkan sense dominan Quranic sebagai gloss lalai. Alternate hanya jika konteks memaksa.
1019,بِكُلِّ,33,dengan segala,17,di setiap,1,dengan segala,dengan/terhadap segala,outside_policy,68.45,7:86:3,on every,Kekalkan sense dominan Quranic sebagai gloss lalai. Alternate hanya jika konteks memaksa.
1020,بِكُلِّ,33,dengan segala,17,pada tiap-tiap,1,dengan segala,dengan/terhadap segala,outside_policy,68.45,26:128:2,on every,Kekalkan sense dominan Quranic sebagai gloss lalai. Alternate hanya jika konteks memaksa.
1021,بِكُلِّ,33,dengan segala,17,terhadap segala,1,dengan segala,dengan/terhadap segala,outside_policy,68.45,49:16:14,of every,Kekalkan sense dominan Quranic sebagai gloss lalai. Alternate hanya jika konteks memaksa.
1022,ٱلۡأَنۡهَٰرُ,29,sungai-sungai,27,sungai,2,sungai-sungai,,outside_policy,68.43,57:12:16 | 98:8:9,the rivers | the rivers,Kekalkan sense dominan Quranic sebagai gloss lalai. Alternate hanya jika konteks memaksa.
1023,قَالُواْ,171,mereka berkata,139,mereka berkata/berdoa,1,mereka berkata,,outside_policy | slash_gloss | entity_or_pronoun_shift | annotative_expansion,68.39,2:250:5,they said,Kekalkan sense dominan Quranic sebagai gloss lalai. Alternate hanya jika konteks memaksa.
1024,إِنَّهُمۡ,54,sesungguhnya mereka,50,sesungguhnya,2,sesungguhnya mereka,,outside_policy,68.28,18:20:1 | 83:15:2,"Indeed, [they] | Indeed, they",Gunakan gloss dominan Quranic sebagai default. Override hanya bila struktur sintaks jelas memaksa makna lain.
1025,ٱلصَّـٰلِحَٰتِ,57,kebajikan/saleh,29,baik,1,kebajikan/saleh,kebaikan | kebajikan | shaleh,outside_policy,68.26,41:8:5,righteous deeds,Kekalkan sense dominan Quranic sebagai gloss lalai. Alternate hanya jika konteks memaksa.
1026,ٱلصَّـٰلِحَٰتِ,57,kebajikan/saleh,29,yang saleh,1,kebajikan/saleh,kebaikan | kebajikan | shaleh,outside_policy,68.26,4:124:4,[the] righteous deeds,Kekalkan sense dominan Quranic sebagai gloss lalai. Alternate hanya jika konteks memaksa.
1027,بِٱلۡبَيِّنَٰتِ,21,dengan keterangan-keterangan,5,dengan bukti-bukti nyata,1,dengan keterangan-keterangan,dengan keterangan yang nyata,outside_policy | long_gloss,68.14,14:9:20,with clear proofs,Kekalkan sense dominan Quranic sebagai gloss lalai. Alternate hanya jika konteks memaksa.
1028,بِٱلۡبَيِّنَٰتِ,21,dengan keterangan-keterangan,5,dengan bukti-bukti yang nyata,1,dengan keterangan-keterangan,dengan keterangan yang nyata,outside_policy | long_gloss,68.14,40:22:6,with clear proofs,Kekalkan sense dominan Quranic sebagai gloss lalai. Alternate hanya jika konteks memaksa.
1029,بِٱلۡبَيِّنَٰتِ,21,dengan keterangan-keterangan,5,dengan keterangan yang jelas,1,dengan keterangan-keterangan,dengan keterangan yang nyata,outside_policy | long_gloss,68.14,61:6:27,with clear proofs,Kekalkan sense dominan Quranic sebagai gloss lalai. Alternate hanya jika konteks memaksa.
1030,ٱتَّخَذُواْ,17,mereka mengambil,4,mereka menjadikan,1,mereka mengambil,(mereka) mengambil/menjadikan,outside_policy | entity_or_pronoun_shift,68.06,7:30:8,take,Kekalkan sense dominan Quranic sebagai gloss lalai. Alternate hanya jika konteks memaksa.
1031,كَانُوٓاْ,19,adalah mereka,15,mereka adalah,3,adalah mereka,,outside_policy | entity_or_pronoun_shift,68.02,2:57:16 | 9:113:10 | 17:27:3,they were | they be | are,Kekalkan sense dominan Quranic sebagai gloss lalai. Alternate hanya jika konteks memaksa.
1032,بَلۡ,96,bahkan,48,sebenarnya,1,bahkan,bahkan/tetapi,outside_policy,68.00,24:50:13,Nay,Kekalkan sense dominan Quranic sebagai gloss lalai. Alternate hanya jika konteks memaksa.
1033,خَلَقۡنَا,18,Kami telah menciptakan,9,tidak menciptakan,1,Kami telah menciptakan,,outside_policy,68.00,21:16:2,We created,Kekalkan sense dominan Quranic sebagai gloss lalai. Alternate hanya jika konteks memaksa.
1034,ذَا,16,mempunyai,8,keluarga,1,mempunyai,,outside_policy,68.00,17:26:2,the relatives,Kekalkan sense dominan Quranic sebagai gloss lalai. Alternate hanya jika konteks memaksa.
1035,لَّهُۥ,30,baginya,15,milik-Nya,1,baginya,,outside_policy,68.00,2:116:7,for Him,Kekalkan sense dominan Quranic sebagai gloss lalai. Alternate hanya jika konteks memaksa.
1036,مَّنۡ,24,orang,12,barang siapa,1,orang,,outside_policy,68.00,41:46:1,Whoever,Kekalkan gloss relatif yang stabil; jangan tambah rujukan entiti pada token ini.
1037,مَّنۡ,24,orang,12,barangsiapa,1,orang,,outside_policy,68.00,20:100:1,Whoever,Kekalkan gloss relatif yang stabil; jangan tambah rujukan entiti pada token ini.
1038,مَّنۡ,24,orang,12,siapa yang,1,orang,,outside_policy,68.00,13:10:3,(one) who,Kekalkan gloss relatif yang stabil; jangan tambah rujukan entiti pada token ini.
1039,مُّبِينٞ,32,yang nyata,16,memberi penjelasan,1,yang nyata,,outside_policy,68.00,43:29:9,clear,Kekalkan sense dominan Quranic sebagai gloss lalai. Alternate hanya jika konteks memaksa.
1040,وَقَدۡ,40,dan sesungguhnya,26,dan/padahal sungguh,2,dan sesungguhnya,,outside_policy | slash_gloss,68.00,6:119:10 | 13:6:5,when indeed | and verily,Kekalkan sense dominan Quranic sebagai gloss lalai. Alternate hanya jika konteks memaksa.
1041,وَٱلۡأَرۡضِۚ,24,dan bumi,22,dan dibumi,2,dan bumi,,outside_policy,68.00,21:19:5 | 31:26:5,and the earth | and the earth,Kekalkan sense dominan Quranic sebagai gloss lalai. Alternate hanya jika konteks memaksa.
1042,يَكُن,24,ada,12,dia,1,ada,,outside_policy,68.00,76:1:9,he was,Kekalkan sense dominan Quranic sebagai gloss lalai. Alternate hanya jika konteks memaksa.
1043,ٱلۡحَقِّ,26,kebenaran,13,hak,1,kebenaran,,outside_policy,68.00,28:39:7,right,Kekalkan sense dominan Quranic sebagai gloss lalai. Alternate hanya jika konteks memaksa.
1044,ٱلۡعَظِيمُ,16,yang besar,8,paling besar,1,yang besar,,outside_policy,68.00,5:119:24,(the) great,Kekalkan sense dominan Quranic sebagai gloss lalai. Alternate hanya jika konteks memaksa.
1045,ٱلۡعَظِيمِ,18,yang besar,9,Maha Besar,1,yang besar,,outside_policy,68.00,69:33:6,the Most Great,Kekalkan sense dominan Quranic sebagai gloss lalai. Alternate hanya jika konteks memaksa.
1046,وَإِذَا,117,dan apabila,107,dan bila,2,dan apabila,,outside_policy,67.94,2:76:7 | 2:117:4,But when | And when,Kekalkan sense dominan Quranic sebagai gloss lalai. Alternate hanya jika konteks memaksa.
1047,غَيۡرَ,39,tidak,9,bukan/selain,1,tidak,bukan | bukan/tidak | selain | tidak/bukan,outside_policy | slash_gloss,67.92,4:81:10,other than,Kekalkan sense dominan Quranic sebagai gloss lalai. Alternate hanya jika konteks memaksa.
1048,غَيۡرَ,39,tidak,9,bukan/tanpa,1,tidak,bukan | bukan/tidak | selain | tidak/bukan,outside_policy | slash_gloss,67.92,5:3:55,(and) not,Kekalkan sense dominan Quranic sebagai gloss lalai. Alternate hanya jika konteks memaksa.
1049,غَيۡرَ,39,tidak,9,selain/kecuali,1,tidak,bukan | bukan/tidak | selain | tidak/bukan,outside_policy | slash_gloss,67.92,11:101:23,other than,Kekalkan sense dominan Quranic sebagai gloss lalai. Alternate hanya jika konteks memaksa.
1050,ذَٰلِكَ,264,demikian itu,131,dmikian itu,1,demikian itu,demikian | demikian/itu,outside_policy,67.89,4:59:25,That,Kekalkan sense dominan Quranic sebagai gloss lalai. Alternate hanya jika konteks memaksa.
1051,ذَٰلِكَ,264,demikian itu,131,itu adalah,1,demikian itu,demikian | demikian/itu,outside_policy,67.89,83:26:4,that,Kekalkan sense dominan Quranic sebagai gloss lalai. Alternate hanya jika konteks memaksa.
1052,بَعۡدَ,57,sesudah,52,setelah,2,sesudah,,outside_policy,67.87,2:181:3 | 34:32:10,after what | after,Kekalkan sense dominan Quranic sebagai gloss lalai. Alternate hanya jika konteks memaksa.
1053,لِّلَّذِينَ,28,bagi orang-orang yang,18,terhadap orang-orang yang,2,bagi orang-orang yang,,outside_policy | long_gloss,67.79,5:82:5 | 5:82:13,to those who | to those who,Kekalkan gloss relatif yang stabil; jangan tambah rujukan entiti pada token ini.
1054,ءَامَنَّا,30,kami beriman,21,kami telah beriman,9,kami beriman,,outside_policy | long_gloss | entity_or_pronoun_shift,67.78,2:14:6 | 2:76:6 | 3:16:5 | 3:53:2 | 5:83:18,We believe[d] | We have believed | (have) believed | we believe[d] | we have believed,Kekalkan sense dominan Quranic sebagai gloss lalai. Alternate hanya jika konteks memaksa.
1055,ٱلصَّـٰلِحِينَ,19,orang-orang yang saleh,15,orang-orang yang saleh/baik,1,orang-orang yang saleh,,outside_policy | slash_gloss | long_gloss | annotative_expansion,67.68,28:27:29,the righteous,Kekalkan gloss relatif yang stabil; jangan tambah rujukan entiti pada token ini.
1056,بِٱلۡأٓخِرَةِ,18,dengan akhirat,4,dengan hari akhir,1,dengan akhirat,kepada akhirat,outside_policy | long_gloss,67.67,16:22:7,in the Hereafter,Kekalkan sense dominan Quranic sebagai gloss lalai. Alternate hanya jika konteks memaksa.
1057,بِٱلۡأٓخِرَةِ,18,dengan akhirat,4,dengan hari akhirat,1,dengan akhirat,kepada akhirat,outside_policy | long_gloss,67.67,11:19:9,in the Hereafter,Kekalkan sense dominan Quranic sebagai gloss lalai. Alternate hanya jika konteks memaksa.
1058,بِٱلۡأٓخِرَةِ,18,dengan akhirat,4,dengan/pada akhirat,1,dengan akhirat,kepada akhirat,outside_policy | slash_gloss,67.67,7:45:9,concerning the Hereafter,Kekalkan sense dominan Quranic sebagai gloss lalai. Alternate hanya jika konteks memaksa.
1059,بِٱلۡأٓخِرَةِ,18,dengan akhirat,4,kepada hari akhirat,1,dengan akhirat,kepada akhirat,outside_policy | long_gloss,67.67,6:113:7,in the Hereafter,Kekalkan sense dominan Quranic sebagai gloss lalai. Alternate hanya jika konteks memaksa.
1060,فَقَالَ,27,maka dia berkata,6,lalu Dia berkata,1,maka dia berkata,lalu dia berkata | maka berkata,outside_policy | long_gloss,67.67,41:11:7,and He said,Kekalkan sense dominan Quranic sebagai gloss lalai. Alternate hanya jika konteks memaksa.
1061,فَقَالَ,27,maka dia berkata,6,lalu di berkata,1,maka dia berkata,lalu dia berkata | maka berkata,outside_policy | long_gloss,67.67,37:89:1,And he said,Kekalkan sense dominan Quranic sebagai gloss lalai. Alternate hanya jika konteks memaksa.
1062,فَقَالَ,27,maka dia berkata,6,lalu ia berkata,1,maka dia berkata,lalu dia berkata | maka berkata,outside_policy | long_gloss,67.67,27:22:4,and he said,Kekalkan sense dominan Quranic sebagai gloss lalai. Alternate hanya jika konteks memaksa.
1063,فَقَالَ,27,maka dia berkata,6,maka Dia berfirman,1,maka dia berkata,lalu dia berkata | maka berkata,outside_policy | long_gloss,67.67,2:31:9,then He said,Kekalkan sense dominan Quranic sebagai gloss lalai. Alternate hanya jika konteks memaksa.
1064,فَقَالَ,27,maka dia berkata,6,maka/lalu berkata,1,maka dia berkata,lalu dia berkata | maka berkata,outside_policy | slash_gloss,67.67,14:21:4,then will say,Kekalkan sense dominan Quranic sebagai gloss lalai. Alternate hanya jika konteks memaksa.
1065,وَأَنَّ,43,dan sesungguhnya,21,Dan bahawa,1,dan sesungguhnya,,outside_policy,67.65,15:50:1,And that,Kekalkan sense dominan Quranic sebagai gloss lalai. Alternate hanya jika konteks memaksa.
1066,مَّا,162,apa,79,berupa,1,apa,apa yang | tidak | tidak ada,outside_policy,67.63,2:26:8,(like) even,Sama seperti `مَا`; pilih gloss nafi hanya jika konteks sintaks memaksa.
1067,مَّا,162,apa,79,bukanlah,1,apa,apa yang | tidak | tidak ada,outside_policy,67.63,5:75:1,Not,Sama seperti `مَا`; pilih gloss nafi hanya jika konteks sintaks memaksa.
1068,مَّا,162,apa,79,sekali,1,apa,apa yang | tidak | tidak ada,outside_policy,67.63,7:10:10,(is) what,Sama seperti `مَا`; pilih gloss nafi hanya jika konteks sintaks memaksa.
1069,أَنزَلَ,47,menurunkan,37,(Allah) menurunkan,1,menurunkan,,outside_policy | parenthetical | entity_or_pronoun_shift | annotative_expansion,67.62,3:154:2,He sent down,Kekalkan sense dominan Quranic sebagai gloss lalai. Alternate hanya jika konteks memaksa.
1070,كَانَ,323,adalah,157,adalh,1,adalah,ada | menjadi,outside_policy,67.58,4:107:12,is,"Untuk WBW, `adalah` lebih stabil daripada variasi gaya bebas."
1071,كَانَ,323,adalah,157,adlah Dia,1,adalah,ada | menjadi,outside_policy,67.58,4:58:23,is,"Untuk WBW, `adalah` lebih stabil daripada variasi gaya bebas."
1072,كَانَ,323,adalah,157,atau,1,adalah,ada | menjadi,outside_policy,67.58,27:20:9,or,"Untuk WBW, `adalah` lebih stabil daripada variasi gaya bebas."
1073,كَانَ,323,adalah,157,boleh,1,adalah,ada | menjadi,outside_policy,67.58,4:92:2,is,"Untuk WBW, `adalah` lebih stabil daripada variasi gaya bebas."
1074,كَانَ,323,adalah,157,dia menjadi,1,adalah,ada | menjadi,outside_policy,67.58,2:135:13,he was,"Untuk WBW, `adalah` lebih stabil daripada variasi gaya bebas."
1075,كَانَ,323,adalah,157,telah ada,1,adalah,ada | menjadi,outside_policy,67.58,3:13:2,it was,"Untuk WBW, `adalah` lebih stabil daripada variasi gaya bebas."
1076,كَانَ,323,adalah,157,tidak ada,1,adalah,ada | menjadi,outside_policy,67.58,29:24:2,was,"Untuk WBW, `adalah` lebih stabil daripada variasi gaya bebas."
1077,بِهِ,28,dengannya,22,dengannya (Al Qur'an,1,dengannya,,outside_policy | parenthetical | long_gloss | annotative_expansion,67.57,26:210:3,have brought it down,Gunakan gloss dominan Quranic sebagai default. Override hanya bila struktur sintaks jelas memaksa makna lain.
1078,بِهِ,28,dengannya,22,dengannya (Al Qur'an),1,dengannya,,outside_policy | parenthetical | long_gloss | annotative_expansion,67.57,6:51:2,with it,Gunakan gloss dominan Quranic sebagai default. Override hanya bila struktur sintaks jelas memaksa makna lain.
1079,بِهِ,28,dengannya,22,dengannya (air itu),1,dengannya,,outside_policy | parenthetical | long_gloss | annotative_expansion,67.57,29:63:9,thereby,Gunakan gloss dominan Quranic sebagai default. Override hanya bila struktur sintaks jelas memaksa makna lain.
1080,يَدۡعُونَ,23,mereka sembah,5,mereka berdo'a,1,mereka sembah,(mereka) menyeru,outside_policy | entity_or_pronoun_shift,67.52,32:16:5,they call,Kekalkan sense dominan Quranic sebagai gloss lalai. Alternate hanya jika konteks memaksa.
1081,يَدۡعُونَ,23,mereka sembah,5,mereka mengajak,1,mereka sembah,(mereka) menyeru,outside_policy | entity_or_pronoun_shift,67.52,2:221:26,they invite,Kekalkan sense dominan Quranic sebagai gloss lalai. Alternate hanya jika konteks memaksa.
1082,يَدۡعُونَ,23,mereka sembah,5,mereka menyembah,1,mereka sembah,(mereka) menyeru,outside_policy | entity_or_pronoun_shift,67.52,13:14:5,they invoke,Kekalkan sense dominan Quranic sebagai gloss lalai. Alternate hanya jika konteks memaksa.
1083,يَدۡعُونَ,23,mereka sembah,5,mereka menyeru,1,mereka sembah,(mereka) menyeru,outside_policy | entity_or_pronoun_shift,67.52,28:41:3,inviting,Kekalkan sense dominan Quranic sebagai gloss lalai. Alternate hanya jika konteks memaksa.
1084,عَلِيمٞ,40,Maha Mengetahui,36,yang pandai,2,Maha Mengetahui,,outside_policy,67.50,7:109:9 | 26:34:7,learned | learned,Kekalkan sense dominan Quranic sebagai gloss lalai. Alternate hanya jika konteks memaksa.
1085,وَلَوۡ,103,walaupun,22,dan jika sekiranya,1,walaupun,dan jika | dan kalau | dan sekiranya,outside_policy | long_gloss,67.41,35:45:1,And if,Kekalkan sense dominan Quranic sebagai gloss lalai. Alternate hanya jika konteks memaksa.
1086,وَلَوۡ,103,walaupun,22,dan jika/kalau,1,walaupun,dan jika | dan kalau | dan sekiranya,outside_policy | slash_gloss,67.41,6:35:19,But if,Kekalkan sense dominan Quranic sebagai gloss lalai. Alternate hanya jika konteks memaksa.
1087,وَلَوۡ,103,walaupun,22,dan kalau sekiranya,1,walaupun,dan jika | dan kalau | dan sekiranya,outside_policy | long_gloss,67.41,8:23:1,And if,Kekalkan sense dominan Quranic sebagai gloss lalai. Alternate hanya jika konteks memaksa.
1088,لَمَّا,25,tatkala,12,belum,1,tatkala,,outside_policy,67.40,80:23:2,Not,Kekalkan sense dominan Quranic sebagai gloss lalai. Alternate hanya jika konteks memaksa.
1089,لَمَّا,25,tatkala,12,kerana apa,1,tatkala,,outside_policy,67.40,18:59:4,when,Kekalkan sense dominan Quranic sebagai gloss lalai. Alternate hanya jika konteks memaksa.
1090,لَمَّا,25,tatkala,12,melainkan,1,tatkala,,outside_policy,67.40,43:35:5,but,Kekalkan sense dominan Quranic sebagai gloss lalai. Alternate hanya jika konteks memaksa.
1091,لَمَّا,25,tatkala,12,setelah,1,tatkala,,outside_policy,67.40,40:66:11,when,Kekalkan sense dominan Quranic sebagai gloss lalai. Alternate hanya jika konteks memaksa.
1092,مِّمَّا,50,dari apa,24,tentang apa,1,dari apa,dari apa yang | daripada apa,outside_policy,67.40,40:34:11,about what,Kekalkan sense dominan Quranic sebagai gloss lalai. Alternate hanya jika konteks memaksa.
1093,يَنظُرُونَ,19,mereka menunggu,4,mereka memperhatikan,1,mereka menunggu,mereka melihat | mereka memandang | mereka menanti-nanti,outside_policy | entity_or_pronoun_shift,67.32,88:17:2,they look,Kekalkan sense dominan Quranic sebagai gloss lalai. Alternate hanya jika konteks memaksa.
1094,لِّمَا,21,terhadap apa,10,kerana apa,1,terhadap apa,,outside_policy,67.29,12:68:24,because,Kekalkan sense dominan Quranic sebagai gloss lalai. Alternate hanya jika konteks memaksa.
1095,لِّمَا,21,terhadap apa,10,terhadap,1,terhadap apa,,outside_policy,67.29,35:31:9,what (was),Kekalkan sense dominan Quranic sebagai gloss lalai. Alternate hanya jika konteks memaksa.
1096,لَّمۡ,74,tidak,66,belum pernah,2,tidak,,outside_policy,67.26,10:24:36 | 10:45:4,not | they had not remained,Kekalkan sense dominan Quranic sebagai gloss lalai. Alternate hanya jika konteks memaksa.
1097,حَيۡثُ,29,di mana saja,6,arah/tempat,1,di mana saja,arah | mana saja,outside_policy | slash_gloss,67.21,16:45:14,where,Kekalkan sense dominan Quranic sebagai gloss lalai. Alternate hanya jika konteks memaksa.
1098,حَيۡثُ,29,di mana saja,6,sekira/sebagaimana,1,di mana saja,arah | mana saja,outside_policy | slash_gloss,67.21,2:222:19,where,Kekalkan sense dominan Quranic sebagai gloss lalai. Alternate hanya jika konteks memaksa.
1099,حَيۡثُ,29,di mana saja,6,sekira/secara,1,di mana saja,arah | mana saja,outside_policy | slash_gloss,67.21,68:44:8,where,Kekalkan sense dominan Quranic sebagai gloss lalai. Alternate hanya jika konteks memaksa.
1100,حَيۡثُ,29,di mana saja,6,tempat/arah,1,di mana saja,arah | mana saja,outside_policy | slash_gloss,67.21,39:25:8,where,Kekalkan sense dominan Quranic sebagai gloss lalai. Alternate hanya jika konteks memaksa.
1101,حَيۡثُ,29,di mana saja,6,tempat/jurusan,1,di mana saja,arah | mana saja,outside_policy | slash_gloss,67.21,16:26:19,where,Kekalkan sense dominan Quranic sebagai gloss lalai. Alternate hanya jika konteks memaksa.
1102,خَلَقَ,57,menciptakan,27,ciptakan,1,menciptakan,Dia menciptakan | telah menciptakan,outside_policy,67.21,92:3:2,created,Kekalkan sense dominan Quranic sebagai gloss lalai. Alternate hanya jika konteks memaksa.
1103,خَلَقَ,57,menciptakan,27,menciptkan,1,menciptakan,Dia menciptakan | telah menciptakan,outside_policy,67.21,65:12:3,created,Kekalkan sense dominan Quranic sebagai gloss lalai. Alternate hanya jika konteks memaksa.
1104,خَلَقَ,57,menciptakan,27,menjadikan,1,menciptakan,Dia menciptakan | telah menciptakan,outside_policy,67.21,2:228:12,(has been) created,Kekalkan sense dominan Quranic sebagai gloss lalai. Alternate hanya jika konteks memaksa.
1105,مَّآ,19,apa,9,tidaklah,1,apa,,outside_policy,67.21,14:22:28,Not,Kekalkan sense dominan Quranic sebagai gloss lalai. Alternate hanya jika konteks memaksa.
1106,لَهُوَ,17,benar-benar Dia,8,adalah ia,1,benar-benar Dia,,outside_policy,67.12,3:62:3,surely it (is),Kekalkan sense dominan Quranic sebagai gloss lalai. Alternate hanya jika konteks memaksa.
1107,لَهُوَ,17,benar-benar Dia,8,sesungguhnya itu,1,benar-benar Dia,,outside_policy,67.12,16:126:10,surely (it) is,Kekalkan sense dominan Quranic sebagai gloss lalai. Alternate hanya jika konteks memaksa.
1108,لَهُوَ,17,benar-benar Dia,8,sungguh ia,1,benar-benar Dia,,outside_policy,67.12,56:95:3,"surely, it",Kekalkan sense dominan Quranic sebagai gloss lalai. Alternate hanya jika konteks memaksa.
1109,يَقُولُونَ,48,mereka mengatakan,17,(mereka) mengatakan,2,mereka mengatakan,,outside_policy | parenthetical | entity_or_pronoun_shift,67.12,16:103:4 | 63:7:3,say | say,Kekalkan sense dominan Quranic sebagai gloss lalai. Alternate hanya jika konteks memaksa.
1110,مِنكُمۡ,50,di antara kamu,31,daripada kamu,2,di antara kamu,,outside_policy | entity_or_pronoun_shift,67.10,9:69:6 | 56:85:4,than you | than you,Kekalkan sense dominan Quranic sebagai gloss lalai. Alternate hanya jika konteks memaksa.
1111,كَمَا,44,sebagaimana,39,seperti,2,sebagaimana,,outside_policy,67.09,2:275:7 | 24:59:7,like | as,Kekalkan sense dominan Quranic sebagai gloss lalai. Alternate hanya jika konteks memaksa.
1112,لَهُم,69,bagi mereka,53,bagi mereka/beroleh,1,bagi mereka,,outside_policy | slash_gloss | entity_or_pronoun_shift | annotative_expansion,67.04,11:11:7,for them,Kekalkan sense dominan Quranic sebagai gloss lalai. Alternate hanya jika konteks memaksa.
1113,يَعۡلَمُ,62,Dia mengetahui,29,Dia ketahui,1,Dia mengetahui,,outside_policy,67.03,10:18:20,he knows,Kekalkan sense dominan Quranic sebagai gloss lalai. Alternate hanya jika konteks memaksa.
1114,يَعۡلَمُ,62,Dia mengetahui,29,Maha Mengetahui,1,Dia mengetahui,,outside_policy,67.03,49:18:3,knows,Kekalkan sense dominan Quranic sebagai gloss lalai. Alternate hanya jika konteks memaksa.
1115,يَعۡلَمُ,62,Dia mengetahui,29,diketahui,1,Dia mengetahui,,outside_policy,67.03,13:33:18,He knows,Kekalkan sense dominan Quranic sebagai gloss lalai. Alternate hanya jika konteks memaksa.
1116,وَإِن,146,dan jika,112,dan jika (dan tidaklah),1,dan jika,,outside_policy | parenthetical | long_gloss | annotative_expansion,67.01,6:26:6,And not,Kekalkan sense dominan Quranic sebagai gloss lalai. Alternate hanya jika konteks memaksa.
1117,أَهۡلَكۡنَا,15,Kami telah binasakan,7,membinasakan,1,Kami telah binasakan,,outside_policy,67.00,26:208:2,We destroyed,Kekalkan sense dominan Quranic sebagai gloss lalai. Alternate hanya jika konteks memaksa.
1118,جَآءَهُم,15,datang kepada mereka,7,telah datang,1,datang kepada mereka,,outside_policy,67.00,54:4:2,has come to them,Kekalkan sense dominan Quranic sebagai gloss lalai. Alternate hanya jika konteks memaksa.
1119,كَٰفِرُونَ,15,orang-orang kafir,3,dalam keadaan kafir,1,orang-orang kafir,orang-orang yang ingkar,outside_policy | long_gloss,67.00,9:125:12,(are) disbelievers,Kekalkan gloss relatif yang stabil; jangan tambah rujukan entiti pada token ini.
1120,كَٰفِرُونَ,15,orang-orang kafir,3,ingkar/tidak mempercayai,1,orang-orang kafir,orang-orang yang ingkar,outside_policy | slash_gloss,67.00,28:48:26,(are) disbelievers,Kekalkan gloss relatif yang stabil; jangan tambah rujukan entiti pada token ini.
1121,كَٰفِرُونَ,15,orang-orang kafir,3,ingkar/tidak percaya,1,orang-orang kafir,orang-orang yang ingkar,outside_policy | slash_gloss,67.00,7:76:8,(are) disbelievers,Kekalkan gloss relatif yang stabil; jangan tambah rujukan entiti pada token ini.
1122,كَٰفِرُونَ,15,orang-orang kafir,3,orang-orang yang kafir,1,orang-orang kafir,orang-orang yang ingkar,outside_policy | long_gloss,67.00,12:37:26,(are) disbelievers,Kekalkan gloss relatif yang stabil; jangan tambah rujukan entiti pada token ini.
1123,كَٰفِرُونَ,15,orang-orang kafir,3,orang-orang yang mengingkari,1,orang-orang kafir,orang-orang yang ingkar,outside_policy | long_gloss,67.00,34:34:14,(are) disbelievers,Kekalkan gloss relatif yang stabil; jangan tambah rujukan entiti pada token ini.
1124,وَأَن,15,dan bahawa,7,dan akan,1,dan bahawa,,outside_policy,67.00,4:127:28,and to,Kekalkan sense dominan Quranic sebagai gloss lalai. Alternate hanya jika konteks memaksa.
1125,وَأَن,15,dan bahawa,7,dan hendaknya,1,dan bahawa,,outside_policy,67.00,20:59:5,and that,Kekalkan sense dominan Quranic sebagai gloss lalai. Alternate hanya jika konteks memaksa.
1126,وَأَن,15,dan bahawa,7,dan sesungguhnya,1,dan bahawa,,outside_policy,67.00,44:19:1,And that,Kekalkan sense dominan Quranic sebagai gloss lalai. Alternate hanya jika konteks memaksa.
1127,وَرَسُولِهِۦ,15,dan Rasul-Nya,7,dan Rasul-Rasul-Nya,1,dan Rasul-Nya,,outside_policy,67.00,4:136:6,and His Messenger,Kekalkan sense dominan Quranic sebagai gloss lalai. Alternate hanya jika konteks memaksa.
1128,وَيَقُولُونَ,28,dan mereka berkata,14,dan mereka berkata/bertanya,1,dan mereka berkata,,outside_policy | slash_gloss | long_gloss | entity_or_pronoun_shift | annotative_expansion,67.00,17:51:18,and they say,Kekalkan sense dominan Quranic sebagai gloss lalai. Alternate hanya jika konteks memaksa.
1129,يَسۡتَطِيعُونَ,15,mereka dapat,3,mereka berkuasa,1,mereka dapat,,outside_policy | entity_or_pronoun_shift,67.00,16:73:15,they are able,Kekalkan sense dominan Quranic sebagai gloss lalai. Alternate hanya jika konteks memaksa.
1130,يَسۡتَطِيعُونَ,15,mereka dapat,3,mereka kuasa,1,mereka dapat,,outside_policy | entity_or_pronoun_shift,67.00,26:211:5,they are able,Kekalkan sense dominan Quranic sebagai gloss lalai. Alternate hanya jika konteks memaksa.
1131,يَسۡتَطِيعُونَ,15,mereka dapat,3,mereka mendapatkan,1,mereka dapat,,outside_policy | entity_or_pronoun_shift,67.00,17:48:8,they can,Kekalkan sense dominan Quranic sebagai gloss lalai. Alternate hanya jika konteks memaksa.
1132,يَسۡتَطِيعُونَ,15,mereka dapat,3,mereka sanggup,1,mereka dapat,,outside_policy | entity_or_pronoun_shift,67.00,11:20:20,able,Kekalkan sense dominan Quranic sebagai gloss lalai. Alternate hanya jika konteks memaksa.
1133,ٱلۡأَلۡبَٰبِ,15,yang berakal,3,akal/berakal,1,yang berakal,akal/fikiran,outside_policy | slash_gloss,67.00,13:19:15,(of) understanding,Kekalkan sense dominan Quranic sebagai gloss lalai. Alternate hanya jika konteks memaksa.
1134,ٱلۡأَلۡبَٰبِ,15,yang berakal,3,berpengetahuan/berilmu,1,yang berakal,akal/fikiran,outside_policy | slash_gloss,67.00,2:269:16,(of) understanding,Kekalkan sense dominan Quranic sebagai gloss lalai. Alternate hanya jika konteks memaksa.
1135,ٱلۡأَلۡبَٰبِ,15,yang berakal,3,fikiran/akal,1,yang berakal,akal/fikiran,outside_policy | slash_gloss,67.00,65:10:9,(of) understanding,Kekalkan sense dominan Quranic sebagai gloss lalai. Alternate hanya jika konteks memaksa.
1136,ٱلۡأَلۡبَٰبِ,15,yang berakal,3,hati/fikiran,1,yang berakal,akal/fikiran,outside_policy | slash_gloss,67.00,38:29:9,those of understanding,Kekalkan sense dominan Quranic sebagai gloss lalai. Alternate hanya jika konteks memaksa.
1137,ٱلۡأَلۡبَٰبِ,15,yang berakal,3,orang-orang yang berpengetahuan,1,yang berakal,akal/fikiran,outside_policy | long_gloss,67.00,3:7:46,(of) understanding,Kekalkan sense dominan Quranic sebagai gloss lalai. Alternate hanya jika konteks memaksa.
1138,ٱلۡمُؤۡمِنِينَ,70,orang-orang yang beriman,43,orang-orang mukmin/beriman,2,orang-orang yang beriman,,outside_policy | slash_gloss,66.93,8:64:8 | 8:65:4,the believers | the believers,Kekalkan gloss relatif yang stabil; jangan tambah rujukan entiti pada token ini.
1139,وَلَن,21,dan tidak,16,dan tidak akan/boleh,1,dan tidak,,outside_policy | slash_gloss | long_gloss | annotative_expansion,66.86,9:83:14,and never,Kekalkan sense dominan Quranic sebagai gloss lalai. Alternate hanya jika konteks memaksa.
1140,ذُو,25,mempunyai,19,(orang yang) mempunyai,1,mempunyai,,outside_policy | parenthetical | long_gloss | annotative_expansion,66.80,41:35:9,(to the) owner,Kekalkan sense dominan Quranic sebagai gloss lalai. Alternate hanya jika konteks memaksa.
1141,قَالَ,407,berkata,78,(Ibrahim) menjawab,1,berkata,(Allah) berfirman | (Musa) berkata | dia berkata,outside_policy | parenthetical,66.75,11:69:8,He said,Kekalkan sense dominan Quranic sebagai gloss lalai. Alternate hanya jika konteks memaksa.
1142,قَالَ,407,berkata,78,berfirman Allah,1,berkata,(Allah) berfirman | (Musa) berkata | dia berkata,outside_policy | entity_or_pronoun_shift,66.75,17:63:1,He said,Kekalkan sense dominan Quranic sebagai gloss lalai. Alternate hanya jika konteks memaksa.
1143,أَرۡسَلۡنَا,41,Kami telah mengutus,14,telah Kami utus,2,Kami telah mengutus,Kami mengutus | Kami utus,outside_policy | long_gloss | entity_or_pronoun_shift,66.74,17:77:4 | 40:78:2,We sent | We have sent,Kekalkan sense dominan Quranic sebagai gloss lalai. Alternate hanya jika konteks memaksa.
1144,أَوَلَمۡ,33,ataukah tidak,25,ataukah tidak / bukan,1,ataukah tidak,,outside_policy | slash_gloss | long_gloss | annotative_expansion,66.73,13:41:1,Did not,Kekalkan sense dominan Quranic sebagai gloss lalai. Alternate hanya jika konteks memaksa.
1145,يَعۡقِلُونَ,21,mereka berakal,4,berakal/memahami,1,mereka berakal,mereka memahami,outside_policy | slash_gloss,66.71,2:170:19,understand,Kekalkan sense dominan Quranic sebagai gloss lalai. Alternate hanya jika konteks memaksa.
1146,وَمَا,507,dan tidak,231,dan siapakah,1,dan apa,dan apa yang | dan tidak | dan tidak ada | dan tidaklah,outside_policy,66.67,25:60:7,And what,Pisahkan antara sambungan `dan apa` dan bentuk nafi `dan tidak` mengikut binaan.
1147,وَمَا,507,dan tidak,231,tidak ada,1,dan apa,dan apa yang | dan tidak | dan tidak ada | dan tidaklah,outside_policy,66.67,42:20:17,but not,Pisahkan antara sambungan `dan apa` dan bentuk nafi `dan tidak` mengikut binaan.
1148,فَهَلۡ,22,maka apakah,10,maka tidak,1,maka apakah,,outside_policy,66.64,10:102:1,Then do,Kekalkan sense dominan Quranic sebagai gloss lalai. Alternate hanya jika konteks memaksa.
1149,فَهَلۡ,22,maka apakah,10,maka tidakkah,1,maka apakah,,outside_policy,66.64,35:43:12,Then do,Kekalkan sense dominan Quranic sebagai gloss lalai. Alternate hanya jika konteks memaksa.
1150,أَلَا,31,ingatlah,14,ketahuilah,1,ingatlah,,outside_policy,66.55,6:62:7,Unquestionably,Kekalkan sense dominan Quranic sebagai gloss lalai. Alternate hanya jika konteks memaksa.
1151,أَلَا,31,ingatlah,14,tidakkah,1,ingatlah,,outside_policy,66.55,83:4:1,Do not,Kekalkan sense dominan Quranic sebagai gloss lalai. Alternate hanya jika konteks memaksa.
1152,أَلَا,31,ingatlah,14,tidaklah,1,ingatlah,,outside_policy,66.55,12:59:10,Do not,Kekalkan sense dominan Quranic sebagai gloss lalai. Alternate hanya jika konteks memaksa.
1153,كُنَّا,62,adalah kami,28,adalah,1,adalah kami,adalah Kami | kami | kami adalah,outside_policy,66.55,26:97:3,we were,Kekalkan sense dominan Quranic sebagai gloss lalai. Alternate hanya jika konteks memaksa.
1154,كُنَّا,62,adalah kami,28,adalah kita,1,adalah kami,adalah Kami | kami | kami adalah,outside_policy,66.55,18:64:4,we were,Kekalkan sense dominan Quranic sebagai gloss lalai. Alternate hanya jika konteks memaksa.
1155,وَلَمَّا,29,dan tatkala,13,padahal belum,1,dan tatkala,,outside_policy,66.45,2:214:6,while not,Kekalkan sense dominan Quranic sebagai gloss lalai. Alternate hanya jika konteks memaksa.
1156,يَفۡتَرُونَ,17,mereka ada-adakan,8,(mereka) mengada-adakan,3,mereka ada-adakan,,outside_policy | parenthetical | entity_or_pronoun_shift,66.45,10:60:4 | 10:69:4 | 16:116:17,invent | invent | invent,Kekalkan sense dominan Quranic sebagai gloss lalai. Alternate hanya jika konteks memaksa.
1157,هَـٰٓؤُلَآءِ,38,mereka itu,17,adalah,1,mereka itu,mereka ini,outside_policy,66.42,4:109:2,those who,Kekalkan sense dominan Quranic sebagai gloss lalai. Alternate hanya jika konteks memaksa.
1158,هَـٰٓؤُلَآءِ,38,mereka itu,17,ini semua,1,mereka itu,mereka ini,outside_policy,66.42,2:31:12,(of) these,Kekalkan sense dominan Quranic sebagai gloss lalai. Alternate hanya jika konteks memaksa.
1159,هَـٰٓؤُلَآءِ,38,mereka itu,17,inilah,1,mereka itu,mereka ini,outside_policy,66.42,11:78:12,These,Kekalkan sense dominan Quranic sebagai gloss lalai. Alternate hanya jika konteks memaksa.
1160,يُرِيدُ,38,menghendaki,17,Dia berkehendak,1,menghendaki,Dia kehendaki,outside_policy,66.42,3:108:9,wants,Kekalkan sense dominan Quranic sebagai gloss lalai. Alternate hanya jika konteks memaksa.
1161,يُرِيدُ,38,menghendaki,17,Dia hendak,1,menghendaki,Dia kehendaki,outside_policy,66.42,4:27:2,wishes,Kekalkan sense dominan Quranic sebagai gloss lalai. Alternate hanya jika konteks memaksa.
1162,يُرِيدُ,38,menghendaki,17,bermaksud,1,menghendaki,Dia kehendaki,outside_policy,66.42,5:91:2,intends,Kekalkan sense dominan Quranic sebagai gloss lalai. Alternate hanya jika konteks memaksa.
1163,يُرِيدُ,38,menghendaki,17,dia bermaksud,1,menghendaki,Dia kehendaki,outside_policy,66.42,7:110:1,He wants,Kekalkan sense dominan Quranic sebagai gloss lalai. Alternate hanya jika konteks memaksa.
1164,يُرِيدُ,38,menghendaki,17,hendak,1,menghendaki,Dia kehendaki,outside_policy,66.42,18:77:15,(that) want(ed),Kekalkan sense dominan Quranic sebagai gloss lalai. Alternate hanya jika konteks memaksa.
1165,يُرِيدُ,38,menghendaki,17,yang dikehendaki,1,menghendaki,Dia kehendaki,outside_policy,66.42,85:16:3,He intends,Kekalkan sense dominan Quranic sebagai gloss lalai. Alternate hanya jika konteks memaksa.
1166,يَعۡلَمُ,62,Dia mengetahui,29,(Allah) mengetahui,3,Dia mengetahui,,outside_policy | parenthetical | entity_or_pronoun_shift,66.37,11:5:11 | 21:28:1 | 22:76:1,He knows | He knows | He knows,Kekalkan sense dominan Quranic sebagai gloss lalai. Alternate hanya jika konteks memaksa.
1167,مِنۡهَا,51,daripadanya,38,daripadanya (kota itu),1,daripadanya,,outside_policy | parenthetical | long_gloss | annotative_expansion,66.35,28:21:2,from it,Kekalkan sense dominan Quranic sebagai gloss lalai. Alternate hanya jika konteks memaksa.
1168,أَرَادَ,18,menghendaki,8,bermaksud,1,menghendaki,,outside_policy,66.33,12:25:15,intended,Kekalkan sense dominan Quranic sebagai gloss lalai. Alternate hanya jika konteks memaksa.
1169,أَرَادَ,18,menghendaki,8,ia hendak,1,menghendaki,,outside_policy,66.33,25:62:12,desires,Kekalkan sense dominan Quranic sebagai gloss lalai. Alternate hanya jika konteks memaksa.
1170,وَبِئۡسَ,15,dan seburuk-buruk,11,dan amat buruk,3,dan seburuk-buruk,,outside_policy | long_gloss,66.33,2:126:29 | 8:16:19 | 67:6:6,and evil | a wretched | and wretched is,Kekalkan sense dominan Quranic sebagai gloss lalai. Alternate hanya jika konteks memaksa.
1171,أُوْلَـٰٓئِكَ,133,mereka itu,97,mereka,3,mereka itu,,outside_policy | entity_or_pronoun_shift,66.21,5:10:5 | 5:43:14 | 24:47:14,those | those | those,Kekalkan sense dominan Quranic sebagai gloss lalai. Alternate hanya jika konteks memaksa.
1172,إِنَّمَآ,28,sesungguhnya hanyalah,24,sesungguhnya,2,sesungguhnya hanyalah,,outside_policy,66.21,7:173:3 | 88:21:2,Only | only,Kekalkan sense dominan Quranic sebagai gloss lalai. Alternate hanya jika konteks memaksa.
1173,عَلَيۡكَ,50,atasmu,22,atas Engkau,1,atasmu,atasmu/kepadamu | kepadamu,outside_policy,66.20,60:4:47,upon You,Kekalkan sense dominan Quranic sebagai gloss lalai. Alternate hanya jika konteks memaksa.
1174,أَنۡ,57,bahawa,25,akan,1,bahawa,agar | supaya | untuk,outside_policy,66.16,11:34:6,to,Jangan terlalu cepat tukar kepada gloss tujuan; kekalkan bentuk dasar kecuali konteks jelas.
1175,أَنۡ,57,bahawa,25,dia,1,bahawa,agar | supaya | untuk,outside_policy,66.16,28:19:2,[that],Jangan terlalu cepat tukar kepada gloss tujuan; kekalkan bentuk dasar kecuali konteks jelas.
1176,أَنۡ,57,bahawa,25,kerana,1,bahawa,agar | supaya | untuk,outside_policy,66.16,2:258:9,because,Jangan terlalu cepat tukar kepada gloss tujuan; kekalkan bentuk dasar kecuali konteks jelas.
1177,أَنۡ,57,bahawa,25,sesungguhnya,1,bahawa,agar | supaya | untuk,outside_policy,66.16,7:123:6,[that],Jangan terlalu cepat tukar kepada gloss tujuan; kekalkan bentuk dasar kecuali konteks jelas.
1178,أَنۡ,57,bahawa,25,telah,1,bahawa,agar | supaya | untuk,outside_policy,66.16,9:74:19,that,Jangan terlalu cepat tukar kepada gloss tujuan; kekalkan bentuk dasar kecuali konteks jelas.
1179,ٱلۡعَٰلَمِينَ,61,semesta alam,45,semesta alam (ummat),1,semesta alam,,outside_policy | parenthetical | long_gloss | annotative_expansion,66.13,29:28:14,the worlds,Kekalkan sense dominan Quranic sebagai gloss lalai. Alternate hanya jika konteks memaksa.
1180,ٱلۡعَٰلَمِينَ,61,semesta alam,45,semesta alam/ummat manusia,1,semesta alam,,outside_policy | slash_gloss | long_gloss | annotative_expansion,66.13,5:115:17,the worlds,Kekalkan sense dominan Quranic sebagai gloss lalai. Alternate hanya jika konteks memaksa.
1181,كَفَرَ,16,kafir,7,mengingkari,1,kafir,,outside_policy,66.12,3:97:20,disbelieved,Kekalkan sense dominan Quranic sebagai gloss lalai. Alternate hanya jika konteks memaksa.
1182,نَفۡسٖ,16,diri,7,yang berjiwa,1,diri,,outside_policy,66.12,29:57:2,soul,Kekalkan sense dominan Quranic sebagai gloss lalai. Alternate hanya jika konteks memaksa.
1183,شَيۡـٔٗا,39,sesuatu,17,sedikit pun,1,sesuatu,sesuatu/sedikitpun,outside_policy,66.08,52:46:6,(in) anything,Kekalkan sense dominan Quranic sebagai gloss lalai. Alternate hanya jika konteks memaksa.
1184,بِـَٔايَٰتِنَا,38,dengan ayat-ayat Kami,20,pada ayat-ayat Kami,4,dengan ayat-ayat Kami,,outside_policy | long_gloss | entity_or_pronoun_shift,66.04,6:39:3 | 7:136:8 | 7:177:6 | 54:42:2,Our Verses | Our Signs | Our Signs | Our Signs,Kekalkan sense dominan Quranic sebagai gloss lalai. Alternate hanya jika konteks memaksa.
1185,كَانَتۡ,23,adalah,10,telah ada,1,adalah,,outside_policy,66.04,60:4:2,(there) is,Kekalkan sense dominan Quranic sebagai gloss lalai. Alternate hanya jika konteks memaksa.
1186,وَلَمۡ,47,dan tidak,34,dan dia tidak,3,dan tidak,,outside_policy | long_gloss,66.04,20:127:5 | 27:10:10 | 28:31:11,and not | and (did) not | and (did) not,Kekalkan sense dominan Quranic sebagai gloss lalai. Alternate hanya jika konteks memaksa.
1187,إِنَّ,596,sesungguhnya,590,sungguh,3,sesungguhnya,,outside_policy,66.03,5:32:33 | 87:18:1 | 100:6:1,indeed | Indeed | Indeed,Gunakan gloss dominan Quranic sebagai default. Override hanya bila struktur sintaks jelas memaksa makna lain.
1188,وَعَمِلُواْ,53,dan mereka beramal,23,dan mengerjakan,1,dan mereka beramal,dan beramal | dan mereka berbuat/beramal,outside_policy,66.02,22:14:6,and do,Kekalkan sense dominan Quranic sebagai gloss lalai. Alternate hanya jika konteks memaksa.
1189,بِغَيۡرِ,41,dengan tidak/tanpa,13,dengan tanpa (alasan),2,dengan tidak/tanpa,,outside_policy | parenthetical | long_gloss,66.01,3:181:17 | 7:33:13,without | without,Kekalkan sense dominan Quranic sebagai gloss lalai. Alternate hanya jika konteks memaksa.
1190,أَشَدُّ,18,lebih/sangat,3,amat/sangat,1,lebih/sangat,sangat,outside_policy | slash_gloss,66.00,9:97:2,(are) stronger,Kekalkan sense dominan Quranic sebagai gloss lalai. Alternate hanya jika konteks memaksa.
1191,أَشَدُّ,18,lebih/sangat,3,sangat/paling,1,lebih/sangat,sangat,outside_policy | slash_gloss,66.00,19:69:7,(who were) worst,Kekalkan sense dominan Quranic sebagai gloss lalai. Alternate hanya jika konteks memaksa.
1192,عَلَيۡهِمۡ,120,atas mereka,102,kepadanya,2,atas mereka,,outside_policy,66.00,1:7:4 | 1:7:7,on them | on themselves,Kekalkan sense dominan Quranic sebagai gloss lalai. Alternate hanya jika konteks memaksa.
1193,إِنَّهُۥ,141,sesungguhnya Dia,61,bahawasanya,1,sesungguhnya Dia,sesungguhnya | sesungguhnya dia | sesungguhnya ia,outside_policy,65.98,6:33:3,that it,"Pilih rujukan pronomina mengikut antecedent, tetapi kekalkan penegas `sesungguhnya`."
1194,إِنَّهُۥ,141,sesungguhnya Dia,61,kerana sesungguhnya,1,sesungguhnya Dia,sesungguhnya | sesungguhnya dia | sesungguhnya ia,outside_policy,65.98,74:16:2,"Indeed, he","Pilih rujukan pronomina mengikut antecedent, tetapi kekalkan penegas `sesungguhnya`."
1195,إِنَّهُۥ,141,sesungguhnya Dia,61,sesunguhnya Dia,1,sesungguhnya Dia,sesungguhnya | sesungguhnya dia | sesungguhnya ia,outside_policy,65.98,8:61:9,Indeed,"Pilih rujukan pronomina mengikut antecedent, tetapi kekalkan penegas `sesungguhnya`."
1196,وَلَآ,53,dan tidak,45,dan bukanlah,2,dan tidak,,outside_policy,65.97,109:4:1 | 109:5:1,And not | And not,Kekalkan sense dominan Quranic sebagai gloss lalai. Alternate hanya jika konteks memaksa.
1197,أَفَلَا,44,apakah maka tidak,19,apakah maka,1,apakah maka tidak,apakah tidak | maka apakah tidak,outside_policy,65.95,23:23:15,Then will not,Kekalkan sense dominan Quranic sebagai gloss lalai. Alternate hanya jika konteks memaksa.
1198,أَفَلَا,44,apakah maka tidak,19,mengapa tidak,1,apakah maka tidak,apakah tidak | maka apakah tidak,outside_policy,65.95,10:31:26,Then will not,Kekalkan sense dominan Quranic sebagai gloss lalai. Alternate hanya jika konteks memaksa.
1199,لَهُمُ,43,bagi mereka,20,bagi mereka (memperoleh),1,bagi mereka,,outside_policy | parenthetical | long_gloss | entity_or_pronoun_shift | annotative_expansion,65.95,20:75:8,for them,Kekalkan sense dominan Quranic sebagai gloss lalai. Alternate hanya jika konteks memaksa.
1200,كَانُواْ,209,adalah mereka,150,mereka,3,adalah mereka,,outside_policy | entity_or_pronoun_shift,65.86,6:140:19 | 29:39:12 | 44:29:7,they are | they could | they were,Gunakan gloss dominan Quranic sebagai default. Override hanya bila struktur sintaks jelas memaksa makna lain.
1201,كَانُواْ,209,adalah mereka,150,yang mereka,3,adalah mereka,,outside_policy | entity_or_pronoun_shift,65.86,6:5:10 | 6:10:11 | 6:24:9,they used to | they used to | they used to,Gunakan gloss dominan Quranic sebagai default. Override hanya bila struktur sintaks jelas memaksa makna lain.
1202,كُنتَ,35,kamu adalah,15,Engkau adalah,1,kamu adalah,,outside_policy,65.86,5:117:21,You were,Kekalkan sense dominan Quranic sebagai gloss lalai. Alternate hanya jika konteks memaksa.
1203,كُنتَ,35,kamu adalah,15,adalah Engkau,1,kamu adalah,,outside_policy,65.86,20:35:2,You are,Kekalkan sense dominan Quranic sebagai gloss lalai. Alternate hanya jika konteks memaksa.
1204,لَأٓيَٰتٖ,28,benar-benar tanda-tanda,12,terdapat tanda-tanda,1,benar-benar tanda-tanda,,outside_policy,65.86,10:67:13,surely (are) Signs,Kekalkan sense dominan Quranic sebagai gloss lalai. Alternate hanya jika konteks memaksa.
1205,لَمِنَ,21,sungguh dari/termasuk,9,termasuk dari,1,sungguh dari/termasuk,,outside_policy,65.86,24:6:16,(is) surely of,Kekalkan sense dominan Quranic sebagai gloss lalai. Alternate hanya jika konteks memaksa.
1206,أَنَّهُمۡ,33,bahawasanya mereka,19,sekiranya mereka,2,bahawasanya mereka,,outside_policy | entity_or_pronoun_shift,65.77,5:66:2 | 49:5:2,that they | they,Kekalkan sense dominan Quranic sebagai gloss lalai. Alternate hanya jika konteks memaksa.
1207,مِنۢ,131,dari,130,dari/di,1,dari,,outside_policy | slash_gloss | annotative_expansion,65.77,24:61:18,from,Kekalkan sense dominan Quranic sebagai gloss lalai. Alternate hanya jika konteks memaksa.
1208,ثُمَّ,337,kemudian,334,kemudian/lalu,1,kemudian,,outside_policy | slash_gloss | annotative_expansion,65.73,6:60:18,then,Kekalkan sense dominan Quranic sebagai gloss lalai. Alternate hanya jika konteks memaksa.
1209,لَنَا,54,bagi kami,31,kepada Kami,2,bagi kami,untuk kami,outside_policy | entity_or_pronoun_shift,65.72,21:73:14 | 21:90:18,of Us | to Us,Kekalkan sense dominan Quranic sebagai gloss lalai. Alternate hanya jika konteks memaksa.
1210,بِهِمۡ,21,dengan mereka,12,kepada mereka,2,dengan mereka,,outside_policy | entity_or_pronoun_shift,65.64,2:15:3 | 7:171:10,at them | upon them,Kekalkan sense dominan Quranic sebagai gloss lalai. Alternate hanya jika konteks memaksa.
1211,لَهُۥٓ,19,baginya,8,padanya,1,baginya,,outside_policy,65.63,46:5:11,to him,Kekalkan sense dominan Quranic sebagai gloss lalai. Alternate hanya jika konteks memaksa.
1212,هُمُ,80,mereka,79,mereka itu,1,mereka,,outside_policy | entity_or_pronoun_shift | annotative_expansion,65.62,9:67:18,they (are),Kekalkan sense dominan Quranic sebagai gloss lalai. Alternate hanya jika konteks memaksa.
1213,هُمۡ,143,mereka,141,mereka itu,1,mereka,,outside_policy | entity_or_pronoun_shift | annotative_expansion,65.58,43:19:4,themselves,Kekalkan sense dominan Quranic sebagai gloss lalai. Alternate hanya jika konteks memaksa.
1214,أَلَّا,43,bahawa tidak,18,agar jangan,1,bahawa tidak,bahawa janganlah | untuk tidak,outside_policy,65.56,12:40:21,that not,Kekalkan sense dominan Quranic sebagai gloss lalai. Alternate hanya jika konteks memaksa.
1215,أَلَّا,43,bahawa tidak,18,agar tidak,1,bahawa tidak,bahawa janganlah | untuk tidak,outside_policy,65.56,11:2:1,"That ""Not",Kekalkan sense dominan Quranic sebagai gloss lalai. Alternate hanya jika konteks memaksa.
1216,أَلَّا,43,bahawa tidak,18,bahawa jangan,1,bahawa tidak,bahawa janganlah | untuk tidak,outside_policy,65.56,17:23:3,that (do) not,Kekalkan sense dominan Quranic sebagai gloss lalai. Alternate hanya jika konteks memaksa.
1217,أَلَّا,43,bahawa tidak,18,kerana,1,bahawa tidak,bahawa janganlah | untuk tidak,outside_policy,65.56,26:3:4,that not,Kekalkan sense dominan Quranic sebagai gloss lalai. Alternate hanya jika konteks memaksa.
1218,أَلَّا,43,bahawa tidak,18,kerana tidak,1,bahawa tidak,bahawa janganlah | untuk tidak,outside_policy,65.56,9:92:20,that not,Kekalkan sense dominan Quranic sebagai gloss lalai. Alternate hanya jika konteks memaksa.
1219,أَلَّا,43,bahawa tidak,18,sehingga tidak,1,bahawa tidak,bahawa janganlah | untuk tidak,outside_policy,65.56,8:34:3,that not,Kekalkan sense dominan Quranic sebagai gloss lalai. Alternate hanya jika konteks memaksa.
1220,أَلَّا,43,bahawa tidak,18,supaya jangan,1,bahawa tidak,bahawa janganlah | untuk tidak,outside_policy,65.56,55:8:1,That not,Kekalkan sense dominan Quranic sebagai gloss lalai. Alternate hanya jika konteks memaksa.
1221,أَلَّا,43,bahawa tidak,18,supaya tidak,1,bahawa tidak,bahawa janganlah | untuk tidak,outside_policy,65.56,3:183:7,that not,Kekalkan sense dominan Quranic sebagai gloss lalai. Alternate hanya jika konteks memaksa.
1222,أَلَّا,43,bahawa tidak,18,tidak akan,1,bahawa tidak,bahawa janganlah | untuk tidak,outside_policy,65.56,14:12:3,that not,Kekalkan sense dominan Quranic sebagai gloss lalai. Alternate hanya jika konteks memaksa.
1223,كُنَّا,62,adalah kami,28,adalah kami/kami berada,1,adalah kami,adalah Kami | kami | kami adalah,outside_policy | slash_gloss | long_gloss | entity_or_pronoun_shift | annotative_expansion,65.55,12:82:4,we were,Kekalkan sense dominan Quranic sebagai gloss lalai. Alternate hanya jika konteks memaksa.
1224,وَمَن,183,dan barang siapa,104,dan orang/apa,2,dan barang siapa,dan barangsiapa | dan orang | dan siapa,outside_policy | slash_gloss,65.55,10:66:7 | 22:18:10,and whoever | and whoever,Defaultkan kepada bentuk syarat yang stabil bila konteks memberi maksud umum.
1225,وَمَن,183,dan barang siapa,104,dan orang/apa-apa,2,dan barang siapa,dan barangsiapa | dan orang | dan siapa,outside_policy | slash_gloss,65.55,23:71:8 | 23:84:4,and whoever | and whoever,Defaultkan kepada bentuk syarat yang stabil bila konteks memberi maksud umum.
1226,كَانُواْ,209,adalah mereka,150,adalah mereka/sesembahan,1,adalah mereka,,outside_policy | slash_gloss | entity_or_pronoun_shift | annotative_expansion,65.53,46:6:4,they will be,Gunakan gloss dominan Quranic sebagai default. Override hanya bila struktur sintaks jelas memaksa makna lain.
1227,كَانُواْ,209,adalah mereka,150,yang adalah mereka,1,adalah mereka,,outside_policy | long_gloss | entity_or_pronoun_shift | annotative_expansion,65.53,40:82:24,they used to,Gunakan gloss dominan Quranic sebagai default. Override hanya bila struktur sintaks jelas memaksa makna lain.
1228,فِيهَاۚ,18,di dalamnya,15,padanya,2,di dalamnya,,outside_policy,65.50,2:71:16 | 57:12:18,in it | therein,Kekalkan sense dominan Quranic sebagai gloss lalai. Alternate hanya jika konteks memaksa.
1229,لَن,36,tidak,15,belum,1,tidak,,outside_policy,65.50,3:92:1,Never,Kekalkan sense dominan Quranic sebagai gloss lalai. Alternate hanya jika konteks memaksa.
1230,هَـٰٓؤُلَآءِ,38,mereka itu,17,mereka itu (orang-orang beriman),1,mereka itu,mereka ini,outside_policy | parenthetical | long_gloss | entity_or_pronoun_shift | annotative_expansion,65.42,83:32:5,these,Kekalkan sense dominan Quranic sebagai gloss lalai. Alternate hanya jika konteks memaksa.
1231,هَـٰٓؤُلَآءِ,38,mereka itu,17,mereka itu (sembilan ayat),1,mereka itu,mereka ini,outside_policy | parenthetical | long_gloss | entity_or_pronoun_shift | annotative_expansion,65.42,17:102:6,these,Kekalkan sense dominan Quranic sebagai gloss lalai. Alternate hanya jika konteks memaksa.
1232,حَتَّىٰٓ,47,sehingga,46,sehingga/sampai,1,sehingga,,outside_policy | slash_gloss | annotative_expansion,65.36,6:34:11,until,Kekalkan sense dominan Quranic sebagai gloss lalai. Alternate hanya jika konteks memaksa.
1233,ٱلنَّاسَ,47,manusia,46,manusia/orang lain,1,manusia,,outside_policy | slash_gloss | annotative_expansion,65.36,4:37:4,the people,Kekalkan sense dominan Quranic sebagai gloss lalai. Alternate hanya jika konteks memaksa.
1234,وَلَوۡلَا,17,dan kalau tidak,7,dan seandainya,1,dan kalau tidak,,outside_policy,65.35,2:251:14,And if not,Kekalkan sense dominan Quranic sebagai gloss lalai. Alternate hanya jika konteks memaksa.
1235,يَكُونَ,17,adalah,7,ada,1,adalah,,outside_policy,65.35,4:165:5,there is,Kekalkan sense dominan Quranic sebagai gloss lalai. Alternate hanya jika konteks memaksa.
1236,مِن,728,dari,711,dari/dengan,1,dari,,outside_policy | slash_gloss | annotative_expansion,65.30,14:16:5,of,Gunakan gloss dominan Quranic sebagai default. Override hanya bila struktur sintaks jelas memaksa makna lain.
1237,مِن,728,dari,711,dari/di,1,dari,,outside_policy | slash_gloss | annotative_expansion,65.30,4:102:16,from,Gunakan gloss dominan Quranic sebagai default. Override hanya bila struktur sintaks jelas memaksa makna lain.
1238,مِن,728,dari,711,dari/tentang,1,dari,,outside_policy | slash_gloss | annotative_expansion,65.30,12:87:4,about,Gunakan gloss dominan Quranic sebagai default. Override hanya bila struktur sintaks jelas memaksa makna lain.
1239,لَهُم,69,bagi mereka,53,untuk mereka,4,bagi mereka,,outside_policy | entity_or_pronoun_shift,65.29,8:60:2 | 32:17:6 | 36:42:2 | 36:71:5,for them | for them | for them | for them,Kekalkan sense dominan Quranic sebagai gloss lalai. Alternate hanya jika konteks memaksa.
1240,مِّن,372,dari,363,dari/dengan,1,dari,,outside_policy | slash_gloss | annotative_expansion,65.27,3:125:6,[of],Gunakan gloss dominan Quranic sebagai default. Override hanya bila struktur sintaks jelas memaksa makna lain.
1241,مِّن,372,dari,363,dari/menurut,1,dari,,outside_policy | slash_gloss | annotative_expansion,65.27,65:7:4,from,Gunakan gloss dominan Quranic sebagai default. Override hanya bila struktur sintaks jelas memaksa makna lain.
1242,مِّن,372,dari,363,dari/sebagian,1,dari,,outside_policy | slash_gloss | annotative_expansion,65.27,30:23:7,of,Gunakan gloss dominan Quranic sebagai default. Override hanya bila struktur sintaks jelas memaksa makna lain.
1243,مِّنۢ,40,dari,39,dari/di,1,dari,,outside_policy | slash_gloss | annotative_expansion,65.25,6:53:10,from,Kekalkan sense dominan Quranic sebagai gloss lalai. Alternate hanya jika konteks memaksa.
1244,يُنفِقُونَ,18,mereka menafkahkan,9,(mereka) menafkahkan,4,mereka menafkahkan,,outside_policy | parenthetical | entity_or_pronoun_shift,65.25,2:261:3 | 2:274:2 | 3:134:2 | 4:38:2,spend | spend | spend | spend,Kekalkan sense dominan Quranic sebagai gloss lalai. Alternate hanya jika konteks memaksa.
1245,عَلَيۡهَا,34,atasnya,24,atasnya (kebun itu),1,atasnya,,outside_policy | parenthetical | long_gloss | annotative_expansion,65.18,68:19:2,upon it,Kekalkan sense dominan Quranic sebagai gloss lalai. Alternate hanya jika konteks memaksa.
1246,عَلَيۡهَا,34,atasnya,24,atasnya/hati mereka,1,atasnya,,outside_policy | slash_gloss | entity_or_pronoun_shift | annotative_expansion,65.18,4:155:17,on their (hearts),Kekalkan sense dominan Quranic sebagai gloss lalai. Alternate hanya jika konteks memaksa.
1247,هُم,36,mereka,35,mereka tidak,1,mereka,,outside_policy | entity_or_pronoun_shift | annotative_expansion,65.17,22:2:17,they,Kekalkan sense dominan Quranic sebagai gloss lalai. Alternate hanya jika konteks memaksa.
1248,إِنِّيٓ,50,sesungguhnya aku,41,sesungguhnya,2,sesungguhnya aku,,outside_policy,65.10,11:54:9 | 15:89:2,"Indeed, I | Indeed, I",Kekalkan sense dominan Quranic sebagai gloss lalai. Alternate hanya jika konteks memaksa.
1249,إِنِّيٓ,50,sesungguhnya aku,41,sesungguhnya saya,2,sesungguhnya aku,,outside_policy,65.10,8:48:26 | 8:48:31,"Indeed, I | indeed, I",Kekalkan sense dominan Quranic sebagai gloss lalai. Alternate hanya jika konteks memaksa.
1250,كُلِّ,123,segala,68,tiap-tiap/segenap,2,segala,setiap | tiap-tiap,outside_policy | slash_gloss,65.09,10:22:24 | 22:27:12,every | every,Kekalkan sense dominan Quranic sebagai gloss lalai. Alternate hanya jika konteks memaksa.
1251,أَحۡسَنَ,15,lebih baik,6,berbuat baik,1,lebih baik,,outside_policy,65.00,6:154:8,did good,Kekalkan sense dominan Quranic sebagai gloss lalai. Alternate hanya jika konteks memaksa.
1252,أَحۡسَنَ,15,lebih baik,6,membaguskan,1,lebih baik,,outside_policy,65.00,65:11:31,Has been (granted) good,Kekalkan sense dominan Quranic sebagai gloss lalai. Alternate hanya jika konteks memaksa.
1253,أَحۡسَنَ,15,lebih baik,6,paling baik,1,lebih baik,,outside_policy,65.00,39:23:3,(the) best,Kekalkan sense dominan Quranic sebagai gloss lalai. Alternate hanya jika konteks memaksa.
1254,أَحۡسَنَ,15,lebih baik,6,sebaik-baiknya,1,lebih baik,,outside_policy,65.00,39:55:2,(the) best,Kekalkan sense dominan Quranic sebagai gloss lalai. Alternate hanya jika konteks memaksa.
1255,شَدِيدُ,15,sangat keras,6,sangat,1,sangat keras,,outside_policy,65.00,53:5:2,the (one) mighty,Kekalkan sense dominan Quranic sebagai gloss lalai. Alternate hanya jika konteks memaksa.
1256,كُنتُ,15,adalah aku,6,Aku adalah,1,adalah aku,,outside_policy,65.00,18:51:10,I Am,Kekalkan sense dominan Quranic sebagai gloss lalai. Alternate hanya jika konteks memaksa.
1257,كُنتُ,15,adalah aku,6,aku ada,1,adalah aku,,outside_policy,65.00,11:28:5,I was,Kekalkan sense dominan Quranic sebagai gloss lalai. Alternate hanya jika konteks memaksa.
1258,ٱلۡقَوۡمِ,30,kaum,29,kaum/golongan,1,kaum,,outside_policy | slash_gloss | annotative_expansion,65.00,6:77:17,the people,Kekalkan sense dominan Quranic sebagai gloss lalai. Alternate hanya jika konteks memaksa.
1259,ٱلۡمُبِينُ,15,yang nyata,6,yang menjelaskan,1,yang nyata,,outside_policy,65.00,24:25:11,the Manifest,Kekalkan sense dominan Quranic sebagai gloss lalai. Alternate hanya jika konteks memaksa.
1260,فِيهَا,183,di dalamnya,128,di dalamnya (di bumi),1,di dalamnya,ke dalamnya | padanya,outside_policy | parenthetical | long_gloss | annotative_expansion,64.98,20:53:8,therein,Kekalkan gloss lokatif sebagai default.
1261,فِيهَا,183,di dalamnya,128,di dalamnya (di dalam sorga),1,di dalamnya,ke dalamnya | padanya,outside_policy | parenthetical | long_gloss | annotative_expansion,64.98,76:18:2,therein,Kekalkan gloss lokatif sebagai default.
1262,فِيهَا,183,di dalamnya,128,di dalamnya (kota),1,di dalamnya,ke dalamnya | padanya,outside_policy | parenthetical | long_gloss | annotative_expansion,64.98,28:15:9,therein,Kekalkan gloss lokatif sebagai default.
1263,فِيهَا,183,di dalamnya,128,di dalamnya (neraka),1,di dalamnya,ke dalamnya | padanya,outside_policy | parenthetical | long_gloss | annotative_expansion,64.98,26:96:3,in it,Kekalkan gloss lokatif sebagai default.
1264,فِيهَا,183,di dalamnya,128,di dalamnya (perahu ini),1,di dalamnya,ke dalamnya | padanya,outside_policy | parenthetical | long_gloss | annotative_expansion,64.98,23:27:14,into it,Kekalkan gloss lokatif sebagai default.
1265,فِيهَا,183,di dalamnya,128,di dalamnya/di akhirat,1,di dalamnya,ke dalamnya | padanya,outside_policy | slash_gloss | long_gloss | annotative_expansion,64.98,11:16:12,therein,Kekalkan gloss lokatif sebagai default.
1266,فِيهَا,183,di dalamnya,128,di dalamnya/di atasnya,1,di dalamnya,ke dalamnya | padanya,outside_policy | slash_gloss | long_gloss | annotative_expansion,64.98,26:7:7,in it,Kekalkan gloss lokatif sebagai default.
1267,فِيهَا,183,di dalamnya,128,di dalamnya/ke dalamnya,1,di dalamnya,ke dalamnya | padanya,outside_policy | slash_gloss | long_gloss | annotative_expansion,64.98,21:91:5,into her,Kekalkan gloss lokatif sebagai default.
1268,وَكَذَٰلِكَ,38,dan demikianlah,31,dan demikian,2,dan demikianlah,,outside_policy,64.97,20:126:6 | 42:7:1,and thus | And thus,Kekalkan sense dominan Quranic sebagai gloss lalai. Alternate hanya jika konteks memaksa.
1269,وَلَا,604,dan tidak,329,dan dia tidak,2,dan tidak,dan jangan | dan janganlah | dan tidak ada,outside_policy | long_gloss,64.84,20:74:12 | 20:123:17,and not | and not,Gunakan bentuk larangan hanya apabila fi'il selepasnya jelas larangan.
1270,وَلَا,604,dan tidak,329,dan ia tidak,2,dan tidak,dan jangan | dan janganlah | dan tidak ada,outside_policy | long_gloss,64.84,20:89:7 | 28:13:7,and not | and not,Gunakan bentuk larangan hanya apabila fi'il selepasnya jelas larangan.
1271,صَٰلِحٗا,28,kebajikan/saleh,11,anak saleh,1,kebajikan/saleh,kebaikan | saleh,outside_policy,64.79,7:190:3,"a good, (child)",Kekalkan sense dominan Quranic sebagai gloss lalai. Alternate hanya jika konteks memaksa.
1272,صَٰلِحٗا,28,kebajikan/saleh,11,kebajikan,1,kebajikan/saleh,kebaikan | saleh,outside_policy,64.79,40:40:10,righteous (deeds),Kekalkan sense dominan Quranic sebagai gloss lalai. Alternate hanya jika konteks memaksa.
1273,صَٰلِحٗا,28,kebajikan/saleh,11,orang saleh,1,kebajikan/saleh,kebaikan | saleh,outside_policy,64.79,18:82:14,righteous,Kekalkan sense dominan Quranic sebagai gloss lalai. Alternate hanya jika konteks memaksa.
1274,صَٰلِحٗا,28,kebajikan/saleh,11,shaleh,1,kebajikan/saleh,kebaikan | saleh,outside_policy,64.79,46:15:34,righteous (deeds),Kekalkan sense dominan Quranic sebagai gloss lalai. Alternate hanya jika konteks memaksa.
1275,صَٰلِحٗا,28,kebajikan/saleh,11,yang baik,1,kebajikan/saleh,kebaikan | saleh,outside_policy,64.79,9:102:6,righteous,Kekalkan sense dominan Quranic sebagai gloss lalai. Alternate hanya jika konteks memaksa.
1276,مِّنكُمۡ,22,di antara kamu,15,dari kamu,3,di antara kamu,,outside_policy | entity_or_pronoun_shift,64.79,9:56:7 | 9:66:11 | 58:14:12,(are) of you | of you | of you,Kekalkan sense dominan Quranic sebagai gloss lalai. Alternate hanya jika konteks memaksa.
1277,ٱلۡكَٰفِرِينَ,52,orang-orang kafir,36,orang-orang kafir/tak membalas budi,1,orang-orang kafir,,outside_policy | slash_gloss | long_gloss | annotative_expansion,64.77,26:19:7,the ungrateful,Kekalkan gloss relatif yang stabil; jangan tambah rujukan entiti pada token ini.
1278,ٱلۡكِتَٰبَ,74,Kitab,29,Al-Qur'an,1,Kitab,Al Kitab | kitab,outside_policy,64.76,28:52:3,the Scripture,Kekalkan sense dominan Quranic sebagai gloss lalai. Alternate hanya jika konteks memaksa.
1279,فَإِنۡ,24,maka jika,23,/maka jika,1,maka jika,,outside_policy | slash_gloss | annotative_expansion,64.75,2:240:13,But if,Kekalkan sense dominan Quranic sebagai gloss lalai. Alternate hanya jika konteks memaksa.
1280,ٱلۡمُرۡسَلِينَ,24,para Rasul,13,orang-orang yang diutus,2,para Rasul,,outside_policy | long_gloss,64.75,2:252:9 | 7:77:15,the Messengers | the Messengers,Kekalkan sense dominan Quranic sebagai gloss lalai. Alternate hanya jika konteks memaksa.
1281,وَمَآ,131,dan tidak,36,dan apa (binatang),2,dan apa,dan apa yang | dan tidak | dan tidaklah,outside_policy | parenthetical | long_gloss,64.74,5:3:7 | 5:3:16,and what | and that which,Defaultkan kepada token-faithful gloss; jangan serap makna frasa jiran.
1282,هُوَ,239,Dia,129,ia (sesuatu),2,Dia,Dialah | dia | ia,outside_policy | parenthetical,64.69,2:61:26 | 2:61:29,[it] | [it],Pilih `Dia` bila rujukan kepada Allah jelas; selain itu `dia/ia` mengikut antecedent.
1283,هُوَ,239,Dia,129,ia/hal itu,2,Dia,Dialah | dia | ia,outside_policy | slash_gloss,64.69,19:21:5 | 24:28:16,'It | it,Pilih `Dia` bila rujukan kepada Allah jelas; selain itu `dia/ia` mengikut antecedent.
1284,يَكُونُ,18,adalah,7,terjadi,1,adalah,,outside_policy,64.67,6:101:5,can be,Kekalkan sense dominan Quranic sebagai gloss lalai. Alternate hanya jika konteks memaksa.
1285,رَبِّ,80,ya Tuhanku,43,Tuhan/pemelihara,2,ya Tuhanku,Tuhan | Tuhanku,outside_policy | slash_gloss,64.62,37:180:3 | 37:182:3,(the) Lord | (the) Lord,Kekalkan sense dominan Quranic sebagai gloss lalai. Alternate hanya jika konteks memaksa.
1286,يَرۡجِعُونَ,16,mereka kembali,11,mereka kembali/jawab,1,mereka kembali,,outside_policy | slash_gloss | entity_or_pronoun_shift | annotative_expansion,64.62,27:28:11,they return,Kekalkan sense dominan Quranic sebagai gloss lalai. Alternate hanya jika konteks memaksa.
1287,عَلَيۡهِ,131,atasnya,90,atasnya (Musa),1,atasnya,atasnya/kepadanya,outside_policy | parenthetical | entity_or_pronoun_shift | annotative_expansion,64.61,28:12:2,for him,Kekalkan sense dominan Quranic sebagai gloss lalai. Alternate hanya jika konteks memaksa.
1288,عَلَيۡهِ,131,atasnya,90,atasnya/Nabi,1,atasnya,atasnya/kepadanya,outside_policy | slash_gloss | entity_or_pronoun_shift | annotative_expansion,64.61,66:4:10,against him,Kekalkan sense dominan Quranic sebagai gloss lalai. Alternate hanya jika konteks memaksa.
1289,فَإِن,64,maka jika,61,maka jika/kemudian,1,maka jika,,outside_policy | slash_gloss | annotative_expansion,64.59,2:226:8,then if,Kekalkan sense dominan Quranic sebagai gloss lalai. Alternate hanya jika konteks memaksa.
1290,مِّنۡ,149,dari,142,dari/dengan,1,dari,,outside_policy | slash_gloss | annotative_expansion,64.59,26:49:18,of,Kekalkan sense dominan Quranic sebagai gloss lalai. Alternate hanya jika konteks memaksa.
1291,مِّنۡ,149,dari,142,dari/kerana,1,dari,,outside_policy | slash_gloss | annotative_expansion,64.59,23:57:4,from,Kekalkan sense dominan Quranic sebagai gloss lalai. Alternate hanya jika konteks memaksa.
1292,مِّنۡ,149,dari,142,dari/terhadap,1,dari,,outside_policy | slash_gloss | annotative_expansion,64.59,70:27:3,of,Kekalkan sense dominan Quranic sebagai gloss lalai. Alternate hanya jika konteks memaksa.
1293,دُونِ,83,selain,78,sisi,3,selain,,outside_policy,64.53,3:64:24 | 9:16:14 | 53:58:4,besides | besides Allah | besides,Kekalkan sense dominan Quranic sebagai gloss lalai. Alternate hanya jika konteks memaksa.
1294,فَلَن,19,maka tidak,13,maka tidak (sekali-kali),1,maka tidak,,outside_policy | parenthetical | long_gloss | annotative_expansion,64.53,3:115:5,then never,Kekalkan sense dominan Quranic sebagai gloss lalai. Alternate hanya jika konteks memaksa.
1295,قَلِيلٗا,38,sedikit,26,sedikit/beberapa (orang),1,sedikit,,outside_policy | slash_gloss | parenthetical | annotative_expansion,64.53,2:246:50,a few,Kekalkan sense dominan Quranic sebagai gloss lalai. Alternate hanya jika konteks memaksa.
1296,وَكَفَىٰ,20,dan cukuplah,16,dan cukup,2,dan cukuplah,,outside_policy,64.50,4:70:5 | 48:28:12,and sufficient | And sufficient is,Kekalkan sense dominan Quranic sebagai gloss lalai. Alternate hanya jika konteks memaksa.
1297,يَشَآءُۚ,35,Dia kehendaki,28,yang dikehendaki,2,Dia kehendaki,,outside_policy,64.50,57:21:21 | 57:29:18,He wills | He wills,Kekalkan sense dominan Quranic sebagai gloss lalai. Alternate hanya jika konteks memaksa.
1298,قُلُوبِهِمۡ,19,hati mereka,18,hati-hati mereka,1,hati mereka,,outside_policy | entity_or_pronoun_shift | annotative_expansion,64.42,63:3:8,their hearts,Kekalkan sense dominan Quranic sebagai gloss lalai. Alternate hanya jika konteks memaksa.
1299,وَمِنۡ,28,dan dari,19,dan dari/di antara,1,dan dari,,outside_policy | slash_gloss | long_gloss | annotative_expansion,64.36,6:87:1,And from,Kekalkan sense dominan Quranic sebagai gloss lalai. Alternate hanya jika konteks memaksa.
1300,ٱلۡمُشۡرِكِينَ,24,orang-orang musyrik,16,orang-orang yang mempersekutukan,3,orang-orang musyrik,,outside_policy | long_gloss,64.33,6:79:12 | 28:87:16 | 30:31:9,the polytheists | the polytheists | the polytheists,Kekalkan gloss relatif yang stabil; jangan tambah rujukan entiti pada token ini.
1301,بِهِۦٓ,31,dengannya,21,dengan-Nya/Allah,1,dengannya,,outside_policy | slash_gloss | entity_or_pronoun_shift | annotative_expansion,64.32,6:80:13,with Him,Kekalkan sense dominan Quranic sebagai gloss lalai. Alternate hanya jika konteks memaksa.
1302,بِهِۦٓ,31,dengannya,21,dengannya (Al Qur'an),1,dengannya,,outside_policy | parenthetical | long_gloss | annotative_expansion,64.32,6:70:11,with it,Kekalkan sense dominan Quranic sebagai gloss lalai. Alternate hanya jika konteks memaksa.
1303,عَنۡهُ,31,daripadanya,21,daripadanya (Yusuf),1,daripadanya,,outside_policy | parenthetical | entity_or_pronoun_shift | annotative_expansion,64.32,12:34:5,from him,Kekalkan sense dominan Quranic sebagai gloss lalai. Alternate hanya jika konteks memaksa.
1304,أَهۡلَكۡنَا,15,Kami telah binasakan,7,telah Kami binasakan,4,Kami telah binasakan,,outside_policy | long_gloss | entity_or_pronoun_shift,64.25,10:13:2 | 19:74:2 | 19:98:2 | 32:26:5,We destroyed | We destroyed | We (have) destroyed | We have destroyed,Kekalkan sense dominan Quranic sebagai gloss lalai. Alternate hanya jika konteks memaksa.
1305,إِنِّي,81,sesungguhnya aku,64,sesungguhnya,2,sesungguhnya aku,,outside_policy,64.20,72:21:2 | 72:22:2,"Indeed, I | Indeed I",Kekalkan sense dominan Quranic sebagai gloss lalai. Alternate hanya jika konteks memaksa.
1306,لَهُمُ,43,bagi mereka,20,bagi/kepada mereka,4,bagi mereka,,outside_policy | slash_gloss | entity_or_pronoun_shift,64.20,5:75:20 | 8:48:3 | 16:63:9 | 29:38:9,to them | to them | to them | to them,Kekalkan sense dominan Quranic sebagai gloss lalai. Alternate hanya jika konteks memaksa.
1307,مِنۡهُم,15,dari mereka,8,di antara mereka,6,dari mereka,,outside_policy | long_gloss | entity_or_pronoun_shift,64.17,2:126:15 | 6:10:9 | 17:64:4 | 21:41:9 | 34:22:24,from them | of them | among them | from them | from them,Kekalkan sense dominan Quranic sebagai gloss lalai. Alternate hanya jika konteks memaksa.
1308,بَعۡدِ,82,sesudah,76,setelah,3,sesudah,,outside_policy,64.14,2:74:5 | 3:172:6 | 98:4:8,after | after | after,Kekalkan sense dominan Quranic sebagai gloss lalai. Alternate hanya jika konteks memaksa.
1309,وَمِن,31,dan dari,29,dan dari/kerana,1,dan dari,,outside_policy | slash_gloss | annotative_expansion,64.06,28:73:1,And from,Kekalkan sense dominan Quranic sebagai gloss lalai. Alternate hanya jika konteks memaksa.
1310,لَهُۥ,174,baginya,64,bagi Nya,1,baginya,bagi-Nya | kepada-Nya | kepadanya,outside_policy,64.03,18:26:6,For Him,Pilih `baginya` sebagai default; guna `kepadanya` hanya jika struktur menuntut arah/penerima.
1311,لَهُۥ,174,baginya,64,kecuali,1,baginya,bagi-Nya | kepada-Nya | kepadanya,outside_policy,64.03,37:164:3,except,Pilih `baginya` sebagai default; guna `kepadanya` hanya jika struktur menuntut arah/penerima.
1312,فَهُمۡ,33,maka mereka,22,maka mereka itu,1,maka mereka,,outside_policy | long_gloss | entity_or_pronoun_shift | annotative_expansion,64.00,6:12:23,then they,Kekalkan sense dominan Quranic sebagai gloss lalai. Alternate hanya jika konteks memaksa.
1313,كَمَآ,15,sebagaimana,14,sebagaimana/seperti,1,sebagaimana,,outside_policy | slash_gloss | annotative_expansion,64.00,12:64:6,as,Kekalkan sense dominan Quranic sebagai gloss lalai. Alternate hanya jika konteks memaksa.
1314,ٱلسَّبِيلِ,15,jalan,10,sabil (dalam perjalanan),1,jalan,,outside_policy | parenthetical | long_gloss | annotative_expansion,64.00,4:36:21,traveler,Kekalkan sense dominan Quranic sebagai gloss lalai. Alternate hanya jika konteks memaksa.
1315,بِـَٔايَٰتِنَا,38,dengan ayat-ayat Kami,20,kepada ayat-ayat Kami,6,dengan ayat-ayat Kami,,outside_policy | long_gloss | entity_or_pronoun_shift,63.96,6:54:5 | 7:182:3 | 19:77:4 | 27:81:12 | 27:82:14,in Our Verses | Our Signs | in Our Verses | in Our Signs | of Our Signs,Kekalkan sense dominan Quranic sebagai gloss lalai. Alternate hanya jika konteks memaksa.
1316,قَالُواْ,171,mereka berkata,139,mereka mengatakan,7,mereka berkata,,outside_policy | entity_or_pronoun_shift,63.96,6:23:7 | 9:74:4 | 23:81:2 | 29:29:16 | 41:30:3,they say | (that) they said nothing | they say | they said | say,Kekalkan sense dominan Quranic sebagai gloss lalai. Alternate hanya jika konteks memaksa.
1317,بِكُلِّ,33,dengan segala,17,dengan tiap-tiap/semua,2,dengan segala,dengan/terhadap segala,outside_policy | slash_gloss,63.95,2:145:6 | 26:37:2,with all | every,Kekalkan sense dominan Quranic sebagai gloss lalai. Alternate hanya jika konteks memaksa.
1318,لَهَا,33,baginya,12,ia,1,baginya,kepadanya | padanya,outside_policy,63.91,99:3:4,(is) with it,Kekalkan sense dominan Quranic sebagai gloss lalai. Alternate hanya jika konteks memaksa.
1319,لَهَا,33,baginya,12,untuknya,1,baginya,kepadanya | padanya,outside_policy,63.91,27:61:9,for it,Kekalkan sense dominan Quranic sebagai gloss lalai. Alternate hanya jika konteks memaksa.
1320,ٱلَّتِي,43,yang,40,(wanita) yang,1,yang,,outside_policy | parenthetical | annotative_expansion,63.91,12:23:2,she who,Kekalkan sense dominan Quranic sebagai gloss lalai. Alternate hanya jika konteks memaksa.
1321,ٱلَّتِي,43,yang,40,yang (wanita),1,yang,,outside_policy | parenthetical | annotative_expansion,63.91,58:1:5,(of one) who,Kekalkan sense dominan Quranic sebagai gloss lalai. Alternate hanya jika konteks memaksa.
1322,عِندَ,98,di sisi,90,di,3,di sisi,,outside_policy,63.88,2:191:14 | 7:29:7 | 7:31:5,near | at | at,Kekalkan sense dominan Quranic sebagai gloss lalai. Alternate hanya jika konteks memaksa.
1323,إِلَّا,562,kecuali,366,melainkan/hanyalah,3,kecuali,hanyalah | melainkan | selain,outside_policy | slash_gloss,63.87,12:31:30 | 17:47:17 | 21:3:9,but | but | except,Kekalkan pengecualian sebagai sense utama.
1324,ٱلنَّاسُ,42,manusia,39,manusia/orang,1,manusia,,outside_policy | slash_gloss | annotative_expansion,63.86,3:173:4,[the people],Kekalkan sense dominan Quranic sebagai gloss lalai. Alternate hanya jika konteks memaksa.
1325,ٱلنَّاسِ,84,manusia,78,manusia (orang),1,manusia,,outside_policy | parenthetical | annotative_expansion,63.86,28:23:9,men,Kekalkan sense dominan Quranic sebagai gloss lalai. Alternate hanya jika konteks memaksa.
1326,ٱلنَّاسِ,84,manusia,78,manusia/orang,1,manusia,,outside_policy | slash_gloss | annotative_expansion,63.86,3:68:3,(of) people,Kekalkan sense dominan Quranic sebagai gloss lalai. Alternate hanya jika konteks memaksa.
1327,ٱلنَّاسِ,84,manusia,78,manusia/orang banyak,1,manusia,,outside_policy | slash_gloss | annotative_expansion,63.86,21:61:6,(of) the people,Kekalkan sense dominan Quranic sebagai gloss lalai. Alternate hanya jika konteks memaksa.
1328,ٱلنَّاسِ,84,manusia,78,manusia/orang lain,1,manusia,,outside_policy | slash_gloss | annotative_expansion,63.86,4:161:8,(of) the people,Kekalkan sense dominan Quranic sebagai gloss lalai. Alternate hanya jika konteks memaksa.
1329,ٱلنَّاسِ,84,manusia,78,manusia/orang-orang,1,manusia,,outside_policy | slash_gloss | annotative_expansion,63.86,12:46:20,the people,Kekalkan sense dominan Quranic sebagai gloss lalai. Alternate hanya jika konteks memaksa.
1330,لَهُمۡ,204,bagi mereka,135,bagi mereka/memperoleh,1,bagi mereka,,outside_policy | slash_gloss | entity_or_pronoun_shift | annotative_expansion,63.85,36:57:1,For them,Gunakan gloss dominan Quranic sebagai default. Override hanya bila struktur sintaks jelas memaksa makna lain.
1331,لَهُمۡ,204,bagi mereka,135,maka bagi mereka,1,bagi mereka,,outside_policy | long_gloss | entity_or_pronoun_shift | annotative_expansion,63.85,2:277:10,for them ,Gunakan gloss dominan Quranic sebagai default. Override hanya bila struktur sintaks jelas memaksa makna lain.
1332,وَقَدۡ,40,dan sesungguhnya,26,dan/padahal sesungguhnya,3,dan sesungguhnya,,outside_policy | slash_gloss,63.83,10:91:2 | 14:12:7 | 20:125:6,And verily | while certainly | while [verily],Kekalkan sense dominan Quranic sebagai gloss lalai. Alternate hanya jika konteks memaksa.
1333,ٱلۡعَزِيزِ,18,Maha Perkasa,14,Al Aziz,2,Maha Perkasa,,outside_policy,63.83,12:30:6 | 12:51:19,Aziz | (of) Aziz,Kekalkan sense dominan Quranic sebagai gloss lalai. Alternate hanya jika konteks memaksa.
1334,ٱلۡعَزِيزِ,18,Maha Perkasa,14,Maha Kuasa,2,Maha Perkasa,,outside_policy,63.83,6:96:11 | 14:1:15,(of) the All-Mighty | (of) the All-Mighty,Kekalkan sense dominan Quranic sebagai gloss lalai. Alternate hanya jika konteks memaksa.
1335,فِيٓ,86,dalam,31,dari,1,dalam,di | pada | tentang,outside_policy,63.81,37:64:4,in,Variasi hamzah/waqaf. Kekalkan gloss dasar `dalam` kecuali konteks memaksa bacaan topikal.
1336,بَعۡدِ,82,sesudah,76,sesudah/setelah,1,sesudah,,outside_policy | slash_gloss | annotative_expansion,63.80,3:154:5,after,Kekalkan sense dominan Quranic sebagai gloss lalai. Alternate hanya jika konteks memaksa.
1337,إِذۡ,152,ketika,118,apabila,2,ketika,,outside_policy,63.79,26:98:1 | 60:4:10,When | when,Kekalkan sense dominan Quranic sebagai gloss lalai. Alternate hanya jika konteks memaksa.
1338,وَإِذَا,117,dan apabila,107,dan ketika,3,dan apabila,,outside_policy,63.77,16:85:1 | 16:86:1 | 18:17:10,And when | And when | and when,Kekalkan sense dominan Quranic sebagai gloss lalai. Alternate hanya jika konteks memaksa.
1339,ٱلصَّـٰلِحَٰتِ,57,kebajikan/saleh,29,kebajikan/amal saleh,2,kebajikan/saleh,kebaikan | kebajikan | shaleh,outside_policy | slash_gloss,63.76,17:9:12 | 22:14:7,the righteous deeds | the righteous deeds,Kekalkan sense dominan Quranic sebagai gloss lalai. Alternate hanya jika konteks memaksa.
1340,ٱلصَّـٰلِحَٰتِ,57,kebajikan/saleh,29,kebajikan/sholeh,2,kebajikan/saleh,kebaikan | kebajikan | shaleh,outside_policy | slash_gloss,63.76,19:96:5 | 103:3:5,good deeds | righteous deeds,Kekalkan sense dominan Quranic sebagai gloss lalai. Alternate hanya jika konteks memaksa.
1341,بَنِيٓ,31,Bani,24,anak laki-laki,2,Bani,,outside_policy,63.73,24:31:37 | 24:31:40,sons | sons,Kekalkan sense dominan Quranic sebagai gloss lalai. Alternate hanya jika konteks memaksa.
1342,بَنِيٓ,31,Bani,24,bani,2,Bani,,outside_policy,63.73,2:211:2 | 61:14:25,(the) Children | Children,Kekalkan sense dominan Quranic sebagai gloss lalai. Alternate hanya jika konteks memaksa.
1343,وَقَالَ,81,dan berkata,58,dan ia berkata,4,dan berkata,,outside_policy | long_gloss,63.73,8:48:6 | 8:48:22 | 12:84:3 | 19:77:5,and he said | and said | and said | and said,Kekalkan sense dominan Quranic sebagai gloss lalai. Alternate hanya jika konteks memaksa.
1344,فَهُوَ,28,maka dia,10,lalu dia,1,maka dia,maka Dia | maka itu,outside_policy,63.71,28:61:5,and he,Kekalkan sense dominan Quranic sebagai gloss lalai. Alternate hanya jika konteks memaksa.
1345,فَهُوَ,28,maka dia,10,lalu ia,1,maka dia,maka Dia | maka itu,outside_policy,63.71,30:35:5,and it,Kekalkan sense dominan Quranic sebagai gloss lalai. Alternate hanya jika konteks memaksa.
1346,فَهُوَ,28,maka dia,10,maka ia,1,maka dia,maka Dia | maka itu,outside_policy,63.71,2:184:23,then it,Kekalkan sense dominan Quranic sebagai gloss lalai. Alternate hanya jika konteks memaksa.
1347,ٱلۡقَوۡمَ,26,kaum,24,(kepada) kaum,1,kaum,,outside_policy | parenthetical | annotative_expansion,63.69,3:86:17,the people,Kekalkan sense dominan Quranic sebagai gloss lalai. Alternate hanya jika konteks memaksa.
1348,ٱلۡقَوۡمَ,26,kaum,24,kaum/golongan,1,kaum,,outside_policy | slash_gloss | annotative_expansion,63.69,5:51:21,the people,Kekalkan sense dominan Quranic sebagai gloss lalai. Alternate hanya jika konteks memaksa.
1349,ٱلدُّنۡيَا,88,dunia,81,dunia/dekat,1,dunia,,outside_policy | slash_gloss | annotative_expansion,63.61,8:42:4,the nearer,Kekalkan sense dominan Quranic sebagai gloss lalai. Alternate hanya jika konteks memaksa.
1350,ٱلدُّنۡيَا,88,dunia,81,dunia/yang dekat,1,dunia,,outside_policy | slash_gloss | annotative_expansion,63.61,67:5:4,nearest,Kekalkan sense dominan Quranic sebagai gloss lalai. Alternate hanya jika konteks memaksa.
1351,ٱلَّيۡلِ,25,malam,23,di waktu malam,1,malam,,outside_policy | long_gloss | annotative_expansion,63.60,34:33:8,(by) night,Kekalkan sense dominan Quranic sebagai gloss lalai. Alternate hanya jika konteks memaksa.
1352,أَنَّهُۥ,17,bahawasanya,6,sesungguhnya dia,1,bahawasanya,,outside_policy,63.59,37:143:2,that he,Kekalkan sense dominan Quranic sebagai gloss lalai. Alternate hanya jika konteks memaksa.
1353,أَنَّهُۥ,17,bahawasanya,6,sesungguhnya ia,1,bahawasanya,,outside_policy,63.59,12:42:4,that he,Kekalkan sense dominan Quranic sebagai gloss lalai. Alternate hanya jika konteks memaksa.
1354,كَذَّبُواْ,37,(mereka) mendustakan,18,mereka telah mendustakan,5,(mereka) mendustakan,,outside_policy | long_gloss | entity_or_pronoun_shift,63.59,6:5:2 | 7:101:15 | 26:6:2 | 50:5:2 | 54:42:1,they denied | they (had) denied | they have denied | they denied | They denied,Kekalkan sense dominan Quranic sebagai gloss lalai. Alternate hanya jika konteks memaksa.
1355,ٱتَّخَذُواْ,17,mereka mengambil,4,(mereka) mengambil,2,mereka mengambil,(mereka) mengambil/menjadikan,outside_policy | parenthetical | entity_or_pronoun_shift,63.56,29:41:3 | 39:3:6,take | take,Kekalkan sense dominan Quranic sebagai gloss lalai. Alternate hanya jika konteks memaksa.
1356,عِندَ,98,di sisi,90,di sisi/kepada,1,di sisi,,outside_policy | slash_gloss | annotative_expansion,63.55,34:31:17,before,Kekalkan sense dominan Quranic sebagai gloss lalai. Alternate hanya jika konteks memaksa.
1357,عِندَ,98,di sisi,90,di sisi/sekitar,1,di sisi,,outside_policy | slash_gloss | annotative_expansion,63.55,8:35:4,at,Kekalkan sense dominan Quranic sebagai gloss lalai. Alternate hanya jika konteks memaksa.
1358,وَهُوَ,169,dan Dia,120,dan/sedang dia,4,dan Dia,dan dia,outside_policy | slash_gloss,63.55,4:125:8 | 17:19:7 | 18:35:3 | 37:145:3,and he | while he | while he | while he,Kekalkan sense dominan Quranic sebagai gloss lalai. Alternate hanya jika konteks memaksa.
1359,ٱلۡحَقُّ,37,kebenaran,13,adalah benar,1,kebenaran,benar | hak,outside_policy,63.54,35:31:7,(is) the truth,Kekalkan sense dominan Quranic sebagai gloss lalai. Alternate hanya jika konteks memaksa.
1360,ٱلۡحَقُّ,37,kebenaran,13,benar-benar,1,kebenaran,benar | hak,outside_policy,63.54,11:17:32,(is) the truth,Kekalkan sense dominan Quranic sebagai gloss lalai. Alternate hanya jika konteks memaksa.
1361,ٱلۡحَقُّ,37,kebenaran,13,yang hak,1,kebenaran,benar | hak,outside_policy,63.54,22:6:5,(is) the Truth,Kekalkan sense dominan Quranic sebagai gloss lalai. Alternate hanya jika konteks memaksa.
1362,وَإِن,146,dan jika,112,dan bahawa,2,dan jika,,outside_policy,63.51,17:73:1 | 17:76:1,And indeed | And indeed,Kekalkan sense dominan Quranic sebagai gloss lalai. Alternate hanya jika konteks memaksa.
1363,وَإِن,146,dan jika,112,dan sungguh,2,dan jika,,outside_policy,63.51,2:198:21 | 62:2:15,[and] though | although,Kekalkan sense dominan Quranic sebagai gloss lalai. Alternate hanya jika konteks memaksa.
1364,وَإِن,146,dan jika,112,dan tidaklah,2,dan jika,,outside_policy,63.51,17:58:1 | 43:35:2,And not | And not (is),Kekalkan sense dominan Quranic sebagai gloss lalai. Alternate hanya jika konteks memaksa.
1365,وَإِن,146,dan jika,112,jika,2,dan jika,,outside_policy,63.51,2:271:6 | 8:71:1,But if | But if,Kekalkan sense dominan Quranic sebagai gloss lalai. Alternate hanya jika konteks memaksa.
1366,أَنِ,20,agar,7,hendaknya,1,agar,,outside_policy,63.50,5:117:8,that,Kekalkan sense dominan Quranic sebagai gloss lalai. Alternate hanya jika konteks memaksa.
1367,أَنِ,20,agar,7,ialah,1,agar,,outside_policy,63.50,10:10:10,(will be) [that],Kekalkan sense dominan Quranic sebagai gloss lalai. Alternate hanya jika konteks memaksa.
1368,أَنِ,20,agar,7,supaya,1,agar,,outside_policy,63.50,4:131:16,that,Kekalkan sense dominan Quranic sebagai gloss lalai. Alternate hanya jika konteks memaksa.
1369,خَلَقۡنَا,18,Kami telah menciptakan,9,Kami ciptakan,2,Kami telah menciptakan,,outside_policy | entity_or_pronoun_shift,63.50,23:14:2 | 51:49:4,We created | We have created,Kekalkan sense dominan Quranic sebagai gloss lalai. Alternate hanya jika konteks memaksa.
1370,رَّبِّ,18,ya Tuhanku,9,Tuhan/Pemelihara,2,ya Tuhanku,,outside_policy | slash_gloss,63.50,56:80:3 | 78:37:1,(the) Lord | Lord,Kekalkan sense dominan Quranic sebagai gloss lalai. Alternate hanya jika konteks memaksa.
1371,هُدٗى,24,petunjuk,22,petunjuk/jalan,1,petunjuk,,outside_policy | slash_gloss | annotative_expansion,63.50,22:67:16,guidance,Kekalkan sense dominan Quranic sebagai gloss lalai. Alternate hanya jika konteks memaksa.
1372,وَأَنَا۠,16,dan aku,8,dan/padahal aku,2,dan aku,,outside_policy | slash_gloss,63.50,11:72:4 | 40:42:11,while I am | and I,Kekalkan sense dominan Quranic sebagai gloss lalai. Alternate hanya jika konteks memaksa.
1373,ٱلۡعَظِيمِ,18,yang besar,9,Maha Besar/Agung,2,yang besar,,outside_policy | slash_gloss,63.50,56:74:4 | 69:52:4,the Most Great | the Most Great,Kekalkan sense dominan Quranic sebagai gloss lalai. Alternate hanya jika konteks memaksa.
1374,أَصۡحَٰبُ,41,penghuni,29,kaum/golongan,4,penghuni,,outside_policy | slash_gloss,63.47,56:8:4 | 56:9:4 | 56:27:4 | 56:41:4,(are the) companions | (are the) companions | (are the) companions | (are the) companions,Kekalkan sense dominan Quranic sebagai gloss lalai. Alternate hanya jika konteks memaksa.
1375,فَبِأَيِّ,35,maka yang mana,32,maka yang manakah,1,maka yang mana,,outside_policy | long_gloss | annotative_expansion,63.43,77:50:1,Then in what,Kekalkan sense dominan Quranic sebagai gloss lalai. Alternate hanya jika konteks memaksa.
1376,ذَٰلِكَ,264,demikian itu,131,demikianlah/itulah,2,demikian itu,demikian | demikian/itu,outside_policy | slash_gloss,63.39,6:88:1 | 6:96:9,That | That,Kekalkan sense dominan Quranic sebagai gloss lalai. Alternate hanya jika konteks memaksa.
1377,ضَلَٰلٖ,23,kesesatan,21,benar-benar dalam kesesatan,1,kesesatan,,outside_policy | long_gloss | annotative_expansion,63.39,26:97:5,error,Kekalkan sense dominan Quranic sebagai gloss lalai. Alternate hanya jika konteks memaksa.
1378,ضَلَٰلٖ,23,kesesatan,21,kesesatan/sia-sia,1,kesesatan,,outside_policy | slash_gloss | annotative_expansion,63.39,13:14:27,error,Kekalkan sense dominan Quranic sebagai gloss lalai. Alternate hanya jika konteks memaksa.
1379,هَٰذِهِ,23,ini,21,(negeri) ini,1,ini,,outside_policy | parenthetical | annotative_expansion,63.39,2:259:13,this (town),Kekalkan sense dominan Quranic sebagai gloss lalai. Alternate hanya jika konteks memaksa.
1380,فِي,1098,dalam,380,di antara,1,dalam,di | di dalam | pada | tentang,outside_policy,63.38,26:219:2,among,Gunakan `dalam` sebagai default. Tukar kepada `pada` atau `tentang` hanya jika binaan jelas menuntut bacaan tempat atau topik.
1381,فِي,1098,dalam,380,di atas,1,dalam,di | di dalam | pada | tentang,outside_policy,63.38,31:10:7,in,Gunakan `dalam` sebagai default. Tukar kepada `pada` atau `tentang` hanya jika binaan jelas menuntut bacaan tempat atau topik.
1382,فِي,1098,dalam,380,seandainya,1,dalam,di | di dalam | pada | tentang,outside_policy,63.38,4:10:9,in,Gunakan `dalam` sebagai default. Tukar kepada `pada` atau `tentang` hanya jika binaan jelas menuntut bacaan tempat atau topik.
1383,بَعۡدَ,57,sesudah,52,sesudah/beberapa waktu,1,sesudah,,outside_policy | slash_gloss | annotative_expansion,63.37,12:45:6,after,Kekalkan sense dominan Quranic sebagai gloss lalai. Alternate hanya jika konteks memaksa.
1384,بَعۡدَ,57,sesudah,52,sesudah/pernah,1,sesudah,,outside_policy | slash_gloss | annotative_expansion,63.37,16:70:14,after,Kekalkan sense dominan Quranic sebagai gloss lalai. Alternate hanya jika konteks memaksa.
1385,بَعۡدَ,57,sesudah,52,sesudah/setelah,1,sesudah,,outside_policy | slash_gloss | annotative_expansion,63.37,6:71:14,after,Kekalkan sense dominan Quranic sebagai gloss lalai. Alternate hanya jika konteks memaksa.
1386,عَذَابٞ,29,azab,22,seksa,2,azab,,outside_policy,63.26,3:4:13 | 4:14:12,(is) a punishment | (is) a punishment,Kekalkan sense dominan Quranic sebagai gloss lalai. Alternate hanya jika konteks memaksa.
1387,لَهُم,69,bagi mereka,53,kepada mereka,6,bagi mereka,,outside_policy | entity_or_pronoun_shift,63.21,2:20:7 | 10:80:5 | 16:24:3 | 19:50:2 | 20:61:2,for them | to them | to them | to them | to them,Kekalkan sense dominan Quranic sebagai gloss lalai. Alternate hanya jika konteks memaksa.
1388,ءَامَنَ,25,beriman,16,(ia) telah beriman,1,beriman,,outside_policy | parenthetical | long_gloss | annotative_expansion,63.20,3:99:10,believe[d],Kekalkan sense dominan Quranic sebagai gloss lalai. Alternate hanya jika konteks memaksa.
1389,فَقَالَ,27,maka dia berkata,6,maka/lalu dia berkata,2,maka dia berkata,lalu dia berkata | maka berkata,outside_policy | slash_gloss | long_gloss,63.17,11:45:4 | 18:34:4,and said | so he said,Kekalkan sense dominan Quranic sebagai gloss lalai. Alternate hanya jika konteks memaksa.
1390,وَٱلَّذِينَ,163,dan orang-orang yang,157,dan orang-orang,4,dan orang-orang yang,,outside_policy,63.15,13:18:5 | 57:19:1 | 57:19:14 | 58:11:23,And for those who | And those who | But those who | and those who,Gunakan gloss dominan Quranic sebagai default. Override hanya bila struktur sintaks jelas memaksa makna lain.
1391,إِذَا,170,apabila,128,ketika,2,apabila,,outside_policy,63.09,18:17:3 | 40:34:15,when | when,Kekalkan sense dominan Quranic sebagai gloss lalai. Alternate hanya jika konteks memaksa.
1392,وَهُمۡ,110,dan mereka,67,dan/sedang mereka,33,dan mereka,,outside_policy | slash_gloss | entity_or_pronoun_shift,63.03,3:75:35 | 3:78:28 | 3:91:5 | 3:135:22 | 4:18:18,while they | while they | while they | while they | while they,Kekalkan sense dominan Quranic sebagai gloss lalai. Alternate hanya jika konteks memaksa.
1393,يَدۡعُونَ,23,mereka sembah,5,mereka seru/sembah,2,mereka sembah,(mereka) menyeru,outside_policy | slash_gloss | entity_or_pronoun_shift,63.02,29:42:5 | 40:20:5,they invoke | they invoke,Kekalkan sense dominan Quranic sebagai gloss lalai. Alternate hanya jika konteks memaksa.
1394,إِذٗا,24,jika demikian,18,kalau begitu,2,jika demikian,,outside_policy,63.00,2:145:30 | 11:31:29,(would) then | then,Kekalkan sense dominan Quranic sebagai gloss lalai. Alternate hanya jika konteks memaksa.
1395,هِيَ,45,ia,15,ini,1,ia,dia | itulah,outside_policy,63.00,45:24:3,it,Pronomina feminin; jangan tambah frasa penjelas kecuali perlu.
1396,هِيَ,45,ia,15,itu,1,ia,dia | itulah,outside_policy,63.00,40:39:9,it,Pronomina feminin; jangan tambah frasa penjelas kecuali perlu.
1397,هِيَ,45,ia,15,yang,1,ia,dia | itulah,outside_policy,63.00,17:34:7,[it] is,Pronomina feminin; jangan tambah frasa penjelas kecuali perlu.
1398,يُؤۡمِنُ,18,ia beriman,6,yang beriman,1,ia beriman,,outside_policy,63.00,40:27:11,who believes,Kekalkan sense dominan Quranic sebagai gloss lalai. Alternate hanya jika konteks memaksa.
1399,ٱلۡأَوَّلِينَ,30,orang-orang dahulu,10,yang dahulu,1,orang-orang dahulu,orang-orang terdahulu | terdahulu,outside_policy,63.00,26:26:5,(of) your forefathers,Kekalkan gloss relatif yang stabil; jangan tambah rujukan entiti pada token ini.
1400,يَقُولُونَ,48,mereka mengatakan,17,(mereka) berkata,3,mereka mengatakan,,outside_policy | parenthetical | entity_or_pronoun_shift,62.96,3:16:2 | 25:65:2 | 25:74:2,say | say | say,Kekalkan sense dominan Quranic sebagai gloss lalai. Alternate hanya jika konteks memaksa.
1401,شَيۡءٖ,98,sesuatu,88,sesuatu (sebagian),1,sesuatu,,outside_policy | parenthetical | annotative_expansion,62.94,4:4:9,anything,Kekalkan sense dominan Quranic sebagai gloss lalai. Alternate hanya jika konteks memaksa.
1402,شَيۡءٖ,98,sesuatu,88,sesuatu/apa saja,1,sesuatu,,outside_policy | slash_gloss | annotative_expansion,62.94,8:41:5,anything,Kekalkan sense dominan Quranic sebagai gloss lalai. Alternate hanya jika konteks memaksa.
1403,شَيۡءٖ,98,sesuatu,88,sesuatu/apapun,1,sesuatu,,outside_policy | slash_gloss | annotative_expansion,62.94,16:35:12,thing,Kekalkan sense dominan Quranic sebagai gloss lalai. Alternate hanya jika konteks memaksa.
1404,شَيۡءٖ,98,sesuatu,88,sesuatu/sedikitpun,1,sesuatu,,outside_policy | slash_gloss | annotative_expansion,62.94,11:101:16,thing,Kekalkan sense dominan Quranic sebagai gloss lalai. Alternate hanya jika konteks memaksa.
1405,مِّمَّا,50,dari apa,24,dari/tentang apa,2,dari apa,dari apa yang | daripada apa,outside_policy | slash_gloss,62.90,11:91:6 | 11:109:5,of what | as to what,Kekalkan sense dominan Quranic sebagai gloss lalai. Alternate hanya jika konteks memaksa.
1406,إِلَىٰ,211,kepada,157,ke dalam,2,kepada,,outside_policy,62.82,3:12:6 | 8:36:19,to | to,Gunakan gloss dominan Quranic sebagai default. Override hanya bila struktur sintaks jelas memaksa makna lain.
1407,مِّنَ,281,dari,248,termasuk,3,dari,,outside_policy,62.81,6:85:6 | 41:23:8 | 41:24:10,of | of | (will be) of,Gunakan gloss dominan Quranic sebagai default. Override hanya bila struktur sintaks jelas memaksa makna lain.
1408,خَيۡرٞ,59,lebih baik,52,baik,3,lebih baik,,outside_policy,62.77,2:216:12 | 2:221:8 | 24:11:13,(is) good | (is) better | (is) good,Kekalkan sense dominan Quranic sebagai gloss lalai. Alternate hanya jika konteks memaksa.
1409,لَّمۡ,74,tidak,66,kamu tidak,1,tidak,,outside_policy | entity_or_pronoun_shift | annotative_expansion,62.76,26:167:3,not,Kekalkan sense dominan Quranic sebagai gloss lalai. Alternate hanya jika konteks memaksa.
1410,لَّمۡ,74,tidak,66,mereka tidak,1,tidak,,outside_policy | entity_or_pronoun_shift | annotative_expansion,62.76,24:62:13,not,Kekalkan sense dominan Quranic sebagai gloss lalai. Alternate hanya jika konteks memaksa.
1411,فَلَا,145,maka tidak,47,maka,1,maka tidak,maka jangan | maka janganlah | maka tidak ada,outside_policy,62.72,4:65:1,But no,Kekalkan sense dominan Quranic sebagai gloss lalai. Alternate hanya jika konteks memaksa.
1412,فَلَا,145,maka tidak,47,maka jangalah,1,maka tidak,maka jangan | maka janganlah | maka tidak ada,outside_policy,62.72,4:89:8,So (do) not,Kekalkan sense dominan Quranic sebagai gloss lalai. Alternate hanya jika konteks memaksa.
1413,أَجۡمَعِينَ,23,semuanya,17,seluruhnya,2,semuanya,,outside_policy,62.67,2:161:13 | 3:87:9,all together | all together,Kekalkan sense dominan Quranic sebagai gloss lalai. Alternate hanya jika konteks memaksa.
1414,بِإِذۡنِ,23,dengan izin,17,dengan ijin,2,dengan izin,,outside_policy,62.67,14:23:13 | 14:25:5,by the permission | by the permission,Kekalkan sense dominan Quranic sebagai gloss lalai. Alternate hanya jika konteks memaksa.
1415,لَوۡ,59,sekiranya,19,atau,1,sekiranya,jika | jikalau | kalau | seandainya,outside_policy,62.66,4:89:2,if,Kekalkan sense dominan Quranic sebagai gloss lalai. Alternate hanya jika konteks memaksa.
1416,لَوۡ,59,sekiranya,19,jika ia,1,sekiranya,jika | jikalau | kalau | seandainya,outside_policy,62.66,46:11:6,If,Kekalkan sense dominan Quranic sebagai gloss lalai. Alternate hanya jika konteks memaksa.
1417,لَوۡ,59,sekiranya,19,ke dalam,1,sekiranya,jika | jikalau | kalau | seandainya,outside_policy,62.66,4:9:3,if,Kekalkan sense dominan Quranic sebagai gloss lalai. Alternate hanya jika konteks memaksa.
1418,لَوۡ,59,sekiranya,19,walaupun,1,sekiranya,jika | jikalau | kalau | seandainya,outside_policy,62.66,8:63:4,If,Kekalkan sense dominan Quranic sebagai gloss lalai. Alternate hanya jika konteks memaksa.
1419,وَهُمۡ,110,dan mereka,67,sedang mereka,3,dan mereka,,outside_policy | entity_or_pronoun_shift,62.61,26:96:2 | 36:75:4 | 51:44:7,while they | but they  | while they,Kekalkan sense dominan Quranic sebagai gloss lalai. Alternate hanya jika konteks memaksa.
1420,قَالُوٓاْ,75,mereka berkata,54,mereka mengatakan,5,mereka berkata,,outside_policy | entity_or_pronoun_shift,62.60,7:5:9 | 7:82:7 | 7:113:4 | 17:94:11 | 21:5:2,they said | they said | They said | they said | they say,Kekalkan sense dominan Quranic sebagai gloss lalai. Alternate hanya jika konteks memaksa.
1421,ٱلۡأٓيَٰتِ,25,ayat-ayat,8,tanda-tanda kekuasaan,1,ayat-ayat,ayat-ayat itu | ayat-ayat/tanda-tanda | tanda-tanda,outside_policy,62.60,7:58:15,the Signs,Kekalkan sense dominan Quranic sebagai gloss lalai. Alternate hanya jika konteks memaksa.
1422,كَمَا,44,sebagaimana,39,sebagaimana/seperti,1,sebagaimana,,outside_policy | slash_gloss | annotative_expansion,62.59,2:146:5,like,Kekalkan sense dominan Quranic sebagai gloss lalai. Alternate hanya jika konteks memaksa.
1423,كَمَا,44,sebagaimana,39,seperti/sebagaimana,1,sebagaimana,,outside_policy | slash_gloss | annotative_expansion,62.59,6:94:4,as,Kekalkan sense dominan Quranic sebagai gloss lalai. Alternate hanya jika konteks memaksa.
1424,يَشَآءُ,56,Dia kehendaki,49,menghendaki,3,Dia kehendaki,,outside_policy,62.58,13:31:25 | 36:47:16 | 47:4:23,had willed | Allah willed  | Allah had willed,Kekalkan sense dominan Quranic sebagai gloss lalai. Alternate hanya jika konteks memaksa.
1425,إِنۡ,91,jika,29,ini,1,jika,tidak | tidak lain | tidaklah,outside_policy,62.56,25:4:4,Not,"Bezakan bentuk syarat dan nafi berdasarkan konteks, tetapi kekalkan gloss stabil apabila ragu."
1426,إِنۡ,91,jika,29,sekali-kali tidak,1,jika,tidak | tidak lain | tidaklah,outside_policy,62.56,4:62:12,Not,"Bezakan bentuk syarat dan nafi berdasarkan konteks, tetapi kekalkan gloss stabil apabila ragu."
1427,فِيهَآ,26,di dalamnya,23,di dalamnya(neraka),1,di dalamnya,,outside_policy | parenthetical | annotative_expansion,62.54,40:48:6,(are) in it,Kekalkan sense dominan Quranic sebagai gloss lalai. Alternate hanya jika konteks memaksa.
1428,فِيهَآ,26,di dalamnya,23,di dalamnya/kepadanya,1,di dalamnya,,outside_policy | slash_gloss | annotative_expansion,62.54,7:89:20,in it,Kekalkan sense dominan Quranic sebagai gloss lalai. Alternate hanya jika konteks memaksa.
1429,فِيهَآ,26,di dalamnya,23,di dalamnya/padanya,1,di dalamnya,,outside_policy | slash_gloss | annotative_expansion,62.54,18:21:13,in it,Kekalkan sense dominan Quranic sebagai gloss lalai. Alternate hanya jika konteks memaksa.
1430,بِغَيۡرِ,41,dengan tidak/tanpa,13,bukan kerana,1,dengan tidak/tanpa,,outside_policy,62.51,5:32:12,other than,Kekalkan sense dominan Quranic sebagai gloss lalai. Alternate hanya jika konteks memaksa.
1431,يَسۡتَطِيعُونَ,15,mereka dapat,3,mereka mampu/kuasa,2,mereka dapat,,outside_policy | slash_gloss | entity_or_pronoun_shift,62.50,4:98:8 | 68:42:9,are able to | they will be able,Kekalkan sense dominan Quranic sebagai gloss lalai. Alternate hanya jika konteks memaksa.
1432,مِّنَ,281,dari,248,dari/atas,1,dari,,outside_policy | slash_gloss | annotative_expansion,62.48,12:66:8,by,Gunakan gloss dominan Quranic sebagai default. Override hanya bila struktur sintaks jelas memaksa makna lain.
1433,مِّنَ,281,dari,248,dari/dengan,1,dari,,outside_policy | slash_gloss | annotative_expansion,62.48,12:80:16,by,Gunakan gloss dominan Quranic sebagai default. Override hanya bila struktur sintaks jelas memaksa makna lain.
1434,مِّنَ,281,dari,248,dari/di dalam,1,dari,,outside_policy | slash_gloss | annotative_expansion,62.48,29:58:6,in,Gunakan gloss dominan Quranic sebagai default. Override hanya bila struktur sintaks jelas memaksa makna lain.
1435,مِّنَ,281,dari,248,dari/di waktu,1,dari,,outside_policy | slash_gloss | annotative_expansion,62.48,51:17:3,of,Gunakan gloss dominan Quranic sebagai default. Override hanya bila struktur sintaks jelas memaksa makna lain.
1436,مِّنَ,281,dari,248,dari/tentang,1,dari,,outside_policy | slash_gloss | annotative_expansion,62.48,22:5:7,about,Gunakan gloss dominan Quranic sebagai default. Override hanya bila struktur sintaks jelas memaksa makna lain.
1437,مِّنَ,281,dari,248,dari/terhadap,1,dari,,outside_policy | slash_gloss | annotative_expansion,62.48,13:34:11,against,Gunakan gloss dominan Quranic sebagai default. Override hanya bila struktur sintaks jelas memaksa makna lain.
1438,عَنۡ,34,dari,30,dari/tentang,1,dari,,outside_policy | slash_gloss | annotative_expansion,62.47,7:172:24,about,Kekalkan sense dominan Quranic sebagai gloss lalai. Alternate hanya jika konteks memaksa.
1439,عَنۡ,34,dari,30,dari/terhadap,1,dari,,outside_policy | slash_gloss | annotative_expansion,62.47,6:93:47,towards,Kekalkan sense dominan Quranic sebagai gloss lalai. Alternate hanya jika konteks memaksa.
1440,عَنۡ,34,dari,30,dari/untuk,1,dari,,outside_policy | slash_gloss | annotative_expansion,62.47,21:19:10,to,Kekalkan sense dominan Quranic sebagai gloss lalai. Alternate hanya jika konteks memaksa.
1441,كُلّٞ,19,masing-masing,6,semua,1,masing-masing,semuanya,outside_policy,62.47,30:26:6,All,Kekalkan sense dominan Quranic sebagai gloss lalai. Alternate hanya jika konteks memaksa.
1442,كُلّٞ,19,masing-masing,6,tiap-tiap,1,masing-masing,semuanya,outside_policy,62.47,2:116:12,All,Kekalkan sense dominan Quranic sebagai gloss lalai. Alternate hanya jika konteks memaksa.
1443,لَيۡسَ,38,tidak,12,ada,1,tidak,tidak ada | tidak/bukan,outside_policy,62.47,29:8:10,not,Kekalkan sense dominan Quranic sebagai gloss lalai. Alternate hanya jika konteks memaksa.
1444,لَيۡسَ,38,tidak,12,bukanlah,1,tidak,tidak ada | tidak/bukan,outside_policy,62.47,7:67:3,There is not,Kekalkan sense dominan Quranic sebagai gloss lalai. Alternate hanya jika konteks memaksa.
1445,لَيۡسَ,38,tidak,12,bukanlah dia,1,tidak,tidak ada | tidak/bukan,outside_policy,62.47,11:46:4,(is) not,Kekalkan sense dominan Quranic sebagai gloss lalai. Alternate hanya jika konteks memaksa.
1446,مِنۡ,253,dari,223,dari/atas,1,dari,,outside_policy | slash_gloss | annotative_expansion,62.44,13:11:9,by,Gunakan gloss dominan Quranic sebagai default. Override hanya bila struktur sintaks jelas memaksa makna lain.
1447,مِنۡ,253,dari,223,dari/bagi,1,dari,,outside_policy | slash_gloss | annotative_expansion,62.44,18:10:14,[from],Gunakan gloss dominan Quranic sebagai default. Override hanya bila struktur sintaks jelas memaksa makna lain.
1448,مِنۡ,253,dari,223,dari/di,1,dari,,outside_policy | slash_gloss | annotative_expansion,62.44,29:67:9,around them,Gunakan gloss dominan Quranic sebagai default. Override hanya bila struktur sintaks jelas memaksa makna lain.
1449,مِنۡ,253,dari,223,dari/kerana,1,dari,,outside_policy | slash_gloss | annotative_expansion,62.44,13:13:5,for,Gunakan gloss dominan Quranic sebagai default. Override hanya bila struktur sintaks jelas memaksa makna lain.
1450,مِنۡ,253,dari,223,dari/lantaran,1,dari,,outside_policy | slash_gloss | annotative_expansion,62.44,22:22:6,from,Gunakan gloss dominan Quranic sebagai default. Override hanya bila struktur sintaks jelas memaksa makna lain.
1451,مِنۡ,253,dari,223,dari/sejak,1,dari,,outside_policy | slash_gloss | annotative_expansion,62.44,9:108:9,from,Gunakan gloss dominan Quranic sebagai default. Override hanya bila struktur sintaks jelas memaksa makna lain.
1452,مِنۡ,253,dari,223,dari/tentang,1,dari,,outside_policy | slash_gloss | annotative_expansion,62.44,11:73:3,at,Gunakan gloss dominan Quranic sebagai default. Override hanya bila struktur sintaks jelas memaksa makna lain.
1453,وَكَانَ,84,dan adalah,74,dan adalah itu,1,dan adalah,,outside_policy | long_gloss | annotative_expansion,62.43,17:5:15,and (it) was,Kekalkan sense dominan Quranic sebagai gloss lalai. Alternate hanya jika konteks memaksa.
1454,مِمَّا,51,dari apa,16,dari sebagian,1,dari apa,,outside_policy,62.41,36:47:5,from what,Kekalkan sense dominan Quranic sebagai gloss lalai. Alternate hanya jika konteks memaksa.
1455,مِمَّا,51,dari apa,16,dariapa,1,dari apa,,outside_policy,62.41,2:168:4,of what,Kekalkan sense dominan Quranic sebagai gloss lalai. Alternate hanya jika konteks memaksa.
1456,مِمَّا,51,dari apa,16,daripada,1,dari apa,,outside_policy,62.41,14:18:15,of what,Kekalkan sense dominan Quranic sebagai gloss lalai. Alternate hanya jika konteks memaksa.
1457,مِمَّا,51,dari apa,16,sebagian apa,1,dari apa,,outside_policy,62.41,35:29:9,out of what,Kekalkan sense dominan Quranic sebagai gloss lalai. Alternate hanya jika konteks memaksa.
1458,ٱلۡعِقَابِ,16,seksa,5,hukuman,1,seksa,,outside_policy,62.38,40:22:13,(in) punishment,Kekalkan sense dominan Quranic sebagai gloss lalai. Alternate hanya jika konteks memaksa.
1459,وَنَحۡنُ,15,dan kami,9,dan Kami,3,dan kami,,outside_policy | entity_or_pronoun_shift,62.33,15:23:5 | 50:16:9 | 56:85:1,and We | and We | And We,Kekalkan sense dominan Quranic sebagai gloss lalai. Alternate hanya jika konteks memaksa.
1460,مَن,223,orang,69,dari siapa,1,siapa,barang siapa | orang | orang yang,outside_policy,62.28,3:37:31,(to) whom,Pilih `siapa` untuk fungsi soal/syarat; `orang/ orang yang` untuk fungsi relatif.
1461,مَن,223,orang,69,pada siapa,1,siapa,barang siapa | orang | orang yang,outside_policy,62.28,5:54:33,whom,Pilih `siapa` untuk fungsi soal/syarat; `orang/ orang yang` untuk fungsi relatif.
1462,مَن,223,orang,69,siapa-siapa,1,siapa,barang siapa | orang | orang yang,outside_policy,62.28,3:192:3,whom,Pilih `siapa` untuk fungsi soal/syarat; `orang/ orang yang` untuk fungsi relatif.
1463,أَنزَلۡنَا,15,Kami turunkan,6,Kami telah menurunkan,4,Kami turunkan,,outside_policy | long_gloss | entity_or_pronoun_shift,62.25,7:26:4 | 15:90:2 | 29:51:4 | 39:41:2,We have sent down | We sent down | revealed | We revealed,Kekalkan sense dominan Quranic sebagai gloss lalai. Alternate hanya jika konteks memaksa.
1464,مَنۡ,72,orang,33,siapa/apa,2,orang,siapa | siapakah,outside_policy | slash_gloss,62.25,55:26:2 | 67:14:3,who | (the One) Who,Kekalkan gloss relatif yang stabil; jangan tambah rujukan entiti pada token ini.
1465,يَشَآءُ,56,Dia kehendaki,49,yang Dia kehendaki,1,Dia kehendaki,,outside_policy | long_gloss | annotative_expansion,62.25,28:68:4,He wills,Kekalkan sense dominan Quranic sebagai gloss lalai. Alternate hanya jika konteks memaksa.
1466,ٱلۡمُشۡرِكِينَ,24,orang-orang musyrik,16,orang-orang yang musyrik,4,orang-orang musyrik,,outside_policy | long_gloss,62.25,3:95:11 | 6:161:16 | 12:108:17 | 42:13:26,the polytheists | the polytheists | the polytheists | the polytheists,Kekalkan gloss relatif yang stabil; jangan tambah rujukan entiti pada token ini.
1467,يَعۡقِلُونَ,21,mereka berakal,4,mereka mempergunakan akal,2,mereka berakal,mereka memahami,outside_policy | long_gloss | entity_or_pronoun_shift,62.21,30:24:21 | 30:28:27,who use intellect | (who) use reason,Kekalkan sense dominan Quranic sebagai gloss lalai. Alternate hanya jika konteks memaksa.
1468,يَعۡقِلُونَ,21,mereka berakal,4,mereka menggunakan akal,2,mereka berakal,mereka memahami,outside_policy | long_gloss | entity_or_pronoun_shift,62.21,5:58:12 | 59:14:23,understand | they reason,Kekalkan sense dominan Quranic sebagai gloss lalai. Alternate hanya jika konteks memaksa.
1469,كُلَّ,49,setiap,15,masing-masing,1,setiap,segala | tiap-tiap,outside_policy,62.18,12:31:10,each,Kekalkan sense dominan Quranic sebagai gloss lalai. Alternate hanya jika konteks memaksa.
1470,كُلَّ,49,setiap,15,seluruh,1,setiap,segala | tiap-tiap,outside_policy,62.18,4:129:11,(with) all,Kekalkan sense dominan Quranic sebagai gloss lalai. Alternate hanya jika konteks memaksa.
1471,كُلَّ,49,setiap,15,semua,1,setiap,segala | tiap-tiap,outside_policy,62.18,24:45:3,every,Kekalkan sense dominan Quranic sebagai gloss lalai. Alternate hanya jika konteks memaksa.
1472,كُلَّ,49,setiap,15,semuanya,1,setiap,segala | tiap-tiap,outside_policy,62.18,38:37:2,every,Kekalkan sense dominan Quranic sebagai gloss lalai. Alternate hanya jika konteks memaksa.
1473,وَمَا,507,dan tidak,231,dan/padahal,2,dan apa,dan apa yang | dan tidak | dan tidak ada | dan tidaklah,outside_policy | slash_gloss,62.17,13:26:10 | 22:2:16,and nothing | while not,Pisahkan antara sambungan `dan apa` dan bentuk nafi `dan tidak` mengikut binaan.
1474,إِلَى,140,kepada,101,atas,2,kepada,ke | sampai,outside_policy,62.14,58:8:3 | 61:7:10,[to] | to,Defaultkan kepada `kepada`.
1475,أَهۡلِ,23,Ahli,7,keluarga,1,Ahli,,outside_policy,62.13,28:12:10,(the) people,Kekalkan sense dominan Quranic sebagai gloss lalai. Alternate hanya jika konteks memaksa.
1476,أَهۡلِ,23,Ahli,7,penghuni,1,Ahli,,outside_policy,62.13,38:64:5,(of the) people,Kekalkan sense dominan Quranic sebagai gloss lalai. Alternate hanya jika konteks memaksa.
1477,يَوۡمِ,31,hari,27,hari (waktu),1,hari,,outside_policy | parenthetical | annotative_expansion,62.13,7:14:4,(the) Day,Kekalkan sense dominan Quranic sebagai gloss lalai. Alternate hanya jika konteks memaksa.
1478,يَوۡمِ,31,hari,27,hari/waktu,1,hari,,outside_policy | slash_gloss | annotative_expansion,62.13,9:77:6,the day,Kekalkan sense dominan Quranic sebagai gloss lalai. Alternate hanya jika konteks memaksa.
1479,عَن,115,dari,100,dari/demi,1,dari,,outside_policy | slash_gloss | annotative_expansion,62.09,84:19:3,from,Kekalkan sense dominan Quranic sebagai gloss lalai. Alternate hanya jika konteks memaksa.
1480,فِيهِ,98,di dalamnya,59,di dalamnya (dalam laut),1,di dalamnya,padanya | tentang itu,outside_policy | parenthetical | long_gloss | annotative_expansion,62.06,17:69:5,into it,Defaultkan kepada lokasi `di dalamnya`; gunakan `padanya` atau `tentang itu` hanya dalam binaan yang jelas.
1481,فِيهِ,98,di dalamnya,59,di dalamnya/tentang itu,1,di dalamnya,padanya | tentang itu,outside_policy | slash_gloss | long_gloss | annotative_expansion,62.06,78:3:3,(are) concerning it,Defaultkan kepada lokasi `di dalamnya`; gunakan `padanya` atau `tentang itu` hanya dalam binaan yang jelas.
1482,أَوۡلِيَآءَ,20,pemimpin,6,kawan-kawan,1,pemimpin,pelindung | pelindung-pelindung,outside_policy,62.00,4:76:14,(the) friends,Kekalkan sense dominan Quranic sebagai gloss lalai. Alternate hanya jika konteks memaksa.
1483,أَوۡلِيَآءَ,20,pemimpin,6,wali-wali,1,pemimpin,pelindung | pelindung-pelindung,outside_policy,62.00,10:62:3,(the) friends,Kekalkan sense dominan Quranic sebagai gloss lalai. Alternate hanya jika konteks memaksa.
1484,لِي,40,bagiku,12,kepunyaanku,1,bagiku,aku | kepadaku | untukku,outside_policy,62.00,43:51:8,for me,Kekalkan sense dominan Quranic sebagai gloss lalai. Alternate hanya jika konteks memaksa.
1485,لِي,40,bagiku,12,padaku,1,bagiku,aku | kepadaku | untukku,outside_policy,62.00,36:27:3,me,Kekalkan sense dominan Quranic sebagai gloss lalai. Alternate hanya jika konteks memaksa.
1486,وَقَالَ,81,dan berkata,58,dan berfirman,2,dan berkata,,outside_policy,61.98,5:12:12 | 40:60:1,And said | And said,Kekalkan sense dominan Quranic sebagai gloss lalai. Alternate hanya jika konteks memaksa.
1487,ٱلَّذِيٓ,52,yang,45,(Tuhan) yang,1,yang,,outside_policy | parenthetical | annotative_expansion,61.96,10:90:20,the One,Kekalkan sense dominan Quranic sebagai gloss lalai. Alternate hanya jika konteks memaksa.
1488,ٱلَّذِيٓ,52,yang,45,(apa) yang,1,yang,,outside_policy | parenthetical | annotative_expansion,61.96,17:73:5,that which,Kekalkan sense dominan Quranic sebagai gloss lalai. Alternate hanya jika konteks memaksa.
1489,هَلۡ,63,apakah,45,adakah,2,apakah,,outside_policy,61.93,30:40:10 | 35:3:7,Is (there) | Is,Kekalkan sense dominan Quranic sebagai gloss lalai. Alternate hanya jika konteks memaksa.
1490,هَلۡ,63,apakah,45,bukankah,2,apakah,,outside_policy,61.93,17:93:22 | 55:60:1,What | Is,Kekalkan sense dominan Quranic sebagai gloss lalai. Alternate hanya jika konteks memaksa.
1491,هَلۡ,63,apakah,45,tidaklah,2,apakah,,outside_policy,61.93,6:158:1 | 34:33:29,Are | Will,Kekalkan sense dominan Quranic sebagai gloss lalai. Alternate hanya jika konteks memaksa.
1492,لَّوۡ,17,sekiranya,5,kalau seandainya,1,sekiranya,,outside_policy,61.82,17:100:2,If,Kekalkan sense dominan Quranic sebagai gloss lalai. Alternate hanya jika konteks memaksa.
1493,لَّوۡ,17,sekiranya,5,seandainya,1,sekiranya,,outside_policy,61.82,13:31:24,if,Kekalkan sense dominan Quranic sebagai gloss lalai. Alternate hanya jika konteks memaksa.
1494,وَلَآ,53,dan tidak,45,dan jangan,3,dan tidak,,outside_policy,61.81,5:2:15 | 9:55:4 | 63:9:7,and not | and not | and not,Kekalkan sense dominan Quranic sebagai gloss lalai. Alternate hanya jika konteks memaksa.
1495,مَا,707,apa,419,apa (agama) yang,1,apa,apa yang | tidak | tidak ada,outside_policy | parenthetical | long_gloss | annotative_expansion,61.78,42:13:27,what,Defaultkan kepada `apa`. Tukar hanya bila sintaks jelas menunjukkan partikel nafi atau kata hubung relatif.
1496,وَإِنَّا,28,dan sesungguhnya kami,14,dan sesungguhnya Kami,9,dan sesungguhnya kami,,outside_policy | long_gloss | entity_or_pronoun_shift,61.78,6:146:27 | 15:9:5 | 15:23:1 | 18:8:1 | 21:94:10,"And indeed, We | and indeed, We | And indeed, We | And indeed, We | And indeed, We",Kekalkan sense dominan Quranic sebagai gloss lalai. Alternate hanya jika konteks memaksa.
1497,أَصۡحَٰبُ,41,penghuni,29,golongan,2,penghuni,,outside_policy,61.72,90:18:2 | 90:19:5,(are the) companions | (are the) companions,Kekalkan sense dominan Quranic sebagai gloss lalai. Alternate hanya jika konteks memaksa.
1498,وَإِذَا,117,dan apabila,107,dan jika,4,dan apabila,,outside_policy,61.69,5:58:1 | 5:61:1 | 7:203:1 | 7:204:1,And when | And when | And when | And when,Kekalkan sense dominan Quranic sebagai gloss lalai. Alternate hanya jika konteks memaksa.
1499,ٱلۡكَٰفِرُونَ,17,orang-orang kafir,11,orang-orang yang kafir,4,orang-orang kafir,,outside_policy | long_gloss,61.66,12:87:20 | 16:83:7 | 40:14:8 | 40:85:17,the disbelievers | (are) the disbelievers | the disbelievers | the disbelievers,Kekalkan gloss relatif yang stabil; jangan tambah rujukan entiti pada token ini.
1500,ٱلَّذِي,216,yang,184,yang (azab),1,yang,,outside_policy | parenthetical | annotative_expansion,61.56,83:17:4,(is) what,Gunakan gloss dominan Quranic sebagai default. Override hanya bila struktur sintaks jelas memaksa makna lain.
1501,ٱلَّذِي,216,yang,184,yang(azab),1,yang,,outside_policy | parenthetical | annotative_expansion,61.56,43:42:3,that which,Gunakan gloss dominan Quranic sebagai default. Override hanya bila struktur sintaks jelas memaksa makna lain.
1502,ٱلَّذِي,216,yang,184,yang/orang-orang,1,yang,,outside_policy | slash_gloss | annotative_expansion,61.56,96:9:2,the one who,Gunakan gloss dominan Quranic sebagai default. Override hanya bila struktur sintaks jelas memaksa makna lain.
1503,أَخَافُ,20,aku takut,14,takut,2,aku takut,,outside_policy,61.50,26:12:4 | 59:16:14,[I] fear | I fear,Kekalkan sense dominan Quranic sebagai gloss lalai. Alternate hanya jika konteks memaksa.
1504,إِنَّهُۥ,141,sesungguhnya Dia,61,sesungguhnya ia/syaitan,2,sesungguhnya Dia,sesungguhnya | sesungguhnya dia | sesungguhnya ia,outside_policy | slash_gloss,61.48,6:142:13 | 28:15:35,"Indeed, he | Indeed, he","Pilih rujukan pronomina mengikut antecedent, tetapi kekalkan penegas `sesungguhnya`."
1505,بِهِمۡ,21,dengan mereka,12,pada mereka,3,dengan mereka,,outside_policy | entity_or_pronoun_shift,61.48,72:10:11 | 83:30:3 | 100:11:3,for them | by them | about them,Kekalkan sense dominan Quranic sebagai gloss lalai. Alternate hanya jika konteks memaksa.
1506,وَلَآ,53,dan tidak,45,dan tidak ada,1,dan tidak,,outside_policy | long_gloss | annotative_expansion,61.47,2:262:13,and not,Kekalkan sense dominan Quranic sebagai gloss lalai. Alternate hanya jika konteks memaksa.
1507,أَفَلَا,44,apakah maka tidak,19,apakah tidak/tidakkah,2,apakah maka tidak,apakah tidak | maka apakah tidak,outside_policy | slash_gloss,61.45,11:24:10 | 12:109:28,"Then, will not | Then will not",Kekalkan sense dominan Quranic sebagai gloss lalai. Alternate hanya jika konteks memaksa.
1508,وَلَئِن,22,dan jika,15,dan sungguh jika,5,dan jika,,outside_policy | long_gloss,61.45,30:58:10 | 31:25:1 | 39:38:1 | 59:12:6 | 59:12:10,But if | And if | And if | and if | And if,Kekalkan sense dominan Quranic sebagai gloss lalai. Alternate hanya jika konteks memaksa.
1509,بِمَا,253,dengan apa,71,bagi apa,1,dengan apa,dengan sebab | dengan/terhadap apa | disebabkan | terhadap apa,outside_policy,61.42,56:24:2,for what,Pilih makna instrumental `dengan apa` sebagai default; sebab/kausal hanya bila konteks jelas.
1510,بِمَا,253,dengan apa,71,daripada apa,1,dengan apa,dengan sebab | dengan/terhadap apa | disebabkan | terhadap apa,outside_policy,61.42,12:77:23,of what,Pilih makna instrumental `dengan apa` sebagai default; sebab/kausal hanya bila konteks jelas.
1511,بِمَا,253,dengan apa,71,dengan,1,dengan apa,dengan sebab | dengan/terhadap apa | disebabkan | terhadap apa,outside_policy,61.42,48:24:17,of what,Pilih makna instrumental `dengan apa` sebagai default; sebab/kausal hanya bila konteks jelas.
1512,بِمَا,253,dengan apa,71,dengan menurut,1,dengan apa,dengan sebab | dengan/terhadap apa | disebabkan | terhadap apa,outside_policy,61.42,40:17:5,for what,Pilih makna instrumental `dengan apa` sebagai default; sebab/kausal hanya bila konteks jelas.
1513,بِمَا,253,dengan apa,71,kepada apa,1,dengan apa,dengan sebab | dengan/terhadap apa | disebabkan | terhadap apa,outside_policy,61.42,9:74:13,[of] what,Pilih makna instrumental `dengan apa` sebagai default; sebab/kausal hanya bila konteks jelas.
1514,بِمَا,253,dengan apa,71,kerana,1,dengan apa,dengan sebab | dengan/terhadap apa | disebabkan | terhadap apa,outside_policy,61.42,36:64:3,because,Pilih makna instrumental `dengan apa` sebagai default; sebab/kausal hanya bila konteks jelas.
1515,بِمَا,253,dengan apa,71,kerana apa,1,dengan apa,dengan sebab | dengan/terhadap apa | disebabkan | terhadap apa,outside_policy,61.42,2:95:4,because,Pilih makna instrumental `dengan apa` sebagai default; sebab/kausal hanya bila konteks jelas.
1516,بِمَا,253,dengan apa,71,terhadap apa-apa,1,dengan apa,dengan sebab | dengan/terhadap apa | disebabkan | terhadap apa,outside_policy,61.42,59:18:16,of what,Pilih makna instrumental `dengan apa` sebagai default; sebab/kausal hanya bila konteks jelas.
1517,وَمَن,183,dan barang siapa,104,dan siapa/orang,3,dan barang siapa,dan barangsiapa | dan orang | dan siapa,outside_policy | slash_gloss,61.38,5:17:25 | 15:56:2 | 40:9:3,and whoever | And who | And whoever,Defaultkan kepada bentuk syarat yang stabil bila konteks memberi maksud umum.
1518,كُنتَ,35,kamu adalah,15,kamu,2,kamu adalah,,outside_policy | entity_or_pronoun_shift,61.36,19:18:7 | 28:86:2,you are | you were,Kekalkan sense dominan Quranic sebagai gloss lalai. Alternate hanya jika konteks memaksa.
1519,لَأٓيَٰتٖ,28,benar-benar tanda-tanda,12,benar-benar terdapat tanda-tanda,2,benar-benar tanda-tanda,,outside_policy | long_gloss,61.36,45:3:5 | 45:13:14,surely (are) Signs | surely are Signs,Kekalkan sense dominan Quranic sebagai gloss lalai. Alternate hanya jika konteks memaksa.
1520,أَلَمۡ,72,tidakkah,20,apakah,1,tidakkah,apakah tidak | bukankah | tidaklah,outside_policy,61.33,23:105:1,Were not,Kekalkan sense dominan Quranic sebagai gloss lalai. Alternate hanya jika konteks memaksa.
1521,أَلَمۡ,72,tidakkah,20,apakah belum,1,tidakkah,apakah tidak | bukankah | tidaklah,outside_policy,61.33,6:130:4,Did (there) not,Kekalkan sense dominan Quranic sebagai gloss lalai. Alternate hanya jika konteks memaksa.
1522,أَلَمۡ,72,tidakkah,20,tidak,1,tidakkah,apakah tidak | bukankah | tidaklah,outside_policy,61.33,2:107:1,Do not,Kekalkan sense dominan Quranic sebagai gloss lalai. Alternate hanya jika konteks memaksa.
1523,تَجۡرِي,48,mengalir,40,berlayar,3,mengalir,,outside_policy,61.33,2:164:11 | 31:31:5 | 54:14:1,sail | sail | Sailing,Kekalkan sense dominan Quranic sebagai gloss lalai. Alternate hanya jika konteks memaksa.
1524,ضَلَّ,18,sesat,5,hilanglah,1,sesat,ia sesat | ia telah sesat,outside_policy,61.33,17:67:6,lost,Kekalkan sense dominan Quranic sebagai gloss lalai. Alternate hanya jika konteks memaksa.
1525,عَلَىٰ,347,atas,293,atas (dasar),1,atas,,outside_policy | parenthetical | annotative_expansion,61.33,9:109:4,on,Gunakan gloss dominan Quranic sebagai default. Override hanya bila struktur sintaks jelas memaksa makna lain.
1526,عَلَىٰ,347,atas,293,atas/bagi,1,atas,,outside_policy | slash_gloss | annotative_expansion,61.33,19:71:6,upon,Gunakan gloss dominan Quranic sebagai default. Override hanya bila struktur sintaks jelas memaksa makna lain.
1527,عَلَىٰ,347,atas,293,atas/di,1,atas,,outside_policy | slash_gloss | annotative_expansion,61.33,27:18:4,to,Gunakan gloss dominan Quranic sebagai default. Override hanya bila struktur sintaks jelas memaksa makna lain.
1528,عَلَىٰ,347,atas,293,atas/ke dalam,1,atas,,outside_policy | slash_gloss | annotative_expansion,61.33,26:194:1,Upon,Gunakan gloss dominan Quranic sebagai default. Override hanya bila struktur sintaks jelas memaksa makna lain.
1529,عَلَىٰ,347,atas,293,atas/kerana,1,atas,,outside_policy | slash_gloss | annotative_expansion,61.33,39:49:14,for,Gunakan gloss dominan Quranic sebagai default. Override hanya bila struktur sintaks jelas memaksa makna lain.
1530,عَلَىٰ,347,atas,293,atas/pada,1,atas,,outside_policy | slash_gloss | annotative_expansion,61.33,18:90:8,on,Gunakan gloss dominan Quranic sebagai default. Override hanya bila struktur sintaks jelas memaksa makna lain.
1531,عَلَىٰ,347,atas,293,atas/tepi,1,atas,,outside_policy | slash_gloss | annotative_expansion,61.33,9:109:14,on,Gunakan gloss dominan Quranic sebagai default. Override hanya bila struktur sintaks jelas memaksa makna lain.
1532,عَلَىٰ,347,atas,293,atas/untuk,1,atas,,outside_policy | slash_gloss | annotative_expansion,61.33,20:18:8,for,Gunakan gloss dominan Quranic sebagai default. Override hanya bila struktur sintaks jelas memaksa makna lain.
1533,عَلَىٰ,347,atas,293,mendapat/atas,1,atas,,outside_policy | slash_gloss | annotative_expansion,61.33,31:5:2,(are) on,Gunakan gloss dominan Quranic sebagai default. Override hanya bila struktur sintaks jelas memaksa makna lain.
1534,ٱلۡحَقَّ,18,benar,5,yang haq,1,benar,,outside_policy,61.33,3:71:8,the truth,Kekalkan sense dominan Quranic sebagai gloss lalai. Alternate hanya jika konteks memaksa.
1535,بِٱلۡحَقِّ,47,dengan kebenaran,20,dengan benar/adil,2,dengan kebenaran,dengan benar,outside_policy | slash_gloss,61.27,39:69:12 | 40:78:29,in truth | in truth,Kekalkan sense dominan Quranic sebagai gloss lalai. Alternate hanya jika konteks memaksa.
1536,بِٱلۡحَقِّ,47,dengan kebenaran,20,dengan yang hak,2,dengan kebenaran,dengan benar,outside_policy | long_gloss,61.27,21:18:3 | 29:68:10,the truth | the truth,Kekalkan sense dominan Quranic sebagai gloss lalai. Alternate hanya jika konteks memaksa.
1537,ٱلۡأَرۡضِۚ,19,bumi,16,bumi/negeri,1,bumi,,outside_policy | slash_gloss | annotative_expansion,61.26,4:97:14,the earth,Kekalkan sense dominan Quranic sebagai gloss lalai. Alternate hanya jika konteks memaksa.
1538,ٱلۡأَرۡضِۚ,19,bumi,16,muka bumi/negeri,1,bumi,,outside_policy | slash_gloss | annotative_expansion,61.26,5:33:24,the land,Kekalkan sense dominan Quranic sebagai gloss lalai. Alternate hanya jika konteks memaksa.
1539,وَمَآ,131,dan tidak,36,da apakah,1,dan apa,dan apa yang | dan tidak | dan tidaklah,outside_policy,61.24,90:12:1,And what,Defaultkan kepada token-faithful gloss; jangan serap makna frasa jiran.
1540,وَمَآ,131,dan tidak,36,dan bukan,1,dan apa,dan apa yang | dan tidak | dan tidaklah,outside_policy,61.24,5:43:13,and not,Defaultkan kepada token-faithful gloss; jangan serap makna frasa jiran.
1541,وَمَآ,131,dan tidak,36,tidaklah,1,dan apa,dan apa yang | dan tidak | dan tidaklah,outside_policy,61.24,14:22:31,and not,Defaultkan kepada token-faithful gloss; jangan serap makna frasa jiran.
1542,سَمِعۡنَا,16,kami mendengar,9,kami dengar,3,kami mendengar,,outside_policy | entity_or_pronoun_shift,61.21,2:285:22 | 5:7:11 | 23:24:22,We heard | We heard | we heard,Kekalkan sense dominan Quranic sebagai gloss lalai. Alternate hanya jika konteks memaksa.
1543,ءَاتَيۡنَا,17,Kami telah memberikan,5,Kami telah berikan,3,Kami telah memberikan,,outside_policy | long_gloss | entity_or_pronoun_shift,61.16,6:154:2 | 32:23:2 | 34:10:2,We gave | We gave | We gave,Kekalkan sense dominan Quranic sebagai gloss lalai. Alternate hanya jika konteks memaksa.
1544,ءَاتَيۡنَا,17,Kami telah memberikan,5,telah Kami berikan,3,Kami telah memberikan,,outside_policy | long_gloss | entity_or_pronoun_shift,61.16,40:53:2 | 41:45:2 | 45:16:2,We gave | We gave | We gave,Kekalkan sense dominan Quranic sebagai gloss lalai. Alternate hanya jika konteks memaksa.
1545,ٱلۡمُحۡسِنِينَ,30,orang-orang yang berbuat baik,22,orang-orang yang berbuat kebaikan,8,orang-orang yang berbuat baik,,outside_policy | long_gloss,61.12,2:236:25 | 3:134:13 | 3:148:10 | 5:85:14 | 5:93:24,the good-doers | the good-doers | the good-doers | (of) the good-doers | the good-doers,Kekalkan gloss relatif yang stabil; jangan tambah rujukan entiti pada token ini.
1546,أَعۡلَمُ,55,lebih mengetahui,46,Aku lebih mengetahui,1,lebih mengetahui,,outside_policy | long_gloss | annotative_expansion,61.09,2:30:25,[I] know,Kekalkan sense dominan Quranic sebagai gloss lalai. Alternate hanya jika konteks memaksa.
1547,وَيَقُولُونَ,28,dan mereka berkata,14,dan mereka mengatakan,12,dan mereka berkata,,outside_policy | long_gloss | entity_or_pronoun_shift,61.08,3:78:14 | 4:51:12 | 4:81:1 | 4:150:12 | 7:169:11,And they say | and they say | And they say | and they say | and they say,Kekalkan sense dominan Quranic sebagai gloss lalai. Alternate hanya jika konteks memaksa.
1548,إِن,253,jika,211,jika/kendatipun,1,jika,,outside_policy | slash_gloss | annotative_expansion,61.02,9:80:7,If,Gunakan gloss dominan Quranic sebagai default. Override hanya bila struktur sintaks jelas memaksa makna lain.
1549,إِن,253,jika,211,jika/tidak,1,jika,,outside_policy | slash_gloss | annotative_expansion,61.02,11:54:1,Not,Gunakan gloss dominan Quranic sebagai default. Override hanya bila struktur sintaks jelas memaksa makna lain.
1550,إِن,253,jika,211,jika/tidaklah,1,jika,,outside_policy | slash_gloss | annotative_expansion,61.02,10:66:18,Not,Gunakan gloss dominan Quranic sebagai default. Override hanya bila struktur sintaks jelas memaksa makna lain.
1551,أَن,461,bahawa,315,hendak,2,bahawa,agar | supaya | untuk,outside_policy,61.00,5:91:4 | 5:112:10,to | to,Gunakan `bahawa` sebagai lalai. Bentuk infinitif/tujuan sahaja patut menggeser kepada `untuk/supaya/agar`.
1552,أَن,461,bahawa,315,hendaknya,2,bahawa,agar | supaya | untuk,outside_policy,61.00,2:235:23 | 10:87:5,that | that,Gunakan `bahawa` sebagai lalai. Bentuk infinitif/tujuan sahaja patut menggeser kepada `untuk/supaya/agar`.
1553,أَن,461,bahawa,315,sesungguhnya,2,bahawa,agar | supaya | untuk,outside_policy,61.00,4:25:6 | 80:2:1,to | Because,Gunakan `bahawa` sebagai lalai. Bentuk infinitif/tujuan sahaja patut menggeser kepada `untuk/supaya/agar`.
1554,تَجۡرِي,48,mengalir,40,mengalir/berhembus,1,mengalir,,outside_policy | slash_gloss | annotative_expansion,61.00,21:81:4,blowing,Kekalkan sense dominan Quranic sebagai gloss lalai. Alternate hanya jika konteks memaksa.
1555,وَٰحِدَةٗ,15,satu,4,seorang,1,satu,,outside_policy,61.00,4:11:20,(only) one,Kekalkan sense dominan Quranic sebagai gloss lalai. Alternate hanya jika konteks memaksa.
1556,فَإِنَّمَا,28,maka sesungguhnya hanyalah,23,maka sesungguhnya,3,maka sesungguhnya hanyalah,,outside_policy,60.98,3:47:19 | 27:92:6 | 44:58:1,then only | then only | Indeed,Kekalkan sense dominan Quranic sebagai gloss lalai. Alternate hanya jika konteks memaksa.
1557,مِّنكُمۡ,22,di antara kamu,15,daripadamu,2,di antara kamu,,outside_policy,60.95,2:83:27 | 19:71:2,of you | (any) of you,Kekalkan sense dominan Quranic sebagai gloss lalai. Alternate hanya jika konteks memaksa.
1558,وَجَعَلَ,29,dan Dia menjadikan,12,dan Dia jadikan,2,dan Dia menjadikan,dan Dia telah menjadikan | dan menjadikan | dan telah menjadikan,outside_policy | long_gloss,60.91,16:81:7 | 16:81:12,and (has) made | and (has) made,Kekalkan sense dominan Quranic sebagai gloss lalai. Alternate hanya jika konteks memaksa.
1559,وَجَعَلَ,29,dan Dia menjadikan,12,dan dia menjadikan,2,dan Dia menjadikan,dan Dia telah menjadikan | dan menjadikan | dan telah menjadikan,outside_policy | long_gloss,60.91,28:4:6 | 39:8:21,and made | and he sets up,Kekalkan sense dominan Quranic sebagai gloss lalai. Alternate hanya jika konteks memaksa.
1560,عَنۡهُ,31,daripadanya,21,daripada-Nya,2,daripadanya,,outside_policy,60.82,8:20:9 | 34:3:15,from him | from Him,Kekalkan sense dominan Quranic sebagai gloss lalai. Alternate hanya jika konteks memaksa.
1561,ٱلۡعَذَابِ,31,azab,21,seksa,2,azab,,outside_policy,60.82,16:88:10 | 34:14:26,punishment | the punishment,Kekalkan sense dominan Quranic sebagai gloss lalai. Alternate hanya jika konteks memaksa.
1562,وَهُوَ,169,dan Dia,120,dan dia (Yusuf),2,dan Dia,dan dia,outside_policy | parenthetical | long_gloss | entity_or_pronoun_shift | annotative_expansion,60.80,12:26:17 | 12:27:8,and he | and he,Kekalkan sense dominan Quranic sebagai gloss lalai. Alternate hanya jika konteks memaksa.
1563,قَالَتۡ,22,ia berkata,9,(Maryam) berkata,2,ia berkata,,outside_policy | parenthetical,60.77,19:18:1 | 19:20:1,She said | She said,Kekalkan sense dominan Quranic sebagai gloss lalai. Alternate hanya jika konteks memaksa.
1564,قَالَتۡ,22,ia berkata,9,(Ratu) berkata,2,ia berkata,,outside_policy | parenthetical,60.77,27:42:6 | 27:44:18,She said | She said,Kekalkan sense dominan Quranic sebagai gloss lalai. Alternate hanya jika konteks memaksa.
1565,يَقُولُ,35,berkata,9,berkat,1,berkata,Dia berfirman | Dia berkata | dia berkata | ia berkata,outside_policy,60.71,17:47:13,say,Kekalkan sense dominan Quranic sebagai gloss lalai. Alternate hanya jika konteks memaksa.
1566,يَقُولُ,35,berkata,9,ia katakan,1,berkata,Dia berfirman | Dia berkata | dia berkata | ia berkata,outside_policy,60.71,19:80:3,he says,Kekalkan sense dominan Quranic sebagai gloss lalai. Alternate hanya jika konteks memaksa.
1567,لَكَ,55,bagimu,30,bagi kamu,3,bagimu,kepadamu,outside_policy | entity_or_pronoun_shift,60.70,12:5:9 | 20:97:4 | 48:1:3,against you | for you | to you,Kekalkan sense dominan Quranic sebagai gloss lalai. Alternate hanya jika konteks memaksa.
1568,بِمَآ,43,dengan apa,11,dengan sebab,1,dengan apa,dengan/menurut apa,outside_policy,60.67,3:151:7,because,Kekalkan sense dominan Quranic sebagai gloss lalai. Alternate hanya jika konteks memaksa.
1569,بِمَآ,43,dengan apa,11,pada apa,1,dengan apa,dengan/menurut apa,outside_policy,60.67,2:4:3,in what,Kekalkan sense dominan Quranic sebagai gloss lalai. Alternate hanya jika konteks memaksa.
1570,وَإِذۡ,67,dan ketika,59,dan tatkala,4,dan ketika,,outside_policy,60.67,15:28:1 | 17:47:9 | 17:61:1 | 18:50:1,And when | and when | And when | And when,Kekalkan sense dominan Quranic sebagai gloss lalai. Alternate hanya jika konteks memaksa.
1571,ٱلۡأَرۡضَ,45,bumi,37,bumi/daerah,1,bumi,,outside_policy | slash_gloss | annotative_expansion,60.67,13:41:5,(to) the land,Kekalkan sense dominan Quranic sebagai gloss lalai. Alternate hanya jika konteks memaksa.
1572,ٱلۡأَرۡضَ,45,bumi,37,bumi/tanah,1,bumi,,outside_policy | slash_gloss | annotative_expansion,60.67,2:71:9,the earth,Kekalkan sense dominan Quranic sebagai gloss lalai. Alternate hanya jika konteks memaksa.
1573,ٱلۡأَرۡضَ,45,bumi,37,tanah/bumi,1,bumi,,outside_policy | slash_gloss | annotative_expansion,60.67,5:21:3,the land,Kekalkan sense dominan Quranic sebagai gloss lalai. Alternate hanya jika konteks memaksa.
1574,بِهِۦ,220,dengannya,122,dengan-Nya (Allah),1,dengannya,dengan-Nya | kepadanya | padanya,outside_policy | parenthetical | entity_or_pronoun_shift | annotative_expansion,60.64,4:55:4,in him,Defaultkan kepada `dengannya`; jangan serap keseluruhan klausa ke dalam token ini.
1575,بِهِۦ,220,dengannya,122,dengannya (Musa),1,dengannya,dengan-Nya | kepadanya | padanya,outside_policy | parenthetical | entity_or_pronoun_shift | annotative_expansion,60.64,28:11:5,him,Defaultkan kepada `dengannya`; jangan serap keseluruhan klausa ke dalam token ini.
1576,بِهِۦ,220,dengannya,122,dengannya (air mendidih),1,dengannya,dengan-Nya | kepadanya | padanya,outside_policy | parenthetical | long_gloss | annotative_expansion,60.64,22:20:2,with it,Defaultkan kepada `dengannya`; jangan serap keseluruhan klausa ke dalam token ini.
1577,بِهِۦ,220,dengannya,122,dengannya (cahaya itu),1,dengannya,dengan-Nya | kepadanya | padanya,outside_policy | parenthetical | long_gloss | annotative_expansion,60.64,6:122:9,whereby,Defaultkan kepada `dengannya`; jangan serap keseluruhan klausa ke dalam token ini.
1578,بِهِۦ,220,dengannya,122,dengannya (hal ini),1,dengannya,dengan-Nya | kepadanya | padanya,outside_policy | parenthetical | long_gloss | annotative_expansion,60.64,17:69:21,therein,Defaultkan kepada `dengannya`; jangan serap keseluruhan klausa ke dalam token ini.
1579,بِهِۦ,220,dengannya,122,dengannya (kejahatan itu),1,dengannya,dengan-Nya | kepadanya | padanya,outside_policy | parenthetical | long_gloss | annotative_expansion,60.64,4:123:11,for it,Defaultkan kepada `dengannya`; jangan serap keseluruhan klausa ke dalam token ini.
1580,بِهِۦ,220,dengannya,122,dengannya (tentang itu),1,dengannya,dengan-Nya | kepadanya | padanya,outside_policy | parenthetical | long_gloss | annotative_expansion,60.64,3:151:13,about it,Defaultkan kepada `dengannya`; jangan serap keseluruhan klausa ke dalam token ini.
1581,بِهِۦ,220,dengannya,122,dengannya (tentang yang dibunuh itu),1,dengannya,dengan-Nya | kepadanya | padanya,outside_policy | parenthetical | long_gloss | annotative_expansion,60.64,4:157:26,about it,Defaultkan kepada `dengannya`; jangan serap keseluruhan klausa ke dalam token ini.
1582,حَتَّىٰ,95,sehingga,78,sehingga (sebelum),1,sehingga,,outside_policy | parenthetical | annotative_expansion,60.63,3:92:4,until,Kekalkan sense dominan Quranic sebagai gloss lalai. Alternate hanya jika konteks memaksa.
1583,أَظۡلَمُ,15,lebih zalim,10,lebih aniaya,2,lebih zalim,,outside_policy,60.50,2:114:2 | 6:21:2,(is) more unjust | (is) more unjust,Kekalkan sense dominan Quranic sebagai gloss lalai. Alternate hanya jika konteks memaksa.
1584,تَعۡبُدُونَ,20,kamu sembah,11,yang kamu sembah,1,kamu sembah,,outside_policy | long_gloss | entity_or_pronoun_shift | annotative_expansion,60.50,26:70:6,(do) you worship,Kekalkan sense dominan Quranic sebagai gloss lalai. Alternate hanya jika konteks memaksa.
1585,وَإِنَّهُۥ,24,dan sesungguhnya ia,6,sesungguhnya ia,1,dan sesungguhnya ia,dan sesungguhnya dia | dan sesungguhnya ia (Al Qur'an),outside_policy,60.50,56:76:1,"And indeed, it",Kekalkan sense dominan Quranic sebagai gloss lalai. Alternate hanya jika konteks memaksa.
1586,ٱلنَّبِيُّ,17,Nabi,11,nabi,5,Nabi,,outside_policy | entity_or_pronoun_shift,60.41,33:28:2 | 33:45:2 | 33:50:36 | 33:59:2 | 60:12:2,O Prophet | O Prophet | the Prophet | O Prophet | Prophet,Kekalkan sense dominan Quranic sebagai gloss lalai. Alternate hanya jika konteks memaksa.
1587,صَٰلِحٗا,28,kebajikan/saleh,11,kebaikan/saleh,2,kebajikan/saleh,kebaikan | saleh,outside_policy | slash_gloss,60.29,23:100:3 | 64:9:12,righteous (deeds) | righteous deeds,Kekalkan sense dominan Quranic sebagai gloss lalai. Alternate hanya jika konteks memaksa.
1588,لِّلَّذِينَ,28,bagi orang-orang yang,18,kepada orang-orang yang,5,bagi orang-orang yang,,outside_policy | long_gloss,60.29,3:12:2 | 3:20:10 | 8:38:2 | 11:121:2 | 45:14:2,to those who | to those who | to those who | to those who | to those who,Kekalkan gloss relatif yang stabil; jangan tambah rujukan entiti pada token ini.
1589,وَيَوۡمَ,44,dan pada hari,29,dan dihari,2,dan pada hari,,outside_policy,60.27,16:84:1 | 16:89:1,And the Day | And the Day,Kekalkan sense dominan Quranic sebagai gloss lalai. Alternate hanya jika konteks memaksa.
1590,وَقَالَ,81,dan berkata,58,dan dia berkata,9,dan berkata,,outside_policy | long_gloss,60.26,7:79:3 | 7:93:3 | 11:77:10 | 12:99:8 | 27:16:4,and he said | and said | and said | and said | And he said,Kekalkan sense dominan Quranic sebagai gloss lalai. Alternate hanya jika konteks memaksa.
1591,عَلَى,242,atas,131,atas/terhadap Allah,1,atas,atas/terhadap | di atas | kepada | terhadap,outside_policy | slash_gloss | entity_or_pronoun_shift | annotative_expansion,60.24,61:7:5,upon,Sama seperti `عَلَىٰ`; kekalkan preposisi dasar.
1592,جَعَلۡنَا,28,Kami jadikan,13,Kami telah menjadikan,11,Kami jadikan,,outside_policy | long_gloss | entity_or_pronoun_shift,60.20,5:48:26 | 6:123:2 | 7:27:25 | 15:16:2 | 18:7:2,We have made | We placed | We have made | We have placed | We have made,Kekalkan sense dominan Quranic sebagai gloss lalai. Alternate hanya jika konteks memaksa.
1593,هُوَ,239,Dia,129,dia (Yusuf),1,Dia,Dialah | dia | ia,outside_policy | parenthetical | entity_or_pronoun_shift | annotative_expansion,60.19,12:23:3,he (was),Pilih `Dia` bila rujukan kepada Allah jelas; selain itu `dia/ia` mengikut antecedent.
1594,هُوَ,239,Dia,129,dia (yang batil),1,Dia,Dialah | dia | ia,outside_policy | parenthetical | long_gloss | annotative_expansion,60.19,21:18:8,it (is),Pilih `Dia` bila rujukan kepada Allah jelas; selain itu `dia/ia` mengikut antecedent.
1595,فَهُمۡ,33,maka mereka,22,lalu mereka,6,maka mereka,,outside_policy | entity_or_pronoun_shift,60.17,27:83:10 | 35:40:22 | 36:71:10 | 41:19:7 | 52:41:4,and they | so they | then they | then they | so they,Kekalkan sense dominan Quranic sebagai gloss lalai. Alternate hanya jika konteks memaksa.
1596,ٱلۡأَرۡضِ,180,bumi,145,di muka bumi,1,bumi,,outside_policy | long_gloss | annotative_expansion,60.17,18:45:13,(of) the earth,Kekalkan sense dominan Quranic sebagai gloss lalai. Alternate hanya jika konteks memaksa.
1597,ٱلۡأَرۡضِ,180,bumi,145,muka bumi ini,1,bumi,,outside_policy | long_gloss | annotative_expansion,60.17,17:37:4,the earth,Kekalkan sense dominan Quranic sebagai gloss lalai. Alternate hanya jika konteks memaksa.
1598,بِٱلۡبَيِّنَٰتِ,21,dengan keterangan-keterangan,5,dengan keterangan,1,dengan keterangan-keterangan,dengan keterangan yang nyata,outside_policy,60.14,43:63:4,with clear proofs,Kekalkan sense dominan Quranic sebagai gloss lalai. Alternate hanya jika konteks memaksa.
1599,بِٱلۡبَيِّنَٰتِ,21,dengan keterangan-keterangan,5,dengan penjelasan-penjelasan,1,dengan keterangan-keterangan,dengan keterangan yang nyata,outside_policy,60.14,35:25:10,with clear signs,Kekalkan sense dominan Quranic sebagai gloss lalai. Alternate hanya jika konteks memaksa.
1600,بِٱللَّهِ,131,kepada Allah,78,terhadap Allah,4,kepada Allah,dengan Allah,outside_policy | entity_or_pronoun_shift,60.11,31:33:29 | 33:10:15 | 48:6:7 | 57:14:19,about Allah | about Allah | about Allah | about Allah,Kekalkan sense dominan Quranic sebagai gloss lalai. Alternate hanya jika konteks memaksa.
1601,عَلَىٰٓ,81,atas,65,atas/ke hadapan,1,atas,,outside_policy | slash_gloss | annotative_expansion,60.07,21:61:4,before,Kekalkan sense dominan Quranic sebagai gloss lalai. Alternate hanya jika konteks memaksa.
1602,عَلَىٰٓ,81,atas,65,atas/untuk,1,atas,,outside_policy | slash_gloss | annotative_expansion,60.07,60:9:13,in,Kekalkan sense dominan Quranic sebagai gloss lalai. Alternate hanya jika konteks memaksa.
1603,مِّنۡهُ,28,daripadanya,15,daripadanya (kayu itu),1,daripadanya,,outside_policy | parenthetical | long_gloss | annotative_expansion,60.07,36:80:10,from it,Kekalkan sense dominan Quranic sebagai gloss lalai. Alternate hanya jika konteks memaksa.
1604,ٱتَّخَذُواْ,17,mereka mengambil,4,mengambil,1,mereka mengambil,(mereka) mengambil/menjadikan,outside_policy,60.06,42:6:2,take,Kekalkan sense dominan Quranic sebagai gloss lalai. Alternate hanya jika konteks memaksa.
1605,إِلَّا,562,kecuali,366,jika tidak,2,kecuali,hanyalah | melainkan | selain,outside_policy,60.04,9:39:1 | 9:40:1,If not | If not,Kekalkan pengecualian sebagai sense utama.
1606,إِنِّي,81,sesungguhnya aku,64,sesungguhnya saya,3,sesungguhnya aku,,outside_policy,60.04,4:18:12 | 7:21:2 | 8:48:23,"Indeed I | Indeed, I am | Indeed, I am",Kekalkan sense dominan Quranic sebagai gloss lalai. Alternate hanya jika konteks memaksa.
1607,قَوۡلٗا,15,perkataan,12,perkataan/jawaban,1,perkataan,,outside_policy | slash_gloss | annotative_expansion,60.00,20:89:6,a word,Kekalkan sense dominan Quranic sebagai gloss lalai. Alternate hanya jika konteks memaksa.
1608,قَوۡلٗا,15,perkataan,12,perkataan/kata,1,perkataan,,outside_policy | slash_gloss | annotative_expansion,60.00,36:58:2,A word,Kekalkan sense dominan Quranic sebagai gloss lalai. Alternate hanya jika konteks memaksa.
1609,قَوۡلٗا,15,perkataan,12,perkataan/pembicaraan,1,perkataan,,outside_policy | slash_gloss | annotative_expansion,60.00,18:93:13,(his) speech,Kekalkan sense dominan Quranic sebagai gloss lalai. Alternate hanya jika konteks memaksa.
1610,لَوۡلَآ,20,mengapa tidak,13,kalau tidak,2,mengapa tidak,,outside_policy,60.00,12:24:6 | 34:31:29,if not | If not,Kekalkan sense dominan Quranic sebagai gloss lalai. Alternate hanya jika konteks memaksa.
1611,هَٰذِهِۦ,15,ini,12,(dunia) ini,1,ini,,outside_policy | parenthetical | annotative_expansion,60.00,11:99:3,this,Kekalkan sense dominan Quranic sebagai gloss lalai. Alternate hanya jika konteks memaksa.
1612,هُوَۖ,15,Dia,12,Dia(sendiri),1,Dia,,outside_policy | parenthetical | annotative_expansion,60.00,6:17:9,Him,Kekalkan sense dominan Quranic sebagai gloss lalai. Alternate hanya jika konteks memaksa.
1613,وَعَلَى,23,dan atas,12,dan di atas,3,dan atas,,outside_policy | long_gloss,59.99,7:46:3 | 23:22:2 | 40:80:10,and on | and on | and upon,Kekalkan sense dominan Quranic sebagai gloss lalai. Alternate hanya jika konteks memaksa.
1614,قُلۡ,209,katakanlah,201,katakan,8,katakanlah,,outside_policy,59.98,2:111:13 | 2:120:10 | 2:189:4 | 4:78:25 | 5:18:8,Say | Say | Say | Say | Say,Kekalkan sense dominan Quranic sebagai gloss lalai. Alternate hanya jika konteks memaksa.
1615,عَمَّا,44,dari apa,29,dari/tentang apa,6,dari apa,,outside_policy | slash_gloss,59.94,2:141:13 | 16:56:10 | 16:93:15 | 27:93:10 | 29:13:9,about what | about what | about what | of what | about what,Kekalkan sense dominan Quranic sebagai gloss lalai. Alternate hanya jika konteks memaksa.
1616,غَيۡرَ,39,tidak,9,melainkan,1,tidak,bukan | bukan/tidak | selain | tidak/bukan,outside_policy,59.92,30:55:8,but,Kekalkan sense dominan Quranic sebagai gloss lalai. Alternate hanya jika konteks memaksa.
1617,لِّلَّذِينَ,28,bagi orang-orang yang,18,kepada orang-orang,2,bagi orang-orang yang,,outside_policy,59.79,30:38:10 | 59:10:18,for those who | towards those who,Kekalkan gloss relatif yang stabil; jangan tambah rujukan entiti pada token ini.
1618,عَنۡهَا,19,daripadanya,15,daripadanya (ayat-ayat),1,daripadanya,,outside_policy | parenthetical | annotative_expansion,59.68,7:136:10,to them,Kekalkan sense dominan Quranic sebagai gloss lalai. Alternate hanya jika konteks memaksa.
1619,عَنۡهَا,19,daripadanya,15,daripadanya (syurga),1,daripadanya,,outside_policy | parenthetical | annotative_expansion,59.68,2:36:3,from it,Kekalkan sense dominan Quranic sebagai gloss lalai. Alternate hanya jika konteks memaksa.
1620,عَنۡهَا,19,daripadanya,15,daripadanya/kerananya,1,daripadanya,,outside_policy | slash_gloss | annotative_expansion,59.68,56:19:3,therefrom,Kekalkan sense dominan Quranic sebagai gloss lalai. Alternate hanya jika konteks memaksa.
1621,بِٱلۡأٓخِرَةِ,18,dengan akhirat,4,dengan akherat,1,dengan akhirat,kepada akhirat,outside_policy,59.67,12:37:24,in the Hereafter,Kekalkan sense dominan Quranic sebagai gloss lalai. Alternate hanya jika konteks memaksa.
1622,بِٱلۡأٓخِرَةِ,18,dengan akhirat,4,pada akhirat,1,dengan akhirat,kepada akhirat,outside_policy,59.67,31:4:7,in the Hereafter,Kekalkan sense dominan Quranic sebagai gloss lalai. Alternate hanya jika konteks memaksa.
1623,فَقَالَ,27,maka dia berkata,6,dan berkata,1,maka dia berkata,lalu dia berkata | maka berkata,outside_policy,59.67,91:13:1,But said,Kekalkan sense dominan Quranic sebagai gloss lalai. Alternate hanya jika konteks memaksa.
1624,فَقَالَ,27,maka dia berkata,6,maka berfirman,1,maka dia berkata,lalu dia berkata | maka berkata,outside_policy,59.67,2:243:12,Then said,Kekalkan sense dominan Quranic sebagai gloss lalai. Alternate hanya jika konteks memaksa.
1625,وَكُنَّا,16,dan kami adalah,5,dan adalah Kami,4,dan kami adalah,,outside_policy | long_gloss | entity_or_pronoun_shift,59.62,21:51:7 | 21:79:13 | 21:81:11 | 21:82:10,and We were | And We were | And We are | And We were,Kekalkan sense dominan Quranic sebagai gloss lalai. Alternate hanya jika konteks memaksa.
1626,لَّا,131,tidak,103,kami tidak,1,tidak,,outside_policy | entity_or_pronoun_shift | annotative_expansion,59.59,20:58:8,not,Kekalkan sense dominan Quranic sebagai gloss lalai. Alternate hanya jika konteks memaksa.
1627,لَّا,131,tidak,103,kamu tidak,1,tidak,,outside_policy | entity_or_pronoun_shift | annotative_expansion,59.59,17:44:15,not,Kekalkan sense dominan Quranic sebagai gloss lalai. Alternate hanya jika konteks memaksa.
1628,لَّا,131,tidak,103,tidak (boleh),1,tidak,,outside_policy | parenthetical | annotative_expansion,59.59,6:138:6,no (one),Kekalkan sense dominan Quranic sebagai gloss lalai. Alternate hanya jika konteks memaksa.
1629,بِهِ,28,dengannya,22,dengannya (Al-Qur'an),1,dengannya,,outside_policy | parenthetical | annotative_expansion,59.57,26:193:2,Has brought it down,Gunakan gloss dominan Quranic sebagai default. Override hanya bila struktur sintaks jelas memaksa makna lain.
1630,بِهِ,28,dengannya,22,dengannya (Kitab),1,dengannya,,outside_policy | parenthetical | annotative_expansion,59.57,5:16:2,with it,Gunakan gloss dominan Quranic sebagai default. Override hanya bila struktur sintaks jelas memaksa makna lain.
1631,بِهِ,28,dengannya,22,dengannya/kepadanya,1,dengannya,,outside_policy | slash_gloss | annotative_expansion,59.57,22:31:17,him,Gunakan gloss dominan Quranic sebagai default. Override hanya bila struktur sintaks jelas memaksa makna lain.
1632,ءَالَآءِ,32,ni'mat,27,nikmat,4,ni'mat,,outside_policy,59.56,55:21:2 | 55:32:2 | 55:69:2 | 55:73:2,(of the) favors | (of the) favors | (of the) favors | (of the) favors,Kekalkan sense dominan Quranic sebagai gloss lalai. Alternate hanya jika konteks memaksa.
1633,لَهُۥ,174,baginya,64,bagi/kepunyaan-Nya,2,baginya,bagi-Nya | kepada-Nya | kepadanya,outside_policy | slash_gloss,59.53,9:116:3 | 25:2:2,to Him (belongs) | to Him (belongs),Pilih `baginya` sebagai default; guna `kepadanya` hanya jika struktur menuntut arah/penerima.
1634,يَدۡعُونَ,23,mereka sembah,5,menyembah,1,mereka sembah,(mereka) menyeru,outside_policy,59.52,25:68:3,invoke,Kekalkan sense dominan Quranic sebagai gloss lalai. Alternate hanya jika konteks memaksa.
1635,كَذَٰلِكَ,79,demikianlah,50,demikian itu,2,demikianlah,,outside_policy,59.49,47:3:14 | 50:11:7,Thus | Thus,Kekalkan sense dominan Quranic sebagai gloss lalai. Alternate hanya jika konteks memaksa.
1636,وَمِنۡ,28,dan dari,19,dan di antara,8,dan dari,,outside_policy | long_gloss,59.48,30:20:1 | 30:21:1 | 30:22:1 | 30:23:1 | 30:24:1,And among | And among | And among | And among | And among,Kekalkan sense dominan Quranic sebagai gloss lalai. Alternate hanya jika konteks memaksa.
1637,ءَامَنُواْ,205,beriman,191,(mereka) beriman,2,beriman,,outside_policy | parenthetical | entity_or_pronoun_shift | annotative_expansion,59.45,13:28:2 | 14:23:3,believed | believed,Kekalkan sense dominan Quranic sebagai gloss lalai. Alternate hanya jika konteks memaksa.
1638,لَهُمۡ,204,bagi mereka,135,untuk mereka,7,bagi mereka,,outside_policy | entity_or_pronoun_shift,59.42,20:77:9 | 20:88:2 | 22:19:9 | 24:55:21 | 36:72:2,for them | for them | for them | for them | for them,Gunakan gloss dominan Quranic sebagai default. Override hanya bila struktur sintaks jelas memaksa makna lain.
1639,وَلَوۡ,103,walaupun,22,dan bila,1,walaupun,dan jika | dan kalau | dan sekiranya,outside_policy,59.41,2:20:14,And if,Kekalkan sense dominan Quranic sebagai gloss lalai. Alternate hanya jika konteks memaksa.
1640,وَلَوۡ,103,walaupun,22,dan seandaiannya,1,walaupun,dan jika | dan kalau | dan sekiranya,outside_policy,59.41,69:44:1,And if,Kekalkan sense dominan Quranic sebagai gloss lalai. Alternate hanya jika konteks memaksa.
1641,وَلَوۡ,103,walaupun,22,dan sekalipun,1,walaupun,dan jika | dan kalau | dan sekiranya,outside_policy,59.41,8:19:19,even if,Kekalkan sense dominan Quranic sebagai gloss lalai. Alternate hanya jika konteks memaksa.
1642,وَلَوۡ,103,walaupun,22,kendatipun,1,walaupun,dan jika | dan kalau | dan sekiranya,outside_policy,59.41,4:78:5,even if,Kekalkan sense dominan Quranic sebagai gloss lalai. Alternate hanya jika konteks memaksa.
1643,وَلَوۡ,103,walaupun,22,sekiranya,1,walaupun,dan jika | dan kalau | dan sekiranya,outside_policy,59.41,6:93:23,And if,Kekalkan sense dominan Quranic sebagai gloss lalai. Alternate hanya jika konteks memaksa.
1644,خَلَقۡنَا,18,Kami telah menciptakan,9,Kami menciptakan,3,Kami telah menciptakan,,outside_policy | entity_or_pronoun_shift,59.33,15:85:2 | 37:150:2 | 46:3:2,We created | did We create | We created,Kekalkan sense dominan Quranic sebagai gloss lalai. Alternate hanya jika konteks memaksa.
1645,وَإِنَّا,28,dan sesungguhnya kami,14,dan sesungguhnya kita,3,dan sesungguhnya kami,,outside_policy | long_gloss,59.33,7:127:19 | 26:56:1 | 27:49:13,"and indeed, we | And indeed, we | and indeed, we",Kekalkan sense dominan Quranic sebagai gloss lalai. Alternate hanya jika konteks memaksa.
1646,يُنفِقُونَ,18,mereka menafkahkan,9,mereka nafkahkan,3,mereka menafkahkan,,outside_policy | entity_or_pronoun_shift,59.33,3:117:3 | 9:91:13 | 9:92:23,they spend | they (can) spend | they (could) spend,Kekalkan sense dominan Quranic sebagai gloss lalai. Alternate hanya jika konteks memaksa.
1647,فِيٓ,86,dalam,31,pada/tentang,2,dalam,di | pada | tentang,outside_policy | slash_gloss,59.31,11:87:13 | 40:4:3,concerning | concerning,Variasi hamzah/waqaf. Kekalkan gloss dasar `dalam` kecuali konteks memaksa bacaan topikal.
1648,إِذۡ,152,ketika,118,(Ingatlah) ketika,1,ketika,,outside_policy | parenthetical | annotative_expansion,59.29,3:35:1,When,Kekalkan sense dominan Quranic sebagai gloss lalai. Alternate hanya jika konteks memaksa.
1649,إِذۡ,152,ketika,118,ketika/di waktu,1,ketika,,outside_policy | slash_gloss | annotative_expansion,59.29,5:110:12,when,Kekalkan sense dominan Quranic sebagai gloss lalai. Alternate hanya jika konteks memaksa.
1650,إِذۡ,152,ketika,118,ketika/kerana,1,ketika,,outside_policy | slash_gloss | annotative_expansion,59.29,40:10:11,when,Kekalkan sense dominan Quranic sebagai gloss lalai. Alternate hanya jika konteks memaksa.
1651,ٱلۡعَذَابُ,17,azab,13,seksa,3,azab,,outside_policy,59.27,2:86:10 | 2:162:6 | 3:88:6,the punishment | the punishment | the punishment,Kekalkan sense dominan Quranic sebagai gloss lalai. Alternate hanya jika konteks memaksa.
1652,ذَٰلِكَ,264,demikian itu,131,itu/demikian,3,demikian itu,demikian | demikian/itu,outside_policy | slash_gloss,59.22,3:94:8 | 5:32:3 | 5:32:37,that | that | that,Kekalkan sense dominan Quranic sebagai gloss lalai. Alternate hanya jika konteks memaksa.
1653,حَيۡثُ,29,di mana saja,6,apa saja,1,di mana saja,arah | mana saja,outside_policy,59.21,2:58:8,wherever,Kekalkan sense dominan Quranic sebagai gloss lalai. Alternate hanya jika konteks memaksa.
1654,حَيۡثُ,29,di mana saja,6,darimana,1,di mana saja,arah | mana saja,outside_policy,59.21,20:69:15,wherever,Kekalkan sense dominan Quranic sebagai gloss lalai. Alternate hanya jika konteks memaksa.
1655,حَيۡثُ,29,di mana saja,6,di mana,1,di mana saja,arah | mana saja,outside_policy,59.21,6:124:16,where,Kekalkan sense dominan Quranic sebagai gloss lalai. Alternate hanya jika konteks memaksa.
1656,حَيۡثُ,29,di mana saja,6,tempat,1,di mana saja,arah | mana saja,outside_policy,59.21,2:199:4,wherever,Kekalkan sense dominan Quranic sebagai gloss lalai. Alternate hanya jika konteks memaksa.
1657,لَا,616,tidak,476,Kami tidak,1,tidak,jangan | janganlah | tidak ada,outside_policy | entity_or_pronoun_shift | annotative_expansion,59.18,20:132:6,Not,Bezakan nafi dan larangan dari binaan fi'il; `tidak` kekal default.
1658,لَا,616,tidak,476,tidak (dapat),1,tidak,jangan | janganlah | tidak ada,outside_policy | parenthetical | annotative_expansion,59.18,14:34:10,not,Bezakan nafi dan larangan dari binaan fi'il; `tidak` kekal default.
1659,لَا,616,tidak,476,tidak/tidaklah,1,tidak,jangan | janganlah | tidak ada,outside_policy | slash_gloss | annotative_expansion,59.18,21:23:1,Not,Bezakan nafi dan larangan dari binaan fi'il; `tidak` kekal default.
1660,لَا,616,tidak,476,yang tidak dapat,1,tidak,jangan | janganlah | tidak ada,outside_policy | long_gloss | annotative_expansion,59.18,21:66:7,(does) not,Bezakan nafi dan larangan dari binaan fi'il; `tidak` kekal default.
1661,يُشۡرِكُونَ,19,mereka persekutukan,12,mereka mempersekutukan,6,mereka persekutukan,,outside_policy | entity_or_pronoun_shift,59.11,16:54:10 | 23:59:5 | 24:55:29 | 29:65:16 | 30:33:18,associate others | associate partners | they associate | associate partners (with Him) | associate partners,Kekalkan sense dominan Quranic sebagai gloss lalai. Alternate hanya jika konteks memaksa.
1662,مِنكُمۡ,50,di antara kamu,31,daripadamu,2,di antara kamu,,outside_policy,59.10,2:85:33 | 3:122:4,among you | among you,Kekalkan sense dominan Quranic sebagai gloss lalai. Alternate hanya jika konteks memaksa.
1663,عَذَابٞ,29,azab,22,seksaan,3,azab,,outside_policy,59.09,2:90:26 | 5:37:11 | 37:9:3,(is) a punishment | (is) a punishment | (is) a punishment,Kekalkan sense dominan Quranic sebagai gloss lalai. Alternate hanya jika konteks memaksa.
1664,عَلَيۡنَا,40,atas kami,26,atas Kami,7,atas kami,,outside_policy | entity_or_pronoun_shift,59.07,10:103:8 | 17:69:20 | 50:44:8 | 68:39:4 | 69:44:3,upon Us | against Us | for Us | from us | against Us,Kekalkan sense dominan Quranic sebagai gloss lalai. Alternate hanya jika konteks memaksa.
1665,أَوَلَمۡ,33,ataukah tidak,25,apakah tidak,3,ataukah tidak,,outside_policy,59.06,2:260:10 | 7:100:1 | 7:184:1,Have not | Would it not | Do not,Kekalkan sense dominan Quranic sebagai gloss lalai. Alternate hanya jika konteks memaksa.
1666,ٱتَّخَذُواْ,17,mereka mengambil,4,(mereka) mengambil/mengerjakan,1,mereka mengambil,(mereka) mengambil/menjadikan,outside_policy | slash_gloss | parenthetical | entity_or_pronoun_shift | annotative_expansion,59.06,9:107:2,take,Kekalkan sense dominan Quranic sebagai gloss lalai. Alternate hanya jika konteks memaksa.
1667,ٱلۡحَقُّ,37,kebenaran,13,hak/benar,2,kebenaran,benar | hak,outside_policy | slash_gloss,59.04,2:91:17 | 25:26:3,(is) the truth | (will be) truly,Kekalkan sense dominan Quranic sebagai gloss lalai. Alternate hanya jika konteks memaksa.
1668,إِلَيۡهِ,66,kepada-Nya,33,kepadanya/Musa,1,kepada-Nya,,outside_policy | slash_gloss | entity_or_pronoun_shift | annotative_expansion,59.00,20:66:8,to him,Kekalkan sense dominan Quranic sebagai gloss lalai. Alternate hanya jika konteks memaksa.
1669,كَٰفِرُونَ,15,orang-orang kafir,3,kafir,1,orang-orang kafir,orang-orang yang ingkar,outside_policy,59.00,41:7:8,(are) disbelievers,Kekalkan gloss relatif yang stabil; jangan tambah rujukan entiti pada token ini.
1670,ٱتَّخَذَ,15,mengambil,3,ia menjadikan,1,mengambil,,outside_policy,59.00,45:23:3,takes,Kekalkan sense dominan Quranic sebagai gloss lalai. Alternate hanya jika konteks memaksa.
1671,ٱتَّخَذَ,15,mengambil,3,mempunyai,1,mengambil,,outside_policy,59.00,2:116:2,has taken,Kekalkan sense dominan Quranic sebagai gloss lalai. Alternate hanya jika konteks memaksa.
1672,ٱلۡأَلۡبَٰبِ,15,yang berakal,3,akal,1,yang berakal,akal/fikiran,outside_policy,59.00,14:52:13,(of) understanding,Kekalkan sense dominan Quranic sebagai gloss lalai. Alternate hanya jika konteks memaksa.
1673,ٱلۡأَلۡبَٰبِ,15,yang berakal,3,berakal,1,yang berakal,akal/fikiran,outside_policy,59.00,3:190:11,(of) understanding,Kekalkan sense dominan Quranic sebagai gloss lalai. Alternate hanya jika konteks memaksa.
1674,وَأَنَّ,43,dan sesungguhnya,21,dan bahawa sesungguhnya,3,dan sesungguhnya,,outside_policy | long_gloss,58.98,5:98:6 | 9:78:8 | 65:12:19,and that | and that | And that,Kekalkan sense dominan Quranic sebagai gloss lalai. Alternate hanya jika konteks memaksa.
1675,وَلِلَّهِ,25,dan milik Allah,9,dan bagi Allah,6,dan milik Allah,,outside_policy | long_gloss | entity_or_pronoun_shift,58.97,11:123:1 | 16:60:7 | 16:77:1 | 45:27:1 | 63:7:13,And for Allah | and for Allah | And to Allah (belongs) | And for Allah | And for Allah,Kekalkan sense dominan Quranic sebagai gloss lalai. Alternate hanya jika konteks memaksa.
1676,عَظِيمٗا,17,besar,13,besar/sejauh-jauhnya,1,besar,,outside_policy | slash_gloss | annotative_expansion,58.94,4:27:13,great,Kekalkan sense dominan Quranic sebagai gloss lalai. Alternate hanya jika konteks memaksa.
1677,ذَٰلِكَ,264,demikian itu,131,demikian itu/dari itu,1,demikian itu,demikian | demikian/itu,outside_policy | slash_gloss | long_gloss | annotative_expansion,58.89,52:47:6,that,Kekalkan sense dominan Quranic sebagai gloss lalai. Alternate hanya jika konteks memaksa.
1678,فِي,1098,dalam,380,pada/tentang,2,dalam,di | di dalam | pada | tentang,outside_policy | slash_gloss,58.88,57:20:11 | 58:1:7,of | concerning,Gunakan `dalam` sebagai default. Tukar kepada `pada` atau `tentang` hanya jika binaan jelas menuntut bacaan tempat atau topik.
1679,فِي,1098,dalam,380,pada/terhadap,2,dalam,di | di dalam | pada | tentang,outside_policy | slash_gloss,58.88,11:78:21 | 11:79:6,concerning | concerning,Gunakan `dalam` sebagai default. Tukar kepada `pada` atau `tentang` hanya jika binaan jelas menuntut bacaan tempat atau topik.
1680,ٱلۡيَوۡمَ,33,hari ini,16,pada hari itu,3,hari ini,,outside_policy | long_gloss,58.88,36:55:4 | 37:26:3 | 43:68:5,this Day | (on) that Day | this Day,Kekalkan sense dominan Quranic sebagai gloss lalai. Alternate hanya jika konteks memaksa.
1681,وَلَن,21,dan tidak,16,dan tidak akan,1,dan tidak,,outside_policy | long_gloss | annotative_expansion,58.86,2:24:4,and never,Kekalkan sense dominan Quranic sebagai gloss lalai. Alternate hanya jika konteks memaksa.
1682,ذُو,25,mempunyai,19,orang yang mempunyai,1,mempunyai,,outside_policy | long_gloss | annotative_expansion,58.80,65:7:2,owner,Kekalkan sense dominan Quranic sebagai gloss lalai. Alternate hanya jika konteks memaksa.
1683,عَذَابٞ,29,azab,22,azab/seksa,1,azab,,outside_policy | slash_gloss | annotative_expansion,58.76,58:16:9,(is) a punishment,Kekalkan sense dominan Quranic sebagai gloss lalai. Alternate hanya jika konteks memaksa.
1684,عَذَابٞ,29,azab,22,seksa/azab,1,azab,,outside_policy | slash_gloss | annotative_expansion,58.76,3:178:16,(is) a punishment,Kekalkan sense dominan Quranic sebagai gloss lalai. Alternate hanya jika konteks memaksa.
1685,قَالَ,407,berkata,78,bekata,1,berkata,(Allah) berfirman | (Musa) berkata | dia berkata,outside_policy,58.75,12:36:5,Said,Kekalkan sense dominan Quranic sebagai gloss lalai. Alternate hanya jika konteks memaksa.
1686,قَالَ,407,berkata,78,ia mengatakan,1,berkata,(Allah) berfirman | (Musa) berkata | dia berkata,outside_policy,58.75,4:18:11,he says,Kekalkan sense dominan Quranic sebagai gloss lalai. Alternate hanya jika konteks memaksa.
1687,مِّمَّا,50,dari apa,24,dari/terhadap apa,3,dari apa,dari apa yang | daripada apa,outside_policy | slash_gloss,58.73,11:62:18 | 16:127:13 | 27:70:8,about what | for what | from what,Kekalkan sense dominan Quranic sebagai gloss lalai. Alternate hanya jika konteks memaksa.
1688,يَعۡقِلُونَ,21,mereka berakal,4,memahami,1,mereka berakal,mereka memahami,outside_policy,58.71,49:4:9,understand,Kekalkan sense dominan Quranic sebagai gloss lalai. Alternate hanya jika konteks memaksa.
1689,إِلَىٰ,211,kepada,157,ke,3,kepada,,outside_policy,58.66,11:43:3 | 19:86:3 | 25:34:5,to | to | to,Gunakan gloss dominan Quranic sebagai default. Override hanya bila struktur sintaks jelas memaksa makna lain.
1690,إِلَىٰ,211,kepada,157,pada,3,kepada,,outside_policy,58.66,6:12:14 | 34:9:3 | 45:26:8,on | towards | to,Gunakan gloss dominan Quranic sebagai default. Override hanya bila struktur sintaks jelas memaksa makna lain.
1691,إِلَىٰ,211,kepada,157,untuk,3,kepada,,outside_policy,58.66,35:18:9 | 40:11:10 | 42:44:17,to | to | (there) for,Gunakan gloss dominan Quranic sebagai default. Override hanya bila struktur sintaks jelas memaksa makna lain.
1692,مَّا,162,apa,79,apa (hamba sahaya),1,apa,apa yang | tidak | tidak ada,outside_policy | parenthetical | long_gloss | annotative_expansion,58.63,30:28:9,what,Sama seperti `مَا`; pilih gloss nafi hanya jika konteks sintaks memaksa.
1693,مَّا,162,apa,79,apa apa (segala)?,1,apa,apa yang | tidak | tidak ada,outside_policy | parenthetical | long_gloss | annotative_expansion,58.63,3:24:13,what,Sama seperti `مَا`; pilih gloss nafi hanya jika konteks sintaks memaksa.
1694,لَآ,48,tidak ada,29,bagiku,2,tidak ada,,outside_policy,58.62,27:20:5 | 36:22:2,Why | (is) for me,Kekalkan sense dominan Quranic sebagai gloss lalai. Alternate hanya jika konteks memaksa.
1695,إِذَا,170,apabila,128,apabila/jika,1,apabila,,outside_policy | slash_gloss | annotative_expansion,58.59,5:93:10,when,Kekalkan sense dominan Quranic sebagai gloss lalai. Alternate hanya jika konteks memaksa.
1696,إِذَا,170,apabila,128,apabila/tiba-tiba,1,apabila,,outside_policy | slash_gloss | annotative_expansion,58.59,16:54:6,behold,Kekalkan sense dominan Quranic sebagai gloss lalai. Alternate hanya jika konteks memaksa.
1697,إِذَا,170,apabila,128,jika/apabila,1,apabila,,outside_policy | slash_gloss | annotative_expansion,58.59,4:41:2,when,Kekalkan sense dominan Quranic sebagai gloss lalai. Alternate hanya jika konteks memaksa.
1698,إِذَا,170,apabila,128,tatkala/apabila,1,apabila,,outside_policy | slash_gloss | annotative_expansion,58.59,19:58:22,When,Kekalkan sense dominan Quranic sebagai gloss lalai. Alternate hanya jika konteks memaksa.
1699,بَيۡنَ,70,antara,34,di antara (petunjuk),1,antara,,outside_policy | parenthetical | long_gloss | annotative_expansion,58.57,12:111:15,between,Kekalkan sense dominan Quranic sebagai gloss lalai. Alternate hanya jika konteks memaksa.
1700,ٱلۡكَٰفِرِينَ,52,orang-orang kafir,36,orang-orang yang kafir,14,orang-orang kafir,,outside_policy | long_gloss,58.55,5:68:30 | 9:37:31 | 10:86:5 | 11:42:19 | 16:27:21,the disbelieving | the disbelievers | the disbelievers | the disbelievers | the disbelievers,Kekalkan gloss relatif yang stabil; jangan tambah rujukan entiti pada token ini.
1701,أَجۡمَعِينَ,23,semuanya,17,semua,3,semuanya,,outside_policy,58.51,26:170:3 | 37:134:4 | 43:55:6,all | all | all,Kekalkan sense dominan Quranic sebagai gloss lalai. Alternate hanya jika konteks memaksa.
1702,إِنَّمَا,82,sesungguhnya hanyalah,72,sesungguhnya,6,sesungguhnya hanyalah,,outside_policy,58.51,7:187:7 | 15:15:2 | 33:33:16 | 33:63:6 | 47:36:1,Only | Only | Only | Only | Only,Kekalkan sense dominan Quranic sebagai gloss lalai. Alternate hanya jika konteks memaksa.
1703,أَعۡمَٰلَهُمۡ,15,amal perbuatan mereka,5,pekerjaan mereka,2,amal perbuatan mereka,,outside_policy | entity_or_pronoun_shift,58.50,8:48:5 | 11:15:9,their deeds | (for) their deeds,Kekalkan sense dominan Quranic sebagai gloss lalai. Alternate hanya jika konteks memaksa.
1704,عَذَابًا,15,azab,9,seksaan,2,azab,,outside_policy,58.50,4:173:16 | 9:39:4,(with) a punishment | (with) a painful punishment,Kekalkan sense dominan Quranic sebagai gloss lalai. Alternate hanya jika konteks memaksa.
1705,ٱلرَّحۡمَٰنُ,20,Maha Pengasih,15,Maha Pengasih itu,1,Maha Pengasih,,outside_policy | long_gloss | annotative_expansion,58.50,25:60:8,(is) the Most Gracious,Kekalkan sense dominan Quranic sebagai gloss lalai. Alternate hanya jika konteks memaksa.
1706,يَفۡتَرُونَ,17,mereka ada-adakan,8,mereka mengada-adakan,3,mereka ada-adakan,,outside_policy | entity_or_pronoun_shift,58.45,4:50:3 | 6:112:23 | 6:138:26,they invent | they invent | invent,Kekalkan sense dominan Quranic sebagai gloss lalai. Alternate hanya jika konteks memaksa.
1707,هُوَ,239,Dia,129,ia/itulah,4,Dia,Dialah | dia | ia,outside_policy | slash_gloss,58.44,9:72:22 | 16:95:10 | 22:11:23 | 34:6:10,it | it | [it] | [it],Pilih `Dia` bila rujukan kepada Allah jelas; selain itu `dia/ia` mengikut antecedent.
1708,مِّمَّا,50,dari apa,24,dari apa (air susu),1,dari apa,dari apa yang | daripada apa,outside_policy | parenthetical | long_gloss | annotative_expansion,58.40,23:21:7,from what,Kekalkan sense dominan Quranic sebagai gloss lalai. Alternate hanya jika konteks memaksa.
1709,رَبِّ,80,ya Tuhanku,43,Tuhan/Pemelihara,4,ya Tuhanku,Tuhan | Tuhanku,outside_policy | slash_gloss,58.38,6:45:8 | 6:162:8 | 43:82:2 | 43:82:5,Lord | Lord | (to the) Lord | (the) Lord,Kekalkan sense dominan Quranic sebagai gloss lalai. Alternate hanya jika konteks memaksa.
1710,تَوَلَّوۡاْ,19,mereka berpaling,11,kamu berpaling,5,mereka berpaling,,outside_policy | entity_or_pronoun_shift,58.37,3:32:6 | 8:20:8 | 11:3:19 | 11:57:2 | 24:54:7,they turn away  | turn away | you turn away | you turn away | you turn away,Kekalkan sense dominan Quranic sebagai gloss lalai. Alternate hanya jika konteks memaksa.
1711,وَلِلَّهِ,25,dan milik Allah,9,dan kepunyaan Allah,7,dan milik Allah,,outside_policy | long_gloss | entity_or_pronoun_shift,58.37,3:180:23 | 4:126:1 | 24:42:1 | 48:4:12 | 48:7:1,And for Allah | And for Allah | And to Allah (belongs) | And for Allah | And for Allah,Kekalkan sense dominan Quranic sebagai gloss lalai. Alternate hanya jika konteks memaksa.
1712,ٱلظَّـٰلِمِينَ,63,orang-orang yang zalim,55,orang-orang zalim,6,orang-orang yang zalim,,outside_policy,58.36,5:29:13 | 7:41:10 | 7:44:28 | 10:39:19 | 21:29:13,(of) the wrong-doers | the wrongdoers | the wrongdoers | (of) the wrongdoers | the wrongdoers,Kekalkan gloss relatif yang stabil; jangan tambah rujukan entiti pada token ini.
1713,مِنۡهَا,51,daripadanya,38,daripadanya (ayat-ayat),1,daripadanya,,outside_policy | parenthetical | annotative_expansion,58.35,7:175:8,[from] them,Kekalkan sense dominan Quranic sebagai gloss lalai. Alternate hanya jika konteks memaksa.
1714,مِنۡهَا,51,daripadanya,38,daripadanya (langit),1,daripadanya,,outside_policy | parenthetical | annotative_expansion,58.35,72:9:4,there in,Kekalkan sense dominan Quranic sebagai gloss lalai. Alternate hanya jika konteks memaksa.
1715,مِنۡهَا,51,daripadanya,38,daripadanya (sorga),1,daripadanya,,outside_policy | parenthetical | annotative_expansion,58.35,38:77:3,of it,Kekalkan sense dominan Quranic sebagai gloss lalai. Alternate hanya jika konteks memaksa.
1716,مِنۡهَا,51,daripadanya,38,daripadanya(keuntungan itu),1,daripadanya,,outside_policy | parenthetical | annotative_expansion,58.35,42:20:16,of it,Kekalkan sense dominan Quranic sebagai gloss lalai. Alternate hanya jika konteks memaksa.
1717,مِنۡهَا,51,daripadanya,38,daripadanya/di dalamnya,1,daripadanya,,outside_policy | slash_gloss | annotative_expansion,58.35,25:13:3,thereof,Kekalkan sense dominan Quranic sebagai gloss lalai. Alternate hanya jika konteks memaksa.
1718,مِنۡهَا,51,daripadanya,38,daripadanya/syurga,1,daripadanya,,outside_policy | slash_gloss | annotative_expansion,58.35,15:34:3,of it,Kekalkan sense dominan Quranic sebagai gloss lalai. Alternate hanya jika konteks memaksa.
1719,فَمَنِ,15,maka barang siapa,11,maka barangsiapa,3,maka barang siapa,,outside_policy,58.33,20:123:12 | 23:7:1 | 27:92:4,then whoever | Then whoever | And whoever,Kekalkan gloss relatif yang stabil; jangan tambah rujukan entiti pada token ini.
1720,مِنۡهُ,45,daripadanya,33,daripada-Nya,3,daripadanya,,outside_policy,58.33,8:17:15 | 11:63:11 | 11:88:11,from Him | from Him | from Himself,Kekalkan sense dominan Quranic sebagai gloss lalai. Alternate hanya jika konteks memaksa.
1721,إِلَىٰ,211,kepada,157,kepada/dengan,1,kepada,,outside_policy | slash_gloss | annotative_expansion,58.32,2:187:6,to,Gunakan gloss dominan Quranic sebagai default. Override hanya bila struktur sintaks jelas memaksa makna lain.
1722,إِلَىٰ,211,kepada,157,kepada/terhadap,1,kepada,,outside_policy | slash_gloss | annotative_expansion,58.32,17:4:2,for,Gunakan gloss dominan Quranic sebagai default. Override hanya bila struktur sintaks jelas memaksa makna lain.
1723,إِلَىٰ,211,kepada,157,sampai/kepada,1,kepada,,outside_policy | slash_gloss | annotative_expansion,58.32,9:77:5,until,Gunakan gloss dominan Quranic sebagai default. Override hanya bila struktur sintaks jelas memaksa makna lain.
1724,عَلَىٰٓ,81,atas,65,untuk,4,atas,,outside_policy,58.32,17:88:6 | 17:99:10 | 23:95:2 | 31:15:3,to | [on] | on | on,Kekalkan sense dominan Quranic sebagai gloss lalai. Alternate hanya jika konteks memaksa.
1725,لَهُمُ,43,bagi mereka,20,untuk mereka,3,bagi mereka,,outside_policy | entity_or_pronoun_shift,58.29,4:64:18 | 9:111:9 | 24:62:34,for them | for them | for them,Kekalkan sense dominan Quranic sebagai gloss lalai. Alternate hanya jika konteks memaksa.
1726,لِّمَا,21,terhadap apa,10,terhadap apa (kitab),1,terhadap apa,,outside_policy | parenthetical | long_gloss | annotative_expansion,58.29,3:3:6,that which,Kekalkan sense dominan Quranic sebagai gloss lalai. Alternate hanya jika konteks memaksa.
1727,فَإِذَا,76,maka apabila,45,maka jika,2,maka apabila,,outside_policy,58.26,5:23:12 | 7:34:4,then when | So when,Kekalkan sense dominan Quranic sebagai gloss lalai. Alternate hanya jika konteks memaksa.
1728,عَنِ,70,dari,51,tentang,3,dari,,outside_policy,58.19,2:189:2 | 7:187:2 | 8:1:2,about | about | about,Kekalkan sense dominan Quranic sebagai gloss lalai. Alternate hanya jika konteks memaksa.
1729,تَرَ,31,kamu memperhatikan,10,kamu mengetahui,2,kamu memperhatikan,,outside_policy | entity_or_pronoun_shift,58.18,24:41:2 | 24:43:2,you see | you see,Kekalkan sense dominan Quranic sebagai gloss lalai. Alternate hanya jika konteks memaksa.
1730,أَجۡمَعِينَ,23,semuanya,17,semuanya/bersama-sama,1,semuanya,,outside_policy | slash_gloss | annotative_expansion,58.17,32:13:16,together,Kekalkan sense dominan Quranic sebagai gloss lalai. Alternate hanya jika konteks memaksa.
1731,ءَايَٰتِهِۦ,17,ayat-ayat-Nya,10,ayat-ayatnya,2,ayat-ayat-Nya,,outside_policy,58.15,30:24:2 | 38:29:6,His Signs | (over) its Verses,Kekalkan sense dominan Quranic sebagai gloss lalai. Alternate hanya jika konteks memaksa.
1732,ٱلۡعَٰلَمِينَ,61,semesta alam,45,semesta alam itu,1,semesta alam,,outside_policy | long_gloss | annotative_expansion,58.13,26:23:5,(of) the worlds,Kekalkan sense dominan Quranic sebagai gloss lalai. Alternate hanya jika konteks memaksa.
1733,ٱلۡعَٰلَمِينَ,61,semesta alam,45,umat/semesta alam,1,semesta alam,,outside_policy | slash_gloss | annotative_expansion,58.13,6:86:8,the worlds,Kekalkan sense dominan Quranic sebagai gloss lalai. Alternate hanya jika konteks memaksa.
1734,كَانُواْ,209,adalah mereka,150,mereka adalah,43,adalah mereka,,outside_policy | entity_or_pronoun_shift,58.11,2:59:17 | 2:61:47 | 3:156:15 | 3:156:18 | 3:164:20,they were | used to | they were | they had been | they were,Gunakan gloss dominan Quranic sebagai default. Override hanya bila struktur sintaks jelas memaksa makna lain.
1735,وَإِنۡ,19,dan jika,14,dan jika/tidak,1,dan jika,,outside_policy | slash_gloss | annotative_expansion,58.11,21:111:1,And not,Kekalkan sense dominan Quranic sebagai gloss lalai. Alternate hanya jika konteks memaksa.
1736,وَإِنۡ,19,dan jika,14,dan jika/tidaklah,1,dan jika,,outside_policy | slash_gloss | annotative_expansion,58.11,10:66:22,and not,Kekalkan sense dominan Quranic sebagai gloss lalai. Alternate hanya jika konteks memaksa.
1737,مِنكُمۡ,50,di antara kamu,31,dari/di antara kamu,2,di antara kamu,,outside_policy | slash_gloss | long_gloss | entity_or_pronoun_shift | annotative_expansion,58.10,3:155:4 | 4:25:4,among you | among you,Kekalkan sense dominan Quranic sebagai gloss lalai. Alternate hanya jika konteks memaksa.
1738,أَعۡلَمُ,55,lebih mengetahui,46,aku mengetahui,5,lebih mengetahui,,outside_policy,58.09,5:116:37 | 6:50:9 | 7:188:14 | 11:31:8 | 12:96:15,I know | (that) I know | know | I know | [I] know,Kekalkan sense dominan Quranic sebagai gloss lalai. Alternate hanya jika konteks memaksa.
1739,مِنَ,412,dari,303,dari/di,1,dari,,outside_policy | slash_gloss | annotative_expansion,58.06,39:74:10,[from],Gunakan gloss dominan Quranic sebagai default. Override hanya bila struktur sintaks jelas memaksa makna lain.
1740,مِنَ,412,dari,303,dari/kepada,1,dari,,outside_policy | slash_gloss | annotative_expansion,58.06,2:212:7,[of],Gunakan gloss dominan Quranic sebagai default. Override hanya bila struktur sintaks jelas memaksa makna lain.
1741,مِنَ,412,dari,303,dari/kerana,1,dari,,outside_policy | slash_gloss | annotative_expansion,58.06,12:84:9,from,Gunakan gloss dominan Quranic sebagai default. Override hanya bila struktur sintaks jelas memaksa makna lain.
1742,مِنَ,412,dari,303,dari/pada,1,dari,,outside_policy | slash_gloss | annotative_expansion,58.06,9:109:6,from,Gunakan gloss dominan Quranic sebagai default. Override hanya bila struktur sintaks jelas memaksa makna lain.
1743,مِنَ,412,dari,303,dari/terhadap,1,dari,,outside_policy | slash_gloss | annotative_expansion,58.06,60:13:12,of,Gunakan gloss dominan Quranic sebagai default. Override hanya bila struktur sintaks jelas memaksa makna lain.
1744,مِنَ,412,dari,303,termasuk/dari,1,dari,,outside_policy | slash_gloss | annotative_expansion,58.06,46:15:44,of,Gunakan gloss dominan Quranic sebagai default. Override hanya bila struktur sintaks jelas memaksa makna lain.
1745,إِن,253,jika,211,bahawa,5,jika,,outside_policy,58.02,4:104:6 | 9:50:1 | 10:29:6 | 33:13:22 | 56:90:2,If | If | that | Not | if,Gunakan gloss dominan Quranic sebagai default. Override hanya bila struktur sintaks jelas memaksa makna lain.
1746,إِن,253,jika,211,tidak lain,5,jika,,outside_policy,58.02,21:36:5 | 25:8:13 | 38:14:1 | 53:23:14 | 53:28:6,not | Not | Not | Not | Not,Gunakan gloss dominan Quranic sebagai default. Override hanya bila struktur sintaks jelas memaksa makna lain.
1747,أَشَدُّ,18,lebih/sangat,3,amat sangat,1,lebih/sangat,sangat,outside_policy,58.00,2:165:14,(are) stronger,Kekalkan sense dominan Quranic sebagai gloss lalai. Alternate hanya jika konteks memaksa.
1748,أَشَدُّ,18,lebih/sangat,3,lebih besar,1,lebih/sangat,sangat,outside_policy,58.00,2:191:9,(is) worse,Kekalkan sense dominan Quranic sebagai gloss lalai. Alternate hanya jika konteks memaksa.
1749,أَشَدُّ,18,lebih/sangat,3,lebih keras,1,lebih/sangat,sangat,outside_policy,58.00,20:71:24,(is) more severe,Kekalkan sense dominan Quranic sebagai gloss lalai. Alternate hanya jika konteks memaksa.
1750,أَشَدُّ,18,lebih/sangat,3,lebih sangat,1,lebih/sangat,sangat,outside_policy,58.00,50:36:7,(were) stronger,Kekalkan sense dominan Quranic sebagai gloss lalai. Alternate hanya jika konteks memaksa.
1751,بِهِۦۚ,15,dengannya,11,dengan-Nya/Dia,1,dengannya,,outside_policy | slash_gloss | annotative_expansion,58.00,22:31:5,with Him,Kekalkan sense dominan Quranic sebagai gloss lalai. Alternate hanya jika konteks memaksa.
1752,بِهِۦۚ,15,dengannya,11,dengannya/kepadanya,1,dengannya,,outside_policy | slash_gloss | annotative_expansion,58.00,10:40:9,in it,Kekalkan sense dominan Quranic sebagai gloss lalai. Alternate hanya jika konteks memaksa.
1753,جَآءَهُم,15,datang kepada mereka,7,dia datang kepada mereka,1,datang kepada mereka,,outside_policy | long_gloss | entity_or_pronoun_shift | annotative_expansion,58.00,40:25:2,he brought to them,Kekalkan sense dominan Quranic sebagai gloss lalai. Alternate hanya jika konteks memaksa.
1754,مِنۡهُ,45,daripadanya,33,daripada-Nya/dengan Dia,1,daripadanya,,outside_policy | slash_gloss | annotative_expansion,58.00,78:37:9,from Him,Kekalkan sense dominan Quranic sebagai gloss lalai. Alternate hanya jika konteks memaksa.
1755,مِنۡهُ,45,daripadanya,33,daripadanya (ayat),1,daripadanya,,outside_policy | parenthetical | annotative_expansion,58.00,10:61:7,of it,Kekalkan sense dominan Quranic sebagai gloss lalai. Alternate hanya jika konteks memaksa.
1756,مِنۡهُ,45,daripadanya,33,daripadanya/malam itu,1,daripadanya,,outside_policy | slash_gloss | annotative_expansion,58.00,36:37:5,from it,Kekalkan sense dominan Quranic sebagai gloss lalai. Alternate hanya jika konteks memaksa.
1757,وَمَا,507,dan tidak,231,dan apa yang ada,3,dan apa,dan apa yang | dan tidak | dan tidak ada | dan tidaklah,outside_policy | long_gloss,58.00,46:3:5 | 49:16:10 | 50:38:5,and what | and what | and whatever,Pisahkan antara sambungan `dan apa` dan bentuk nafi `dan tidak` mengikut binaan.
1758,ٱلنَّارِۖ,15,neraka,11,api/neraka,1,neraka,,outside_policy | slash_gloss | annotative_expansion,58.00,13:5:22,(of) the Fire,Kekalkan sense dominan Quranic sebagai gloss lalai. Alternate hanya jika konteks memaksa.
1759,إِلَى,140,kepada,101,ke dalam,3,kepada,ke | sampai,outside_policy,57.98,13:14:15 | 18:10:4 | 18:16:8,towards | to | to,Defaultkan kepada `kepada`.
1760,مَآ,117,apa,68,tidaklah,2,apa,apa yang | tidak,outside_policy,57.94,36:15:2 | 37:162:1,Not | Not,"Defaultkan kepada makna leksikal yang stabil, bukan perluasan frasa."
1761,جَعَلۡنَا,28,Kami jadikan,13,Kami jadikan/adakan,1,Kami jadikan,,outside_policy | slash_gloss | entity_or_pronoun_shift | annotative_expansion,57.93,17:45:4,We place,Kekalkan sense dominan Quranic sebagai gloss lalai. Alternate hanya jika konteks memaksa.
1762,ٱلۡجَنَّةِ,19,syurga,15,sorga,4,syurga,,outside_policy,57.93,13:35:2 | 36:55:3 | 39:73:6 | 39:74:11,of Paradise | (of) Paradise | Paradise | (in) Paradise,Kekalkan sense dominan Quranic sebagai gloss lalai. Alternate hanya jika konteks memaksa.
1763,مِمَّا,51,dari apa,16,dari/sebagian apa,2,dari apa,,outside_policy | slash_gloss,57.91,4:39:9 | 14:31:8,from what | from what,Kekalkan sense dominan Quranic sebagai gloss lalai. Alternate hanya jika konteks memaksa.
1764,عَنِ,70,dari,51,dari/kepada,1,dari,,outside_policy | slash_gloss | annotative_expansion,57.86,9:96:12,with,Kekalkan sense dominan Quranic sebagai gloss lalai. Alternate hanya jika konteks memaksa.
1765,عَنِ,70,dari,51,dari/pada,1,dari,,outside_policy | slash_gloss | annotative_expansion,57.86,2:217:2,about,Kekalkan sense dominan Quranic sebagai gloss lalai. Alternate hanya jika konteks memaksa.
1766,عَنِ,70,dari,51,dari/tetang,1,dari,,outside_policy | slash_gloss | annotative_expansion,57.86,102:8:4,about,Kekalkan sense dominan Quranic sebagai gloss lalai. Alternate hanya jika konteks memaksa.
1767,مَن,223,orang,69,siapa/apa-apa,2,siapa,barang siapa | orang | orang yang,outside_policy | slash_gloss,57.78,39:68:5 | 39:68:12,whoever | whom,Pilih `siapa` untuk fungsi soal/syarat; `orang/ orang yang` untuk fungsi relatif.
1768,ٱلۡكِتَٰبِ,74,Kitab,34,kitab (Al Qur'an),1,Kitab,Al Kitab | kitab,outside_policy | parenthetical | long_gloss | annotative_expansion,57.78,32:2:2,(of) the Book,Kekalkan sense dominan Quranic sebagai gloss lalai. Alternate hanya jika konteks memaksa.
1769,يَعۡلَمُونَ,80,mereka mengetahui,66,mengetahui,5,mereka mengetahui,,outside_policy,57.75,6:37:19 | 7:182:8 | 9:6:18 | 30:6:11 | 40:57:12,know | they know | (who) do not know | know | know,Kekalkan sense dominan Quranic sebagai gloss lalai. Alternate hanya jika konteks memaksa.
1770,يَعۡقِلُونَ,21,mereka berakal,4,mereka berakal (memikirkan),1,mereka berakal,mereka memahami,outside_policy | parenthetical | long_gloss | entity_or_pronoun_shift | annotative_expansion,57.71,2:164:43,who use their intellect,Kekalkan sense dominan Quranic sebagai gloss lalai. Alternate hanya jika konteks memaksa.
1771,إِنَّ,596,sesungguhnya,590,sesungguhnya ia,1,sesungguhnya,,outside_policy | annotative_expansion,57.70,56:95:1,Indeed,Gunakan gloss dominan Quranic sebagai default. Override hanya bila struktur sintaks jelas memaksa makna lain.
1772,وَلَمۡ,47,dan tidak,34,dan tidak ada,1,dan tidak,,outside_policy | long_gloss | annotative_expansion,57.70,74:44:1,And not,Kekalkan sense dominan Quranic sebagai gloss lalai. Alternate hanya jika konteks memaksa.
1773,وَلَمۡ,47,dan tidak,34,dan tidak/bukan,1,dan tidak,,outside_policy | slash_gloss | annotative_expansion,57.70,19:20:9,and not,Kekalkan sense dominan Quranic sebagai gloss lalai. Alternate hanya jika konteks memaksa.
1774,كُلَّ,49,setiap,15,tiap-tiap/segala,2,setiap,segala | tiap-tiap,outside_policy | slash_gloss,57.68,21:30:14 | 72:28:11,every | (of) all,Kekalkan sense dominan Quranic sebagai gloss lalai. Alternate hanya jika konteks memaksa.
1775,بَيۡنَهُمَا,18,di antara keduanya,13,yang di antara keduanya,1,di antara keduanya,,outside_policy | long_gloss | annotative_expansion,57.67,38:66:5,(is) between them,Kekalkan sense dominan Quranic sebagai gloss lalai. Alternate hanya jika konteks memaksa.
1776,إِلَى,140,kepada,101,atas/kepada,1,kepada,ke | sampai,outside_policy | slash_gloss | annotative_expansion,57.64,57:9:11,into,Defaultkan kepada `kepada`.
1777,إِلَى,140,kepada,101,kepada (sebelum),1,kepada,ke | sampai,outside_policy | parenthetical | annotative_expansion,57.64,2:196:39,followed,Defaultkan kepada `kepada`.
1778,إِلَى,140,kepada,101,kepada/ke,1,kepada,ke | sampai,outside_policy | slash_gloss | annotative_expansion,57.64,28:24:5,to,Defaultkan kepada `kepada`.
1779,إِلَى,140,kepada,101,kepada/ke dalam,1,kepada,ke | sampai,outside_policy | slash_gloss | annotative_expansion,57.64,2:195:8,into,Defaultkan kepada `kepada`.
1780,حَتَّىٰ,95,sehingga,78,hingga,5,sehingga,,outside_policy,57.63,4:65:5 | 47:31:2 | 60:4:29 | 97:5:3 | 102:2:1,until | until | until | until | Until,Kekalkan sense dominan Quranic sebagai gloss lalai. Alternate hanya jika konteks memaksa.
1781,إِنِّيٓ,50,sesungguhnya aku,41,sesungguhnya Aku,5,sesungguhnya aku,,outside_policy,57.60,2:30:24 | 2:33:12 | 11:46:18 | 20:12:1 | 28:30:15,"Indeed, I | Indeed, I | Indeed, I | Indeed, [I] | Indeed",Kekalkan sense dominan Quranic sebagai gloss lalai. Alternate hanya jika konteks memaksa.
1782,أَصۡحَٰبُ,41,penghuni,29,penduduk,3,penghuni,,outside_policy,57.55,15:78:3 | 15:80:3 | 26:176:2,(the) companions | (the) companions | (the) companions,Kekalkan sense dominan Quranic sebagai gloss lalai. Alternate hanya jika konteks memaksa.
1783,عَلَيۡكَ,50,atasmu,22,atas kamu,3,atasmu,atasmu/kepadamu | kepadamu,outside_policy | entity_or_pronoun_shift,57.53,45:6:5 | 48:2:12 | 49:17:2,to you | upon you | to you,Kekalkan sense dominan Quranic sebagai gloss lalai. Alternate hanya jika konteks memaksa.
1784,كُلُّ,46,tiap-tiap,26,semua,2,tiap-tiap,,outside_policy,57.46,14:15:3 | 43:35:3,every | all,Kekalkan sense dominan Quranic sebagai gloss lalai. Alternate hanya jika konteks memaksa.
1785,ٱلۡعَذَابَ,23,azab,13,seksa,2,azab,,outside_policy,57.46,2:165:23 | 2:166:9,the punishment | the punishment,Kekalkan sense dominan Quranic sebagai gloss lalai. Alternate hanya jika konteks memaksa.
1786,هَلۡ,63,apakah,45,apakah/tidaklah,1,apakah,,outside_policy | slash_gloss | annotative_expansion,57.43,6:47:10,will,Kekalkan sense dominan Quranic sebagai gloss lalai. Alternate hanya jika konteks memaksa.
1787,مِنكُمۡ,50,di antara kamu,31,dari kamu,9,di antara kamu,,outside_policy | entity_or_pronoun_shift,57.38,8:70:19 | 9:53:8 | 11:38:17 | 26:21:2 | 33:10:7,from you | from you | you | from you | you,Kekalkan sense dominan Quranic sebagai gloss lalai. Alternate hanya jika konteks memaksa.
1788,أُنزِلَ,47,diturunkan,46,yang diturunkan,1,diturunkan,,outside_policy | annotative_expansion,57.36,39:55:4,is revealed,Kekalkan sense dominan Quranic sebagai gloss lalai. Alternate hanya jika konteks memaksa.
1789,وَعَمِلُواْ,53,dan mereka beramal,23,dan mengerjakan/beramal,3,dan mereka beramal,dan beramal | dan mereka berbuat/beramal,outside_policy | slash_gloss,57.35,18:30:4 | 19:96:4 | 35:7:8,and did | and did | and do,Kekalkan sense dominan Quranic sebagai gloss lalai. Alternate hanya jika konteks memaksa.
1790,مِن,728,dari,711,dari yang,1,dari,,outside_policy | annotative_expansion,57.30,52:8:3,any,Gunakan gloss dominan Quranic sebagai default. Override hanya bila struktur sintaks jelas memaksa makna lain.
1791,أَفَلَا,44,apakah maka tidak,19,maka mengapa tidak,3,apakah maka tidak,apakah tidak | maka apakah tidak,outside_policy | long_gloss,57.29,5:74:1 | 7:65:14 | 36:35:7,So will not | Then will not | So will not,Kekalkan sense dominan Quranic sebagai gloss lalai. Alternate hanya jika konteks memaksa.
1792,مِّن,372,dari,363,dari suatu,1,dari,,outside_policy | annotative_expansion,57.27,42:30:3,of,Gunakan gloss dominan Quranic sebagai default. Override hanya bila struktur sintaks jelas memaksa makna lain.
1793,أَصۡحَٰبُ,41,penghuni,29,penghuni (mempunyai),1,penghuni,,outside_policy | parenthetical | annotative_expansion,57.22,20:135:7,(are the) companions,Kekalkan sense dominan Quranic sebagai gloss lalai. Alternate hanya jika konteks memaksa.
1794,عَلَيۡهَا,34,atasnya,24,atasnya (zakat),1,atasnya,,outside_policy | parenthetical | annotative_expansion,57.18,9:60:6,them,Kekalkan sense dominan Quranic sebagai gloss lalai. Alternate hanya jika konteks memaksa.
1795,عَلَيۡهَا,34,atasnya,24,atasnya(neraka),1,atasnya,,outside_policy | parenthetical | annotative_expansion,57.18,42:45:3,to it,Kekalkan sense dominan Quranic sebagai gloss lalai. Alternate hanya jika konteks memaksa.
1796,عَلَيۡهَا,34,atasnya,24,atasnya/kepadanya,1,atasnya,,outside_policy | slash_gloss | annotative_expansion,57.18,25:73:8,upon them,Kekalkan sense dominan Quranic sebagai gloss lalai. Alternate hanya jika konteks memaksa.
1797,ءَايَٰتِ,21,ayat-ayat,16,tanda-tanda,4,ayat-ayat,,outside_policy,57.11,18:17:21 | 36:46:6 | 40:81:4 | 53:18:4,(the) Signs | (the) Signs | (of the) Signs | (the) Signs,Kekalkan sense dominan Quranic sebagai gloss lalai. Alternate hanya jika konteks memaksa.
1798,فَسَوۡفَ,26,maka kelak,18,maka nanti,3,maka kelak,,outside_policy,57.10,9:28:17 | 84:8:1 | 84:11:1,then soon | Then soon | Then soon,Kekalkan sense dominan Quranic sebagai gloss lalai. Alternate hanya jika konteks memaksa.
1799,إِلَّآ,100,kecuali,69,selain,3,kecuali,,outside_policy,57.03,5:73:12 | 9:32:9 | 12:25:18,except | except | except,Kekalkan sense dominan Quranic sebagai gloss lalai. Alternate hanya jika konteks memaksa.
1800,بَيۡنَكُمۡ,15,di antara kamu,8,antara kamu,5,di antara kamu,,outside_policy | entity_or_pronoun_shift,57.00,4:73:10 | 4:90:6 | 6:94:24 | 8:72:39 | 18:95:10,between you | between you | between you | between you | between you,Kekalkan sense dominan Quranic sebagai gloss lalai. Alternate hanya jika konteks memaksa.
1801,فِيهَا,183,di dalamnya,128,di dalamnya/disana,1,di dalamnya,ke dalamnya | padanya,outside_policy | slash_gloss | annotative_expansion,56.98,12:82:5,[in it],Kekalkan gloss lokatif sebagai default.
1802,عَلَيۡهِ,131,atasnya,90,atas-Nya,3,atasnya,atasnya/kepadanya,outside_policy,56.94,3:5:5 | 23:88:11 | 42:10:12,from Him | against Him | upon Him,Kekalkan sense dominan Quranic sebagai gloss lalai. Alternate hanya jika konteks memaksa.
1803,عَلَيۡهِ,131,atasnya,90,kepada-Nya,3,atasnya,atasnya/kepadanya,outside_policy,56.94,11:88:32 | 12:67:23 | 13:30:25,Upon Him | upon Him | Upon Him,Kekalkan sense dominan Quranic sebagai gloss lalai. Alternate hanya jika konteks memaksa.
1804,بِمَا,253,dengan apa,71,dengan/bagi apa,2,dengan apa,dengan sebab | dengan/terhadap apa | disebabkan | terhadap apa,outside_policy | slash_gloss,56.92,5:38:6 | 9:82:6,for what | for what,Pilih makna instrumental `dengan apa` sebagai default; sebab/kausal hanya bila konteks jelas.
1805,بِمَا,253,dengan apa,71,dengan/disebabkan apa,2,dengan apa,dengan sebab | dengan/terhadap apa | disebabkan | terhadap apa,outside_policy | slash_gloss,56.92,5:64:9 | 6:127:8,for what | because,Pilih makna instrumental `dengan apa` sebagai default; sebab/kausal hanya bila konteks jelas.
1806,لَمۡ,89,tidak,62,belum/tidak,1,tidak,,outside_policy | slash_gloss | annotative_expansion,56.90,6:91:33,not,Kekalkan sense dominan Quranic sebagai gloss lalai. Alternate hanya jika konteks memaksa.
1807,نَحۡنُ,55,kami,30,kita,2,kami,,outside_policy,56.86,6:29:8 | 27:33:2,we | We,Kekalkan sense dominan Quranic sebagai gloss lalai. Alternate hanya jika konteks memaksa.
1808,إِذَا,170,apabila,128,jika,4,apabila,,outside_policy,56.84,4:6:4 | 6:31:8 | 9:38:6 | 18:24:7,[when] | when | when | when,Kekalkan sense dominan Quranic sebagai gloss lalai. Alternate hanya jika konteks memaksa.
1809,وَلَا,604,dan tidak,329,dan bukan,2,dan tidak,dan jangan | dan janganlah | dan tidak ada,outside_policy,56.84,3:67:5 | 4:25:32,and not | and not,Gunakan bentuk larangan hanya apabila fi'il selepasnya jelas larangan.
1810,أَلَمۡ,72,tidakkah,20,apakah tidak/belum,2,tidakkah,apakah tidak | bukankah | tidaklah,outside_policy | slash_gloss,56.83,14:9:1 | 64:5:1,Has not | Has not,Kekalkan sense dominan Quranic sebagai gloss lalai. Alternate hanya jika konteks memaksa.
1811,أَلَمۡ,72,tidakkah,20,tidaklah/bukanlah,2,tidakkah,apakah tidak | bukankah | tidaklah,outside_policy | slash_gloss,56.83,77:16:1 | 78:6:1,Did not | Have not,Kekalkan sense dominan Quranic sebagai gloss lalai. Alternate hanya jika konteks memaksa.
1812,أَن,461,bahawa,315,telah,3,bahawa,agar | supaya | untuk,outside_policy,56.83,9:110:10 | 12:94:11 | 12:96:2,that | that | [that],Gunakan `bahawa` sebagai lalai. Bentuk infinitif/tujuan sahaja patut menggeser kepada `untuk/supaya/agar`.
1813,ٱلَّيۡلَ,25,malam,24,malam hari,1,malam,,outside_policy | annotative_expansion,56.80,73:2:2,(in) the night,Kekalkan sense dominan Quranic sebagai gloss lalai. Alternate hanya jika konteks memaksa.
1814,يَـٰٓأَيُّهَا,134,wahai,120,hai,13,wahai,,outside_policy,56.79,10:23:10 | 12:88:5 | 15:6:2 | 27:16:5 | 27:18:9,O mankind | O Aziz | O you | O | O,Kekalkan sense dominan Quranic sebagai gloss lalai. Alternate hanya jika konteks memaksa.
1815,أَنَا۠,44,aku,33,saya,4,aku,,outside_policy,56.75,2:258:21 | 7:12:9 | 27:39:5 | 27:40:7,I | I am | I | I,Kekalkan sense dominan Quranic sebagai gloss lalai. Alternate hanya jika konteks memaksa.
1816,وَمَآ,131,dan tidak,36,dan Kami,2,dan apa,dan apa yang | dan tidak | dan tidaklah,outside_policy | entity_or_pronoun_shift,56.74,21:25:1 | 25:20:1,And not | And not,Defaultkan kepada token-faithful gloss; jangan serap makna frasa jiran.
1817,إِلَّآ,100,kecuali,69,kecuali/lantaran,1,kecuali,,outside_policy | slash_gloss | annotative_expansion,56.70,5:59:7,except,Kekalkan sense dominan Quranic sebagai gloss lalai. Alternate hanya jika konteks memaksa.
1818,لِلَّذِينَ,50,bagi orang-orang yang,27,kepada orang-orang,2,bagi orang-orang yang,,outside_policy,56.70,47:26:4 | 57:13:5,to those who | to those who,Kekalkan gloss relatif yang stabil; jangan tambah rujukan entiti pada token ini.
1819,لِلَّذِينَ,50,bagi orang-orang yang,27,orang-orang yang,2,bagi orang-orang yang,,outside_policy,56.70,34:42:10 | 57:16:3,to those | for those who,Kekalkan gloss relatif yang stabil; jangan tambah rujukan entiti pada token ini.
1820,وَلَوۡلَا,17,dan kalau tidak,7,dan sekiranya tidak,3,dan kalau tidak,,outside_policy | long_gloss,56.69,4:113:1 | 20:129:1 | 22:40:12,And if not | And if not | And if not,Kekalkan sense dominan Quranic sebagai gloss lalai. Alternate hanya jika konteks memaksa.
1821,ٱلۡمَلَـٰٓئِكَةُ,20,Malaikat,11,malaikat,6,Malaikat,,outside_policy | entity_or_pronoun_shift,56.67,21:103:6 | 25:21:9 | 25:25:6 | 41:30:10 | 43:53:10,the Angels | the Angels | the Angels | the Angels | the Angels,Kekalkan sense dominan Quranic sebagai gloss lalai. Alternate hanya jika konteks memaksa.
1822,عَٰقِبَةُ,26,akibat/kesudahan,14,kesudahan,2,akibat/kesudahan,,outside_policy,56.65,28:37:13 | 31:22:14,the good end in the Hereafter | (is the) end,Kekalkan sense dominan Quranic sebagai gloss lalai. Alternate hanya jika konteks memaksa.
1823,أَوَّلَ,16,pertama,11,pertama/mula-mula,1,pertama,,outside_policy | slash_gloss | annotative_expansion,56.62,20:65:9,the first,Kekalkan sense dominan Quranic sebagai gloss lalai. Alternate hanya jika konteks memaksa.
1824,عَلَيۡهِ,131,atasnya,90,atas-Nya/terhadap-Nya,1,atasnya,atasnya/kepadanya,outside_policy | slash_gloss | annotative_expansion,56.61,37:162:3,from Him,Kekalkan sense dominan Quranic sebagai gloss lalai. Alternate hanya jika konteks memaksa.
1825,عَلَيۡهِ,131,atasnya,90,atasnya (Ibrahim),1,atasnya,atasnya/kepadanya,outside_policy | parenthetical | annotative_expansion,56.61,37:108:2,for him,Kekalkan sense dominan Quranic sebagai gloss lalai. Alternate hanya jika konteks memaksa.
1826,عَلَيۡهِ,131,atasnya,90,atasnya (Rasul),1,atasnya,atasnya/kepadanya,outside_policy | parenthetical | annotative_expansion,56.61,24:54:9,upon him,Kekalkan sense dominan Quranic sebagai gloss lalai. Alternate hanya jika konteks memaksa.
1827,عَلَيۡهِ,131,atasnya,90,atasnya (Sulaiman),1,atasnya,atasnya/kepadanya,outside_policy | parenthetical | annotative_expansion,56.61,34:14:3,for him,Kekalkan sense dominan Quranic sebagai gloss lalai. Alternate hanya jika konteks memaksa.
1828,عَلَيۡهِ,131,atasnya,90,atasnya (melakukannya),1,atasnya,atasnya/kepadanya,outside_policy | parenthetical | annotative_expansion,56.61,20:73:9,on it,Kekalkan sense dominan Quranic sebagai gloss lalai. Alternate hanya jika konteks memaksa.
1829,عَلَيۡهِ,131,atasnya,90,atasnya/baginya,1,atasnya,atasnya/kepadanya,outside_policy | slash_gloss | annotative_expansion,56.61,2:203:12,upon him,Kekalkan sense dominan Quranic sebagai gloss lalai. Alternate hanya jika konteks memaksa.
1830,عَلَيۡهِ,131,atasnya,90,atasnya/ke tempatnya,1,atasnya,atasnya/kepadanya,outside_policy | slash_gloss | annotative_expansion,56.61,15:52:3,upon him,Kekalkan sense dominan Quranic sebagai gloss lalai. Alternate hanya jika konteks memaksa.
1831,عَلَيۡهِ,131,atasnya,90,atasnya/olehnya,1,atasnya,atasnya/kepadanya,outside_policy | slash_gloss | annotative_expansion,56.61,9:128:7,to him,Kekalkan sense dominan Quranic sebagai gloss lalai. Alternate hanya jika konteks memaksa.
1832,عَلَيۡهِ,131,atasnya,90,atasnya/terhadapnya,1,atasnya,atasnya/kepadanya,outside_policy | slash_gloss | annotative_expansion,56.61,28:7:9,for him,Kekalkan sense dominan Quranic sebagai gloss lalai. Alternate hanya jika konteks memaksa.
1833,عَلَيۡهِ,131,atasnya,90,atasnya/untuknya,1,atasnya,atasnya/kepadanya,outside_policy | slash_gloss | annotative_expansion,56.61,37:146:2,over him,Kekalkan sense dominan Quranic sebagai gloss lalai. Alternate hanya jika konteks memaksa.
1834,وَلَٰكِنَّ,53,akan tetapi,45,tetapi,8,akan tetapi,,outside_policy,56.60,2:251:22 | 28:13:14 | 30:6:7 | 34:28:8 | 39:49:19,[and] but | But | but | But | but,Kekalkan sense dominan Quranic sebagai gloss lalai. Alternate hanya jika konteks memaksa.
1835,إِن,253,jika,211,sesungguhnya,7,jika,,outside_policy,56.59,17:108:4 | 25:42:1 | 26:40:4 | 26:41:9 | 26:97:2,Indeed | He would have almost | if | if | indeed,Gunakan gloss dominan Quranic sebagai default. Override hanya bila struktur sintaks jelas memaksa makna lain.
1836,فَمَا,69,maka tidak,37,maka,2,maka tidak,,outside_policy,56.59,21:15:1 | 29:24:1,Then not | And not,Kekalkan sense dominan Quranic sebagai gloss lalai. Alternate hanya jika konteks memaksa.
1837,لَّا,131,tidak,103,janganlah,5,tidak,,outside_policy,56.59,11:26:2 | 17:22:1 | 22:26:7 | 24:63:1 | 44:19:2,(do) not | (Do) not | (do) not | (Do) not | (do) not,Kekalkan sense dominan Quranic sebagai gloss lalai. Alternate hanya jika konteks memaksa.
1838,مِّنۡ,149,dari,142,daripada,1,dari,,outside_policy | annotative_expansion,56.59,21:97:15,of,Kekalkan sense dominan Quranic sebagai gloss lalai. Alternate hanya jika konteks memaksa.
1839,قَلِيلٗا,38,sedikit,26,sedikit/beberapa,1,sedikit,,outside_policy | slash_gloss | annotative_expansion,56.53,2:249:28,a few,Kekalkan sense dominan Quranic sebagai gloss lalai. Alternate hanya jika konteks memaksa.
1840,قَلِيلٗا,38,sedikit,26,sedikit/kecil,1,sedikit,,outside_policy | slash_gloss | annotative_expansion,56.53,11:116:15,a few,Kekalkan sense dominan Quranic sebagai gloss lalai. Alternate hanya jika konteks memaksa.
1841,أَن,461,bahawa,315,agar/bahawa,1,bahawa,agar | supaya | untuk,outside_policy | slash_gloss | annotative_expansion,56.50,11:87:11,that,Gunakan `bahawa` sebagai lalai. Bentuk infinitif/tujuan sahaja patut menggeser kepada `untuk/supaya/agar`.
1842,أَن,461,bahawa,315,bahawa/jika,1,bahawa,agar | supaya | untuk,outside_policy | slash_gloss | annotative_expansion,56.50,2:237:15,[that],Gunakan `bahawa` sebagai lalai. Bentuk infinitif/tujuan sahaja patut menggeser kepada `untuk/supaya/agar`.
1843,أَن,461,bahawa,315,bahawa/ketika,1,bahawa,agar | supaya | untuk,outside_policy | slash_gloss | annotative_expansion,56.50,28:47:2,[that],Gunakan `bahawa` sebagai lalai. Bentuk infinitif/tujuan sahaja patut menggeser kepada `untuk/supaya/agar`.
1844,بَيۡنَكُمۡ,15,di antara kamu,8,di antaramu,2,di antara kamu,,outside_policy,56.50,2:282:102 | 3:55:26,among you | between you,Kekalkan sense dominan Quranic sebagai gloss lalai. Alternate hanya jika konteks memaksa.
1845,لَن,36,tidak,15,kami tidak akan,1,tidak,,outside_policy | long_gloss | entity_or_pronoun_shift | annotative_expansion,56.50,20:72:2,Never,Kekalkan sense dominan Quranic sebagai gloss lalai. Alternate hanya jika konteks memaksa.
1846,بِإِذۡنِ,23,dengan izin,17,dengan seizin,4,dengan izin,,outside_policy,56.42,4:25:24 | 4:64:7 | 7:58:5 | 40:78:22,with (the) permission | by (the) permission | by (the) permission | by (the) permission,Kekalkan sense dominan Quranic sebagai gloss lalai. Alternate hanya jika konteks memaksa.
1847,صِرَٰطٖ,19,jalan,18,jalanan,1,jalan,,outside_policy | annotative_expansion,56.42,7:86:4,path,Kekalkan sense dominan Quranic sebagai gloss lalai. Alternate hanya jika konteks memaksa.
1848,يَرَوۡاْ,24,mereka memperhatikan,13,mereka melihat,6,mereka memperhatikan,,outside_policy | entity_or_pronoun_shift,56.42,6:25:15 | 7:146:11 | 7:146:18 | 7:146:25 | 13:41:2,they see | they see | they see | they see | they see,Kekalkan sense dominan Quranic sebagai gloss lalai. Alternate hanya jika konteks memaksa.
1849,أَنَّهُمۡ,33,bahawasanya mereka,19,sesungguhnya mereka,8,bahawasanya mereka,,outside_policy | entity_or_pronoun_shift,56.40,2:103:2 | 4:60:6 | 4:64:10 | 4:66:18 | 9:54:8,[that] they | that they | [that] they | [that] they | that they,Kekalkan sense dominan Quranic sebagai gloss lalai. Alternate hanya jika konteks memaksa.
1850,إِذَآ,25,apabila,17,apabila/seketika itu,1,apabila,,outside_policy | slash_gloss | annotative_expansion,56.40,30:25:14,behold,Kekalkan sense dominan Quranic sebagai gloss lalai. Alternate hanya jika konteks memaksa.
1851,هُوَ,239,Dia,129,ia/itu,6,Dia,Dialah | dia | ia,outside_policy | slash_gloss,56.36,22:12:12 | 22:62:11 | 24:11:12 | 38:67:2 | 44:57:5,[it] | it | it | It (is) | it,Pilih `Dia` bila rujukan kepada Allah jelas; selain itu `dia/ia` mengikut antecedent.
1852,لَهُمۡ,204,bagi mereka,135,kepada mereka,50,bagi mereka,,outside_policy | entity_or_pronoun_shift,56.35,2:11:3 | 2:13:3 | 2:59:8 | 2:65:9 | 2:91:3,to them | to them | to them | to them | to them,Gunakan gloss dominan Quranic sebagai default. Override hanya bila struktur sintaks jelas memaksa makna lain.
1853,يَكُونَ,17,adalah,7,adalah ia (harta),1,adalah,,outside_policy | parenthetical | long_gloss | annotative_expansion,56.35,59:7:19,it becomes,Kekalkan sense dominan Quranic sebagai gloss lalai. Alternate hanya jika konteks memaksa.
1854,أَنزَلۡنَا,15,Kami turunkan,6,Kami menurunkan,3,Kami turunkan,,outside_policy | entity_or_pronoun_shift,56.33,16:64:2 | 20:2:2 | 30:35:2,We revealed | We (have) sent down | have We sent,Kekalkan sense dominan Quranic sebagai gloss lalai. Alternate hanya jika konteks memaksa.
1855,شَدِيدُ,15,sangat keras,6,sangat/keras,3,sangat keras,,outside_policy | slash_gloss,56.33,40:22:12 | 59:4:11 | 59:7:36,severe | (is) severe | (is) severe,Kekalkan sense dominan Quranic sebagai gloss lalai. Alternate hanya jika konteks memaksa.
1856,عَمِلُواْ,15,mereka kerjakan,6,mereka perbuat,3,mereka kerjakan,,outside_policy | entity_or_pronoun_shift,56.33,16:34:4 | 30:41:13 | 45:33:5,they did | they have done | they did,Kekalkan sense dominan Quranic sebagai gloss lalai. Alternate hanya jika konteks memaksa.
1857,بِهِۦٓ,31,dengannya,21,dengannya/perbuatan itu,1,dengannya,,outside_policy | slash_gloss | annotative_expansion,56.32,4:50:8,is it ,Kekalkan sense dominan Quranic sebagai gloss lalai. Alternate hanya jika konteks memaksa.
1858,عَنۡهُ,31,daripadanya,21,daripada-Nya(Al-Quran),1,daripadanya,,outside_policy | parenthetical | annotative_expansion,56.32,6:26:3,from it,Kekalkan sense dominan Quranic sebagai gloss lalai. Alternate hanya jika konteks memaksa.
1859,عَنۡهُ,31,daripadanya,21,daripadanya/azab,1,daripadanya,,outside_policy | slash_gloss | annotative_expansion,56.32,6:16:3,from it,Kekalkan sense dominan Quranic sebagai gloss lalai. Alternate hanya jika konteks memaksa.
1860,عَنۡهُ,31,daripadanya,21,daripadanya/baginya,1,daripadanya,,outside_policy | slash_gloss | annotative_expansion,56.32,92:11:3,him,Kekalkan sense dominan Quranic sebagai gloss lalai. Alternate hanya jika konteks memaksa.
1861,عَنۡهُ,31,daripadanya,21,daripadanya/kepadanya,1,daripadanya,,outside_policy | slash_gloss | annotative_expansion,56.32,111:2:3,him,Kekalkan sense dominan Quranic sebagai gloss lalai. Alternate hanya jika konteks memaksa.
1862,عَنۡهُ,31,daripadanya,21,daripadanya/tentang itu,1,daripadanya,,outside_policy | slash_gloss | annotative_expansion,56.32,17:36:15,[about it],Kekalkan sense dominan Quranic sebagai gloss lalai. Alternate hanya jika konteks memaksa.
1863,مَنِ,19,orang,10,siapa,2,orang,,outside_policy,56.29,17:64:2 | 80:5:2,whoever | (him) who,Kekalkan gloss relatif yang stabil; jangan tambah rujukan entiti pada token ini.
1864,قِيلَ,34,dikatakan,32,ketika dikatakan,1,dikatakan,,outside_policy | annotative_expansion,56.24,2:11:2,it is said,Kekalkan sense dominan Quranic sebagai gloss lalai. Alternate hanya jika konteks memaksa.
1865,بِمَآ,43,dengan apa,11,dengan/terhadap apa,2,dengan apa,dengan/menurut apa,outside_policy | slash_gloss,56.17,14:9:28 | 14:22:36,in what | [of what],Kekalkan sense dominan Quranic sebagai gloss lalai. Alternate hanya jika konteks memaksa.
1866,تُتۡلَىٰ,16,dibacakan,15,telah dibacakan,1,dibacakan,,outside_policy | annotative_expansion,56.12,3:101:4,is recited,Kekalkan sense dominan Quranic sebagai gloss lalai. Alternate hanya jika konteks memaksa.
1867,مِنۡهُمۡ,56,di antara mereka,22,daripada mereka,3,di antara mereka,,outside_policy | entity_or_pronoun_shift,56.12,30:9:14 | 35:44:14 | 40:82:14,than them | than them | than them,Kekalkan sense dominan Quranic sebagai gloss lalai. Alternate hanya jika konteks memaksa.
1868,عَمَّا,44,dari apa,29,tentang apa,3,dari apa,,outside_policy,56.11,2:134:13 | 5:95:40 | 15:93:1,about what | what | About what,Kekalkan sense dominan Quranic sebagai gloss lalai. Alternate hanya jika konteks memaksa.
1869,كَيۡفَ,62,bagaimana,58,bagaimana menurut,1,bagaimana,,outside_policy | annotative_expansion,56.06,30:48:10,how,Kekalkan sense dominan Quranic sebagai gloss lalai. Alternate hanya jika konteks memaksa.
1870,كَيۡفَ,62,bagaimana,58,sebagaimana,1,bagaimana,,outside_policy | annotative_expansion,56.06,5:64:15,how,Kekalkan sense dominan Quranic sebagai gloss lalai. Alternate hanya jika konteks memaksa.
1871,وَإِن,146,dan jika,112,dan tidak,5,dan jika,,outside_policy,56.01,4:117:7 | 4:159:1 | 15:21:1 | 17:44:8 | 19:71:1,and not | And (there is) not | And not | And (there is) not | And (there is) not,Kekalkan sense dominan Quranic sebagai gloss lalai. Alternate hanya jika konteks memaksa.
1872,عَمِلُواْ,15,mereka kerjakan,6,mereka kerjakan/amalkan,1,mereka kerjakan,,outside_policy | slash_gloss | entity_or_pronoun_shift | annotative_expansion,56.00,25:23:4,they did,Kekalkan sense dominan Quranic sebagai gloss lalai. Alternate hanya jika konteks memaksa.
1873,عَمِلُواْ,15,mereka kerjakan,6,yang mereka kerjakan,1,mereka kerjakan,,outside_policy | long_gloss | entity_or_pronoun_shift | annotative_expansion,56.00,24:38:5,they did,Kekalkan sense dominan Quranic sebagai gloss lalai. Alternate hanya jika konteks memaksa.
1874,وَإِنَّهُۥ,24,dan sesungguhnya ia,6,dan sesungguhnya Dia,2,dan sesungguhnya ia,dan sesungguhnya dia | dan sesungguhnya ia (Al Qur'an),outside_policy | long_gloss,56.00,6:165:19 | 7:167:17,"and indeed, He (is) | but indeed, He",Kekalkan sense dominan Quranic sebagai gloss lalai. Alternate hanya jika konteks memaksa.
1875,ٱلسَّبِيلِ,15,jalan,10,(dalam) perjalanan,1,jalan,,outside_policy | parenthetical | annotative_expansion,56.00,2:177:28,the wayfarer,Kekalkan sense dominan Quranic sebagai gloss lalai. Alternate hanya jika konteks memaksa.
1876,ٱلسَّبِيلِ,15,jalan,10,yang dalam perjalanan,1,jalan,,outside_policy | long_gloss | annotative_expansion,56.00,17:26:7,and the wayfarer,Kekalkan sense dominan Quranic sebagai gloss lalai. Alternate hanya jika konteks memaksa.
1877,جَمِيعٗا,29,semuanya,19,semua,3,semuanya,,outside_policy,55.99,5:48:46 | 6:22:3 | 34:40:3,all | all | all,Kekalkan sense dominan Quranic sebagai gloss lalai. Alternate hanya jika konteks memaksa.
1878,هَٰذَا,146,ini,136,dalam ini,1,ini,,outside_policy | annotative_expansion,55.95,17:89:5,this,Kekalkan sense dominan Quranic sebagai gloss lalai. Alternate hanya jika konteks memaksa.
1879,بَيۡنَهُمَا,18,di antara keduanya,13,antara keduanya,4,di antara keduanya,,outside_policy,55.92,4:128:14 | 21:16:6 | 25:53:12 | 32:4:7,between themselves  | (is) between them | between them | (is) between them,Kekalkan sense dominan Quranic sebagai gloss lalai. Alternate hanya jika konteks memaksa.
1880,أَكۡثَرَ,25,kebanyakan,18,lebih banyak,4,kebanyakan,,outside_policy,55.85,4:12:67 | 30:9:19 | 40:82:13 | 58:7:30,more | more | more numerous | more,Kekalkan sense dominan Quranic sebagai gloss lalai. Alternate hanya jika konteks memaksa.
1881,لَوۡلَآ,20,mengapa tidak,13,jika tidak,3,mengapa tidak,,outside_policy,55.83,7:43:20 | 28:10:10 | 28:82:16,if not | if not | If not,Kekalkan sense dominan Quranic sebagai gloss lalai. Alternate hanya jika konteks memaksa.
1882,إِن,253,jika,211,tidak,9,jika,,outside_policy,55.80,4:117:1 | 19:93:1 | 28:19:19 | 35:40:27 | 36:29:1,Not | Not | Not | not | Not,Gunakan gloss dominan Quranic sebagai default. Override hanya bila struktur sintaks jelas memaksa makna lain.
1883,بَعۡدِ,82,sesudah,76,sesudah itu,1,sesudah,,outside_policy | annotative_expansion,55.80,24:5:5,after,Kekalkan sense dominan Quranic sebagai gloss lalai. Alternate hanya jika konteks memaksa.
1884,بَعۡدِ,82,sesudah,76,sesudahnya,1,sesudah,,outside_policy | annotative_expansion,55.80,4:12:20,after,Kekalkan sense dominan Quranic sebagai gloss lalai. Alternate hanya jika konteks memaksa.
1885,كُنَّا,62,adalah kami,28,Kami adalah,4,adalah kami,adalah Kami | kami | kami adalah,outside_policy | entity_or_pronoun_shift,55.80,7:7:5 | 21:17:10 | 23:17:7 | 23:30:6,were We | We were | We are | We are,Kekalkan sense dominan Quranic sebagai gloss lalai. Alternate hanya jika konteks memaksa.
1886,ٱلۡكِتَٰبَ,74,Kitab,29,Al Kitab (Al-Quran),1,Kitab,Al Kitab | kitab,outside_policy | parenthetical | long_gloss | annotative_expansion,55.76,3:3:3,the Book,Kekalkan sense dominan Quranic sebagai gloss lalai. Alternate hanya jika konteks memaksa.
1887,ٱلۡكِتَٰبَ,74,Kitab,29,Al Kitab (Taurat),1,Kitab,Al Kitab | kitab,outside_policy | parenthetical | long_gloss | annotative_expansion,55.76,2:53:4,the Book,Kekalkan sense dominan Quranic sebagai gloss lalai. Alternate hanya jika konteks memaksa.
1888,يَكُونُ,18,adalah,7,adalah ia (Isa),1,adalah,,outside_policy | parenthetical | long_gloss | annotative_expansion,55.67,4:159:12,he will be,Kekalkan sense dominan Quranic sebagai gloss lalai. Alternate hanya jika konteks memaksa.
1889,جَمِيعٗا,29,semuanya,19,semuanya/bersatu,1,semuanya,,outside_policy | slash_gloss | annotative_expansion,55.66,59:14:16,(are) united,Kekalkan sense dominan Quranic sebagai gloss lalai. Alternate hanya jika konteks memaksa.
1890,تَعۡبُدُونَ,20,kamu sembah,11,kamu menyembah,8,kamu sembah,,outside_policy | entity_or_pronoun_shift,55.62,2:83:7 | 2:172:14 | 10:28:18 | 10:104:13 | 12:40:2,you will worship | worship Him | worship us | you worship | you worship,Kekalkan sense dominan Quranic sebagai gloss lalai. Alternate hanya jika konteks memaksa.
1891,ٱلَّيۡلِ,25,malam,23,sebagian malam,1,malam,,outside_policy | annotative_expansion,55.60,76:26:2,the night,Kekalkan sense dominan Quranic sebagai gloss lalai. Alternate hanya jika konteks memaksa.
1892,كَانَ,323,adalah,157,ada/patut,5,adalah,ada | menjadi,outside_policy | slash_gloss,55.58,9:17:2 | 9:113:2 | 9:120:2 | 9:122:2 | 12:38:8,(It) is not | (it) is | it was | is | was,"Untuk WBW, `adalah` lebih stabil daripada variasi gaya bebas."
1893,ٱتَّخَذُواْ,17,mereka mengambil,4,mereka jadikan,2,mereka mengambil,(mereka) mengambil/menjadikan,outside_policy | entity_or_pronoun_shift,55.56,45:10:12 | 46:28:4,they had taken | they had taken,Kekalkan sense dominan Quranic sebagai gloss lalai. Alternate hanya jika konteks memaksa.
1894,إِلَّا,562,kecuali,366,kecuali (kurang),1,kecuali,hanyalah | melainkan | selain,outside_policy | parenthetical | annotative_expansion,55.54,29:14:10,save,Kekalkan pengecualian sebagai sense utama.
1895,ذَا,16,mempunyai,8,orang,2,mempunyai,,outside_policy,55.50,2:245:2 | 2:255:21,(is) the one | (is) the one,Kekalkan sense dominan Quranic sebagai gloss lalai. Alternate hanya jika konteks memaksa.
1896,هُدٗى,24,petunjuk,22,menjadi petunjuk,1,petunjuk,,outside_policy | annotative_expansion,55.50,3:4:3,(as) guidance,Kekalkan sense dominan Quranic sebagai gloss lalai. Alternate hanya jika konteks memaksa.
1897,وَأَنَا۠,16,dan aku,8,dan saya,2,dan aku,,outside_policy,55.50,10:90:25 | 26:20:4,and I am | I,Kekalkan sense dominan Quranic sebagai gloss lalai. Alternate hanya jika konteks memaksa.
1898,وَإِنَّا,28,dan sesungguhnya kami,14,dan sesungguhnya,2,dan sesungguhnya kami,,outside_policy,55.50,11:109:16 | 12:82:10,"And indeed, We | And indeed, we",Kekalkan sense dominan Quranic sebagai gloss lalai. Alternate hanya jika konteks memaksa.
1899,ٱلۡعَظِيمُ,16,yang besar,8,Maha Besar,2,yang besar,,outside_policy,55.50,2:255:50 | 42:4:10,the Most Great | the Most Great,Kekalkan sense dominan Quranic sebagai gloss lalai. Alternate hanya jika konteks memaksa.
1900,ٱلۡفَوۡزُ,16,keuntungan,8,keberuntungan,2,keuntungan,,outside_policy,55.50,5:119:23 | 85:11:13,(is) the success | (is) the success,Kekalkan sense dominan Quranic sebagai gloss lalai. Alternate hanya jika konteks memaksa.
1901,عَذَابَ,37,azab,24,azab/seksa,1,azab,,outside_policy | slash_gloss | annotative_expansion,55.46,67:5:11,punishment,Kekalkan sense dominan Quranic sebagai gloss lalai. Alternate hanya jika konteks memaksa.
1902,عَذَابَ,37,azab,24,seksaan/azab,1,azab,,outside_policy | slash_gloss | annotative_expansion,55.46,70:28:2,(the) punishment,Kekalkan sense dominan Quranic sebagai gloss lalai. Alternate hanya jika konteks memaksa.
1903,ٱلنَّبِيُّ,17,Nabi,11,Nabi itu,1,Nabi,,outside_policy | entity_or_pronoun_shift | annotative_expansion,55.41,33:6:1,The Prophet,Kekalkan sense dominan Quranic sebagai gloss lalai. Alternate hanya jika konteks memaksa.
1904,ذَٰلِكَ,264,demikian itu,131,demikan itu,2,demikian itu,demikian | demikian/itu,outside_policy,55.39,39:15:16 | 64:9:25,that  | That,Kekalkan sense dominan Quranic sebagai gloss lalai. Alternate hanya jika konteks memaksa.
1905,ذَٰلِكَ,264,demikian itu,131,seperti itulah,2,demikian itu,demikian | demikian/itu,outside_policy,55.39,30:38:8 | 33:51:16,That | That,Kekalkan sense dominan Quranic sebagai gloss lalai. Alternate hanya jika konteks memaksa.
1906,هَٰذِهِ,23,ini,21,inilah,1,ini,,outside_policy | annotative_expansion,55.39,52:14:1,This,Kekalkan sense dominan Quranic sebagai gloss lalai. Alternate hanya jika konteks memaksa.
1907,ظَلَمُواْ,27,(mereka) zalim,19,zalim,4,(mereka) zalim,,outside_policy,55.36,2:59:12 | 43:65:7 | 46:12:14 | 51:59:3,wronged | wronged | do wrong | do wrong,Kekalkan sense dominan Quranic sebagai gloss lalai. Alternate hanya jika konteks memaksa.
1908,كَذَٰلِكَ,79,demikianlah,50,demikian,3,demikianlah,,outside_policy,55.32,16:31:12 | 16:33:11 | 16:35:22,Thus | Thus | Thus,Kekalkan sense dominan Quranic sebagai gloss lalai. Alternate hanya jika konteks memaksa.
1909,إِن,253,jika,211,tidaklah,11,jika,,outside_policy,55.29,6:116:11 | 17:47:15 | 17:52:6 | 18:5:13 | 20:103:3,Not | Not | not | Not | Not,Gunakan gloss dominan Quranic sebagai default. Override hanya bila struktur sintaks jelas memaksa makna lain.
1910,أَنفُسِهِمۡ,19,diri mereka sendiri,9,diri mereka,5,diri mereka sendiri,,outside_policy | entity_or_pronoun_shift,55.21,4:97:6 | 5:52:27 | 11:31:27 | 25:21:16 | 41:53:6,themselves | themselves | their souls | themselves | themselves,Kekalkan sense dominan Quranic sebagai gloss lalai. Alternate hanya jika konteks memaksa.
1911,بِٱلۡأٓخِرَةِ,18,dengan akhirat,4,dengan kehidupan akhirat,2,dengan akhirat,kepada akhirat,outside_policy | long_gloss,55.17,6:150:24 | 17:45:10,in the Hereafter | in the Hereafter,Kekalkan sense dominan Quranic sebagai gloss lalai. Alternate hanya jika konteks memaksa.
1912,بِٱلۡأٓخِرَةِ,18,dengan akhirat,4,dengan/kepada akhirat,2,dengan akhirat,kepada akhirat,outside_policy | slash_gloss,55.17,6:92:16 | 23:74:5,in the Hereafter | in the Hereafter,Kekalkan sense dominan Quranic sebagai gloss lalai. Alternate hanya jika konteks memaksa.
1913,لَمۡ,89,tidak,62,belum,4,tidak,,outside_policy,55.15,2:151:15 | 2:239:13 | 7:46:15 | 53:36:2,not | not | Not | not,Kekalkan sense dominan Quranic sebagai gloss lalai. Alternate hanya jika konteks memaksa.
1914,ٱلۡعَٰلَمِينَ,61,semesta alam,45,alam semesta,5,semesta alam,,outside_policy,55.13,1:2:4 | 5:20:22 | 15:70:5 | 44:32:6 | 45:16:13,of the universe | the worlds | the world | the worlds | the worlds,Kekalkan sense dominan Quranic sebagai gloss lalai. Alternate hanya jika konteks memaksa.
1915,ٱلۡيَوۡمَ,33,hari ini,16,hari itu,2,hari ini,,outside_policy,55.05,16:63:14 | 43:39:3,today | the Day,Kekalkan sense dominan Quranic sebagai gloss lalai. Alternate hanya jika konteks memaksa.
1916,لَهُۥ,174,baginya,64,bagi-Nya (Allah),1,baginya,bagi-Nya | kepada-Nya | kepadanya,outside_policy | parenthetical | entity_or_pronoun_shift | annotative_expansion,55.03,6:100:7,to Him,Pilih `baginya` sebagai default; guna `kepadanya` hanya jika struktur menuntut arah/penerima.
1917,لَهُۥ,174,baginya,64,baginya (iblis),1,baginya,bagi-Nya | kepada-Nya | kepadanya,outside_policy | parenthetical | entity_or_pronoun_shift | annotative_expansion,55.03,34:21:3,for him,Pilih `baginya` sebagai default; guna `kepadanya` hanya jika struktur menuntut arah/penerima.
1918,فَسَوۡفَ,26,maka kelak,18,maka akan,4,maka kelak,,outside_policy,55.02,4:30:6 | 4:114:23 | 7:143:22 | 19:59:9,then soon | then soon | then | so soon,Kekalkan sense dominan Quranic sebagai gloss lalai. Alternate hanya jika konteks memaksa.
1919,يَدۡعُونَ,23,mereka sembah,5,mereka meminta,2,mereka sembah,(mereka) menyeru,outside_policy | entity_or_pronoun_shift,55.02,38:51:3 | 44:55:1,they will call | They will call,Kekalkan sense dominan Quranic sebagai gloss lalai. Alternate hanya jika konteks memaksa.
1920,يَدۡعُونَ,23,mereka sembah,5,mereka seru,2,mereka sembah,(mereka) menyeru,outside_policy | entity_or_pronoun_shift,55.02,22:62:8 | 31:30:8,they invoke | they call,Kekalkan sense dominan Quranic sebagai gloss lalai. Alternate hanya jika konteks memaksa.
1921,يَوۡمَ,131,pada hari,63,di hari,2,pada hari,,outside_policy,54.93,7:53:5 | 26:88:1,(The) Day | (The) Day,Kekalkan sense dominan Quranic sebagai gloss lalai. Alternate hanya jika konteks memaksa.
1922,مِّمَّا,50,dari apa,24,terhadap apa,2,dari apa,dari apa yang | daripada apa,outside_policy,54.90,4:65:16 | 14:9:34,about what | about what,Kekalkan sense dominan Quranic sebagai gloss lalai. Alternate hanya jika konteks memaksa.
1923,إِلَىٰٓ,54,kepada,34,kepada (untuk),1,kepada,,outside_policy | parenthetical | annotative_expansion,54.89,79:18:4,[to],Kekalkan sense dominan Quranic sebagai gloss lalai. Alternate hanya jika konteks memaksa.
1924,إِلَيَّ,22,kepadaku,16,kepada-Ku,5,kepadaku,,outside_policy,54.82,3:55:8 | 3:55:23 | 29:8:16 | 31:14:16 | 31:15:24,to Myself | to Me | To Me | towards Me | towards Me,Kekalkan sense dominan Quranic sebagai gloss lalai. Alternate hanya jika konteks memaksa.
1925,بِهَا,51,dengannya,32,dengannya (ayat-ayat),1,dengannya,,outside_policy | parenthetical | annotative_expansion,54.82,7:176:4,with these,Kekalkan sense dominan Quranic sebagai gloss lalai. Alternate hanya jika konteks memaksa.
1926,بِهَا,51,dengannya,32,dengannya (nama-nama),1,dengannya,,outside_policy | parenthetical | annotative_expansion,54.82,12:40:13,for it,Kekalkan sense dominan Quranic sebagai gloss lalai. Alternate hanya jika konteks memaksa.
1927,بِهَا,51,dengannya,32,dengannya (tanda-tanda),1,dengannya,,outside_policy | parenthetical | annotative_expansion,54.82,7:179:17,with them,Kekalkan sense dominan Quranic sebagai gloss lalai. Alternate hanya jika konteks memaksa.
1928,بِهَا,51,dengannya,32,dengannya(ayat-ayat),1,dengannya,,outside_policy | parenthetical | annotative_expansion,54.82,7:179:12,with them,Kekalkan sense dominan Quranic sebagai gloss lalai. Alternate hanya jika konteks memaksa.
1929,بِهَا,51,dengannya,32,dengannya(kiamat),1,dengannya,,outside_policy | parenthetical | annotative_expansion,54.82,42:18:2,[of] it,Kekalkan sense dominan Quranic sebagai gloss lalai. Alternate hanya jika konteks memaksa.
1930,بِهَا,51,dengannya,32,dengannya/daripadanya,1,dengannya,,outside_policy | slash_gloss | annotative_expansion,54.82,4:140:12,[it],Kekalkan sense dominan Quranic sebagai gloss lalai. Alternate hanya jika konteks memaksa.
1931,بِهَا,51,dengannya,32,dengannya/kerananya,1,dengannya,,outside_policy | slash_gloss | annotative_expansion,54.82,10:22:17,therein,Kekalkan sense dominan Quranic sebagai gloss lalai. Alternate hanya jika konteks memaksa.
1932,لِّمَا,21,terhadap apa,10,bagi apa,2,terhadap apa,,outside_policy,54.79,2:41:5 | 2:66:3,that which | for those,Kekalkan sense dominan Quranic sebagai gloss lalai. Alternate hanya jika konteks memaksa.
1933,لِّمَا,21,terhadap apa,10,pada apa,2,terhadap apa,,outside_policy,54.79,2:97:13 | 2:101:8,what | what,Kekalkan sense dominan Quranic sebagai gloss lalai. Alternate hanya jika konteks memaksa.
1934,لَّمۡ,74,tidak,66,tidak ada,1,tidak,,outside_policy | annotative_expansion,54.76,40:74:8,Not,Kekalkan sense dominan Quranic sebagai gloss lalai. Alternate hanya jika konteks memaksa.
1935,لَّا,131,tidak,103,jangan,8,tidak,,outside_policy,54.71,2:235:19 | 3:28:1 | 9:94:7 | 20:77:14 | 24:53:9,(do) not | (Let) not | (Do) not | not | (Do) not,Kekalkan sense dominan Quranic sebagai gloss lalai. Alternate hanya jika konteks memaksa.
1936,مَعَهُۥ,19,bersama dia,9,besertanya,2,bersama dia,,outside_policy,54.71,13:18:17 | 39:47:10,with it | with it,Kekalkan sense dominan Quranic sebagai gloss lalai. Alternate hanya jika konteks memaksa.
1937,مَّآ,19,apa,9,tidak,2,apa,,outside_policy,54.71,12:40:10 | 53:23:8,not | not,Kekalkan sense dominan Quranic sebagai gloss lalai. Alternate hanya jika konteks memaksa.
1938,إِذَآ,25,apabila,17,tatkala,4,apabila,,outside_policy,54.65,18:77:3 | 25:67:2 | 27:18:2 | 74:34:2,when | when | when | when,Kekalkan sense dominan Quranic sebagai gloss lalai. Alternate hanya jika konteks memaksa.
1939,يَقُولُونَ,48,mereka mengatakan,17,mereka mengatakan/mendoakan,1,mereka mengatakan,,outside_policy | slash_gloss | entity_or_pronoun_shift | annotative_expansion,54.62,4:75:14,say,Kekalkan sense dominan Quranic sebagai gloss lalai. Alternate hanya jika konteks memaksa.
1940,أَرۡسَلۡنَا,41,Kami telah mengutus,14,Kami kirimkan,3,Kami telah mengutus,Kami mengutus | Kami utus,outside_policy | entity_or_pronoun_shift,54.58,51:41:4 | 54:31:2 | 54:34:2,We sent | [We] sent | [We] sent,Kekalkan sense dominan Quranic sebagai gloss lalai. Alternate hanya jika konteks memaksa.
1941,يَعۡلَمُ,62,Dia mengetahui,29,dia mengetahui,2,Dia mengetahui,,outside_policy,54.53,2:220:15 | 100:9:2,knows | he know,Kekalkan sense dominan Quranic sebagai gloss lalai. Alternate hanya jika konteks memaksa.
1942,كَٰفِرُونَ,15,orang-orang kafir,3,mereka ingkar,2,orang-orang kafir,orang-orang yang ingkar,outside_policy | entity_or_pronoun_shift,54.50,7:45:10 | 32:10:14,disbelievers | (are) disbelievers,Kekalkan gloss relatif yang stabil; jangan tambah rujukan entiti pada token ini.
1943,وَأَن,15,dan bahawa,7,dan supaya,2,dan bahawa,,outside_policy,54.50,2:169:5 | 7:33:23,and that | and that,Kekalkan sense dominan Quranic sebagai gloss lalai. Alternate hanya jika konteks memaksa.
1944,مِّنَ,281,dari,248,dari sebagian,1,dari,,outside_policy | annotative_expansion,54.48,32:21:2,of,Gunakan gloss dominan Quranic sebagai default. Override hanya bila struktur sintaks jelas memaksa makna lain.
1945,مِنۡ,253,dari,223,dari seorang,1,dari,,outside_policy | annotative_expansion,54.44,41:47:13,any,Gunakan gloss dominan Quranic sebagai default. Override hanya bila struktur sintaks jelas memaksa makna lain.
1946,جَآءَ,57,datang,35,bila telah datang,1,datang,,outside_policy | long_gloss | annotative_expansion,54.42,71:4:13,it comes,Kekalkan sense dominan Quranic sebagai gloss lalai. Alternate hanya jika konteks memaksa.
1947,جَآءَ,57,datang,35,datang (dibawa),1,datang,,outside_policy | parenthetical | annotative_expansion,54.42,6:91:20,brought,Kekalkan sense dominan Quranic sebagai gloss lalai. Alternate hanya jika konteks memaksa.
1948,جَآءَ,57,datang,35,datang/mengembalikan,1,datang,,outside_policy | slash_gloss | annotative_expansion,54.42,12:72:6,brings,Kekalkan sense dominan Quranic sebagai gloss lalai. Alternate hanya jika konteks memaksa.
1949,جَآءَ,57,datang,35,datang/menyuguhkan,1,datang,,outside_policy | slash_gloss | annotative_expansion,54.42,11:69:13,bring,Kekalkan sense dominan Quranic sebagai gloss lalai. Alternate hanya jika konteks memaksa.
1950,جَآءَ,57,datang,35,dia telah datang,1,datang,,outside_policy | long_gloss | annotative_expansion,54.42,37:37:2,he has brought,Kekalkan sense dominan Quranic sebagai gloss lalai. Alternate hanya jika konteks memaksa.
1951,فِي,1098,dalam,380,di dalam/di atas,1,dalam,di | di dalam | pada | tentang,outside_policy | slash_gloss | long_gloss | annotative_expansion,54.38,29:65:3,[in],Gunakan `dalam` sebagai default. Tukar kepada `pada` atau `tentang` hanya jika binaan jelas menuntut bacaan tempat atau topik.
1952,أَحَدٗا,15,seseorang,9,seorang,3,seseorang,,outside_policy,54.33,5:115:15 | 18:38:8 | 72:7:9,anyone | anyone | anyone,Kekalkan gloss relatif yang stabil; jangan tambah rujukan entiti pada token ini.
1953,رَبُّ,18,Tuhan,11,Tuhan/pemelihara,1,Tuhan,,outside_policy | slash_gloss | annotative_expansion,54.33,21:56:4,(is the) Lord,Kekalkan sense dominan Quranic sebagai gloss lalai. Alternate hanya jika konteks memaksa.
1954,هَٰذَآ,32,ini,28,lain ini,1,ini,,outside_policy | annotative_expansion,54.25,26:137:2,(is) this,Kekalkan sense dominan Quranic sebagai gloss lalai. Alternate hanya jika konteks memaksa.
1955,يَوۡمُ,16,hari,14,pada hari,1,hari,,outside_policy | annotative_expansion,54.25,50:20:5,(is the) Day,Kekalkan sense dominan Quranic sebagai gloss lalai. Alternate hanya jika konteks memaksa.
1956,يَوۡمُ,16,hari,14,suatu hari,1,hari,,outside_policy | annotative_expansion,54.25,5:119:4,Day,Kekalkan sense dominan Quranic sebagai gloss lalai. Alternate hanya jika konteks memaksa.
1957,يَعۡقِلُونَ,21,mereka berakal,4,mereka berfikir,2,mereka berakal,mereka memahami,outside_policy | entity_or_pronoun_shift,54.21,13:4:27 | 16:67:15,who use reason | who use reason,Kekalkan sense dominan Quranic sebagai gloss lalai. Alternate hanya jika konteks memaksa.
1958,وَمَا,507,dan tidak,231,dan apakah,2,dan apa,dan apa yang | dan tidak | dan tidak ada | dan tidaklah,outside_policy,54.17,10:60:1 | 80:3:1,And what | But what,Pisahkan antara sambungan `dan apa` dan bentuk nafi `dan tidak` mengikut binaan.
1959,فَهَلۡ,22,maka apakah,10,maka tidaklah,2,maka apakah,,outside_policy,54.14,46:35:23 | 47:18:1,But will | Then do,Kekalkan sense dominan Quranic sebagai gloss lalai. Alternate hanya jika konteks memaksa.
1960,فَإِذَا,76,maka apabila,45,maka tatkala,3,maka apabila,,outside_policy,54.10,15:29:1 | 17:5:1 | 75:7:1,"So, when | So when | So when",Kekalkan sense dominan Quranic sebagai gloss lalai. Alternate hanya jika konteks memaksa.
1961,ٱلۡأٓخِرَةِ,46,akhirat,40,kehidupan akhirat,1,akhirat,,outside_policy | annotative_expansion,54.09,13:26:14,the Hereafter,Kekalkan sense dominan Quranic sebagai gloss lalai. Alternate hanya jika konteks memaksa.
1962,أَنَا۠,44,aku,33,Aku,7,aku,,outside_policy,54.07,16:2:17 | 20:12:2 | 20:14:7 | 21:25:14 | 50:29:6,Me | I Am | I | Me | I Am,Kekalkan sense dominan Quranic sebagai gloss lalai. Alternate hanya jika konteks memaksa.
1963,أَمۡ,103,atau,62,atau/bahkan,1,atau,,outside_policy | slash_gloss | annotative_expansion,54.06,46:8:1,Or,Kekalkan sense dominan Quranic sebagai gloss lalai. Alternate hanya jika konteks memaksa.
1964,تَرَ,31,kamu memperhatikan,10,kamu melihat,3,kamu memperhatikan,,outside_policy | entity_or_pronoun_shift,54.01,22:65:2 | 26:225:2 | 35:27:2,you see | you see | you see,Kekalkan sense dominan Quranic sebagai gloss lalai. Alternate hanya jika konteks memaksa.
1965,هِيَ,45,ia,15,ia (bulan sabit),1,ia,dia | itulah,outside_policy | parenthetical | long_gloss | annotative_expansion,54.00,2:189:5,They,Pronomina feminin; jangan tambah frasa penjelas kecuali perlu.
1966,هِيَ,45,ia,15,ia (tongkat itu),1,ia,dia | itulah,outside_policy | parenthetical | long_gloss | annotative_expansion,54.00,26:45:5,It,Pronomina feminin; jangan tambah frasa penjelas kecuali perlu.
1967,إِنِّي,81,sesungguhnya aku,64,sesungguhnya Aku,11,sesungguhnya aku,,outside_policy,53.98,2:30:5 | 2:124:8 | 5:12:14 | 5:115:3 | 7:144:3,"Indeed, I (am) | Indeed I | Indeed, I (am) | Indeed I | Indeed, I",Kekalkan sense dominan Quranic sebagai gloss lalai. Alternate hanya jika konteks memaksa.
1968,وَلَمَّا,29,dan tatkala,13,dan ketika,2,dan tatkala,,outside_policy,53.95,7:134:1 | 12:68:1,And when | And when,Kekalkan sense dominan Quranic sebagai gloss lalai. Alternate hanya jika konteks memaksa.
1969,يُرِيدُ,38,menghendaki,17,ia hendak,2,menghendaki,Dia kehendaki,outside_policy,53.92,26:35:1 | 34:43:11,He wants | who wishes,Kekalkan sense dominan Quranic sebagai gloss lalai. Alternate hanya jika konteks memaksa.
1970,مَعَ,49,beserta,19,bersama/di samping,4,beserta,,outside_policy | slash_gloss,53.88,6:19:22 | 17:22:3 | 17:39:10 | 23:117:3,with | with | with | with,Kekalkan sense dominan Quranic sebagai gloss lalai. Alternate hanya jika konteks memaksa.
1971,أَلَآ,23,ingatlah,16,ketahuilah,5,ingatlah,,outside_policy,53.87,9:99:16 | 24:64:1 | 58:18:14 | 58:19:10 | 58:22:46,Behold | No doubt | No doubt | No doubt | No doubt,Kekalkan sense dominan Quranic sebagai gloss lalai. Alternate hanya jika konteks memaksa.
1972,مِنۡهَا,51,daripadanya,38,daripadanya (buah pohon),2,daripadanya,,outside_policy | parenthetical | long_gloss | annotative_expansion,53.85,37:66:3 | 37:66:5,from it | with it,Kekalkan sense dominan Quranic sebagai gloss lalai. Alternate hanya jika konteks memaksa.
1973,مَا,707,apa,419,apa (ayat-ayat),1,apa,apa yang | tidak | tidak ada,outside_policy | parenthetical | annotative_expansion,53.78,3:7:20,what,Defaultkan kepada `apa`. Tukar hanya bila sintaks jelas menunjukkan partikel nafi atau kata hubung relatif.
1974,مَا,707,apa,419,apa (azab),1,apa,apa yang | tidak | tidak ada,outside_policy | parenthetical | annotative_expansion,53.78,44:50:3,(is) what,Defaultkan kepada `apa`. Tukar hanya bila sintaks jelas menunjukkan partikel nafi atau kata hubung relatif.
1975,مَا,707,apa,419,apa (berhala),1,apa,apa yang | tidak | tidak ada,outside_policy | parenthetical | annotative_expansion,53.78,40:73:5,(is) that which,Defaultkan kepada `apa`. Tukar hanya bila sintaks jelas menunjukkan partikel nafi atau kata hubung relatif.
1976,مَا,707,apa,419,apa (disini),1,apa,apa yang | tidak | tidak ada,outside_policy | parenthetical | annotative_expansion,53.78,26:146:3,what,Defaultkan kepada `apa`. Tukar hanya bila sintaks jelas menunjukkan partikel nafi atau kata hubung relatif.
1977,مَا,707,apa,419,apa (hamba),1,apa,apa yang | tidak | tidak ada,outside_policy | parenthetical | annotative_expansion,53.78,23:6:5,what,Defaultkan kepada `apa`. Tukar hanya bila sintaks jelas menunjukkan partikel nafi atau kata hubung relatif.
1978,مَا,707,apa,419,apa (jika),1,apa,apa yang | tidak | tidak ada,outside_policy | parenthetical | annotative_expansion,53.78,6:128:29,(for) what,Defaultkan kepada `apa`. Tukar hanya bila sintaks jelas menunjukkan partikel nafi atau kata hubung relatif.
1979,مَا,707,apa,419,apa (patung),1,apa,apa yang | tidak | tidak ada,outside_policy | parenthetical | annotative_expansion,53.78,37:95:3,what,Defaultkan kepada `apa`. Tukar hanya bila sintaks jelas menunjukkan partikel nafi atau kata hubung relatif.
1980,مَا,707,apa,419,apa (rumah),1,apa,apa yang | tidak | tidak ada,outside_policy | parenthetical | annotative_expansion,53.78,24:61:45,what,Defaultkan kepada `apa`. Tukar hanya bila sintaks jelas menunjukkan partikel nafi atau kata hubung relatif.
1981,مَا,707,apa,419,apa(agama),1,apa,apa yang | tidak | tidak ada,outside_policy | parenthetical | annotative_expansion,53.78,42:16:7,[what],Defaultkan kepada `apa`. Tukar hanya bila sintaks jelas menunjukkan partikel nafi atau kata hubung relatif.
1982,مَا,707,apa,419,apa(azab),1,apa,apa yang | tidak | tidak ada,outside_policy | parenthetical | annotative_expansion,53.78,53:54:2,what,Defaultkan kepada `apa`. Tukar hanya bila sintaks jelas menunjukkan partikel nafi atau kata hubung relatif.
1983,مَا,707,apa,419,apa(bahaya),1,apa,apa yang | tidak | tidak ada,outside_policy | parenthetical | annotative_expansion,53.78,6:41:5,what,Defaultkan kepada `apa`. Tukar hanya bila sintaks jelas menunjukkan partikel nafi atau kata hubung relatif.
1984,مَا,707,apa,419,apa(kah),1,apa,apa yang | tidak | tidak ada,outside_policy | parenthetical | annotative_expansion,53.78,12:25:12,What,Defaultkan kepada `apa`. Tukar hanya bila sintaks jelas menunjukkan partikel nafi atau kata hubung relatif.
1985,مَا,707,apa,419,apa/bagaimana,1,apa,apa yang | tidak | tidak ada,outside_policy | slash_gloss | annotative_expansion,53.78,12:50:13,what,Defaultkan kepada `apa`. Tukar hanya bila sintaks jelas menunjukkan partikel nafi atau kata hubung relatif.
1986,مَا,707,apa,419,apa/barang,1,apa,apa yang | tidak | tidak ada,outside_policy | slash_gloss | annotative_expansion,53.78,3:187:20,(is) what,Defaultkan kepada `apa`. Tukar hanya bila sintaks jelas menunjukkan partikel nafi atau kata hubung relatif.
1987,مَا,707,apa,419,apa/harta,1,apa,apa yang | tidak | tidak ada,outside_policy | slash_gloss | annotative_expansion,53.78,4:12:3,(of) what,Defaultkan kepada `apa`. Tukar hanya bila sintaks jelas menunjukkan partikel nafi atau kata hubung relatif.
1988,مَا,707,apa,419,apa/kali,1,apa,apa yang | tidak | tidak ada,outside_policy | slash_gloss | annotative_expansion,53.78,4:91:9,that,Defaultkan kepada `apa`. Tukar hanya bila sintaks jelas menunjukkan partikel nafi atau kata hubung relatif.
1989,مَا,707,apa,419,apa/masa,1,apa,apa yang | tidak | tidak ada,outside_policy | slash_gloss | annotative_expansion,53.78,4:22:9,what,Defaultkan kepada `apa`. Tukar hanya bila sintaks jelas menunjukkan partikel nafi atau kata hubung relatif.
1990,مَا,707,apa,419,apa/pelajaran,1,apa,apa yang | tidak | tidak ada,outside_policy | slash_gloss | annotative_expansion,53.78,4:66:20,what,Defaultkan kepada `apa`. Tukar hanya bila sintaks jelas menunjukkan partikel nafi atau kata hubung relatif.
1991,مَا,707,apa,419,apa/segala,1,apa,apa yang | tidak | tidak ada,outside_policy | slash_gloss | annotative_expansion,53.78,3:109:2,whatever,Defaultkan kepada `apa`. Tukar hanya bila sintaks jelas menunjukkan partikel nafi atau kata hubung relatif.
1992,مَا,707,apa,419,apa/ummat,1,apa,apa yang | tidak | tidak ada,outside_policy | slash_gloss | annotative_expansion,53.78,20:99:6,(of) what,Defaultkan kepada `apa`. Tukar hanya bila sintaks jelas menunjukkan partikel nafi atau kata hubung relatif.
1993,مَا,707,apa,419,segala apa yang,1,apa,apa yang | tidak | tidak ada,outside_policy | long_gloss | annotative_expansion,53.78,42:53:5,(belongs) whatever,Defaultkan kepada `apa`. Tukar hanya bila sintaks jelas menunjukkan partikel nafi atau kata hubung relatif.
1994,مَا,707,apa,419,yang/apa-apa,1,apa,apa yang | tidak | tidak ada,outside_policy | slash_gloss | annotative_expansion,53.78,54:4:5,wherein,Defaultkan kepada `apa`. Tukar hanya bila sintaks jelas menunjukkan partikel nafi atau kata hubung relatif.
1995,لِلَّذِينَ,50,bagi orang-orang yang,27,kepada orang-orang yang,16,bagi orang-orang yang,,outside_policy | long_gloss,53.76,4:51:13 | 6:22:6 | 10:28:6 | 10:52:3 | 11:31:16,for those who | to those who | to those who | to those who | for those whom,Kekalkan gloss relatif yang stabil; jangan tambah rujukan entiti pada token ini.
1996,تَدۡعُونَ,16,kamu seru,5,kamu sembah,3,kamu seru,,outside_policy | entity_or_pronoun_shift,53.71,7:197:2 | 40:66:7 | 46:4:4,you invoke | you call | you call,Kekalkan sense dominan Quranic sebagai gloss lalai. Alternate hanya jika konteks memaksa.
1997,عَذَابَ,37,azab,24,seksa,4,azab,,outside_policy,53.71,2:201:13 | 3:16:10 | 3:191:20 | 10:15:37,(from the) punishment | (from) punishment | (from the) punishment | (the) punishment,Kekalkan sense dominan Quranic sebagai gloss lalai. Alternate hanya jika konteks memaksa.
1998,قَبۡلُ,45,sebelum,26,dahulu,3,sebelum,,outside_policy,53.67,14:44:22 | 27:68:7 | 52:26:4,before | before | before,Kekalkan sense dominan Quranic sebagai gloss lalai. Alternate hanya jika konteks memaksa.
1999,أَنۡ,57,bahawa,25,hendaknya,2,bahawa,agar | supaya | untuk,outside_policy,53.66,5:111:5 | 9:86:4,to | that,Jangan terlalu cepat tukar kepada gloss tujuan; kekalkan bentuk dasar kecuali konteks jelas.
2000,ٱلۡعَٰلَمِينَ,61,semesta alam,45,semesta alam (manusia),2,semesta alam,,outside_policy | parenthetical | long_gloss | annotative_expansion,53.63,26:165:4 | 29:10:31,the worlds | (of) the worlds,Kekalkan sense dominan Quranic sebagai gloss lalai. Alternate hanya jika konteks memaksa.
2001,كَفَرَ,16,kafir,7,ingkar,2,kafir,,outside_policy,53.62,27:40:34 | 31:12:14,(is) ungrateful | (is) ungrateful,Kekalkan sense dominan Quranic sebagai gloss lalai. Alternate hanya jika konteks memaksa.
2002,عَلَيۡهِ,131,atasnya,90,kepadanya,5,atasnya,atasnya/kepadanya,outside_policy,53.61,6:37:4 | 13:7:6 | 31:7:3 | 43:53:3 | 68:15:3,to him | to him | to him | on him | to him,Kekalkan sense dominan Quranic sebagai gloss lalai. Alternate hanya jika konteks memaksa.
2003,نَحۡنُ,55,kami,30,Kami,20,kami,,outside_policy | entity_or_pronoun_shift,53.61,9:101:14 | 12:3:1 | 15:9:2 | 17:58:5 | 19:40:2,We | We | We | We | [We],Kekalkan sense dominan Quranic sebagai gloss lalai. Alternate hanya jika konteks memaksa.
2004,لَنَا,54,bagi kami,31,bagi kita,3,bagi kami,untuk kami,outside_policy,53.56,26:55:2 | 26:100:2 | 26:102:3,[to] us | we have | we had,Kekalkan sense dominan Quranic sebagai gloss lalai. Alternate hanya jika konteks memaksa.
2005,وَفِي,26,dan pada,8,dan di dalam,3,dan pada,,outside_policy | long_gloss,53.56,2:177:30 | 5:80:16 | 9:17:15,and in | and in | and in,Kekalkan sense dominan Quranic sebagai gloss lalai. Alternate hanya jika konteks memaksa.
2006,ٱلَّذِي,216,yang,184,apa yang,1,yang,,outside_policy | annotative_expansion,53.56,16:64:8,that which,Gunakan gloss dominan Quranic sebagai default. Override hanya bila struktur sintaks jelas memaksa makna lain.
2007,أَشَدُّ,18,lebih/sangat,3,sangat/lebih,2,lebih/sangat,sangat,outside_policy | slash_gloss,53.50,59:13:2 | 73:6:5,(are) more intense | (is) very hard,Kekalkan sense dominan Quranic sebagai gloss lalai. Alternate hanya jika konteks memaksa.
2008,وَمِنَ,38,dan dari,19,dan di antara,10,dan dari,,outside_policy | long_gloss,53.50,2:8:1 | 6:142:1 | 9:99:1 | 22:3:1 | 22:8:1,And of | And of | But among | And among | And among,Kekalkan sense dominan Quranic sebagai gloss lalai. Alternate hanya jika konteks memaksa.
2009,فَلَمَّا,78,maka tatkala,57,maka ketika,7,maka tatkala,,outside_policy,53.49,6:76:1 | 6:77:1 | 6:78:1 | 7:143:24 | 12:88:1,So when | When | When | But when | So when,Kekalkan sense dominan Quranic sebagai gloss lalai. Alternate hanya jika konteks memaksa.
2010,إِنَّهُۥ,141,sesungguhnya Dia,61,sesungguhnya itu,2,sesungguhnya Dia,sesungguhnya | sesungguhnya dia | sesungguhnya ia,outside_policy,53.48,4:22:12 | 12:28:8,"indeed it | Indeed, it","Pilih rujukan pronomina mengikut antecedent, tetapi kekalkan penegas `sesungguhnya`."
2011,وَلَآ,53,dan tidak,45,dan tidaklah,1,dan tidak,,outside_policy | annotative_expansion,53.47,7:49:13,and not,Kekalkan sense dominan Quranic sebagai gloss lalai. Alternate hanya jika konteks memaksa.
2012,أَفَلَا,44,apakah maka tidak,19,maka tidakkah,2,apakah maka tidak,apakah tidak | maka apakah tidak,outside_policy,53.45,2:44:9 | 2:76:22,"Then, will not | Then do (you) not",Kekalkan sense dominan Quranic sebagai gloss lalai. Alternate hanya jika konteks memaksa.
2013,مَآ,117,apa,68,apa (harta),1,apa,apa yang | tidak,outside_policy | parenthetical | annotative_expansion,53.44,28:76:12,which,"Defaultkan kepada makna leksikal yang stabil, bukan perluasan frasa."
2014,مَآ,117,apa,68,apa (hukum),1,apa,apa yang | tidak,outside_policy | parenthetical | annotative_expansion,53.44,4:61:6,what,"Defaultkan kepada makna leksikal yang stabil, bukan perluasan frasa."
2015,مَآ,117,apa,68,apa/sesuatu,1,apa,apa yang | tidak,outside_policy | slash_gloss | annotative_expansion,53.44,9:92:11,what,"Defaultkan kepada makna leksikal yang stabil, bukan perluasan frasa."
2016,مِمَّا,51,dari apa,16,dari apa (peninggalan),1,dari apa,,outside_policy | parenthetical | long_gloss | annotative_expansion,53.41,4:7:13,of what,Kekalkan sense dominan Quranic sebagai gloss lalai. Alternate hanya jika konteks memaksa.
2017,مِمَّا,51,dari apa,16,dari apa/dengan sebab,1,dari apa,,outside_policy | slash_gloss | long_gloss | annotative_expansion,53.41,21:18:12,for what,Kekalkan sense dominan Quranic sebagai gloss lalai. Alternate hanya jika konteks memaksa.
2018,مِمَّا,51,dari apa,16,dari apa/menurut apa,1,dari apa,,outside_policy | slash_gloss | long_gloss | annotative_expansion,53.41,5:4:15,of what,Kekalkan sense dominan Quranic sebagai gloss lalai. Alternate hanya jika konteks memaksa.
2019,وَمَن,183,dan barang siapa,104,dan siapakah,3,dan barang siapa,dan barangsiapa | dan orang | dan siapa,outside_policy,53.38,3:135:12 | 10:31:11 | 10:31:20,and who | And who | And who,Defaultkan kepada bentuk syarat yang stabil bila konteks memberi maksud umum.
2020,لِلَّهِ,85,bagi Allah,35,Allah,5,bagi Allah,kepada Allah | kepunyaan Allah,outside_policy | entity_or_pronoun_shift,53.35,6:100:2 | 14:39:2 | 14:48:8 | 33:31:4 | 62:6:9,with Allah | (is) for Allah | before Allah | to Allah | of Allah,Kekalkan sense dominan Quranic sebagai gloss lalai. Alternate hanya jika konteks memaksa.
2021,لِلَّهِ,85,bagi Allah,35,untuk Allah,5,bagi Allah,kepada Allah | kepunyaan Allah,outside_policy | entity_or_pronoun_shift,53.35,2:238:7 | 6:136:2 | 6:136:11 | 6:136:24 | 6:162:7,for Allah | to Allah | (is) for Allah | for Allah | (are) for Allah,Kekalkan sense dominan Quranic sebagai gloss lalai. Alternate hanya jika konteks memaksa.
2022,وَلَوۡلَا,17,dan kalau tidak,7,dan jika tidak,5,dan kalau tidak,,outside_policy | long_gloss,53.35,11:91:12 | 11:110:7 | 37:57:1 | 41:45:7 | 42:21:13,And if not | And if not | And if not | And had it not been | And if not,Kekalkan sense dominan Quranic sebagai gloss lalai. Alternate hanya jika konteks memaksa.
2023,قَبۡلُ,45,sebelum,26,sebelum/sebelumnya,1,sebelum,,outside_policy | slash_gloss | annotative_expansion,53.33,20:90:6,before,Kekalkan sense dominan Quranic sebagai gloss lalai. Alternate hanya jika konteks memaksa.
2024,كُلُّ,46,tiap-tiap,26,segala,3,tiap-tiap,,outside_policy,53.29,27:91:11 | 28:88:11 | 44:4:3,all | Every | every,Kekalkan sense dominan Quranic sebagai gloss lalai. Alternate hanya jika konteks memaksa.
2025,وَإِن,146,dan jika,112,dan sesungguhnya,11,dan jika,,outside_policy,53.29,6:156:10 | 7:102:6 | 12:3:11 | 12:91:7 | 15:78:1,and indeed | But | although | and indeed | And were,Kekalkan sense dominan Quranic sebagai gloss lalai. Alternate hanya jika konteks memaksa.
2026,لَهُۥ,174,baginya,64,kepadanya (do'anya),4,baginya,bagi-Nya | kepada-Nya | kepadanya,outside_policy | parenthetical,53.28,21:76:7 | 21:84:2 | 21:88:2 | 21:90:2,to him | to him | to him | to him,Pilih `baginya` sebagai default; guna `kepadanya` hanya jika struktur menuntut arah/penerima.
2027,بِٱلۡحَقِّ,47,dengan kebenaran,20,dengan baik,2,dengan kebenaran,dengan benar,outside_policy,53.27,23:41:3 | 25:68:15,in truth | by right,Kekalkan sense dominan Quranic sebagai gloss lalai. Alternate hanya jika konteks memaksa.
2028,بِٱلۡحَقِّ,47,dengan kebenaran,20,dengan hak,2,dengan kebenaran,dengan benar,outside_policy,53.27,7:159:6 | 44:39:4,with truth | in [the] truth,Kekalkan sense dominan Quranic sebagai gloss lalai. Alternate hanya jika konteks memaksa.
2029,بِٱلۡحَقِّ,47,dengan kebenaran,20,dengan sebenarnya,2,dengan kebenaran,dengan benar,outside_policy,53.27,3:3:4 | 5:27:6,in [the] truth | in truth,Kekalkan sense dominan Quranic sebagai gloss lalai. Alternate hanya jika konteks memaksa.
2030,ٱلۡأَرۡضِۚ,19,bumi,16,dalam bumi,1,bumi,,outside_policy | annotative_expansion,53.26,22:64:7,the earth,Kekalkan sense dominan Quranic sebagai gloss lalai. Alternate hanya jika konteks memaksa.
2031,لَهُۥٓ,19,baginya,8,bagi-Nya,2,baginya,,outside_policy,53.13,34:33:16 | 41:9:10,for Him | with Him,Kekalkan sense dominan Quranic sebagai gloss lalai. Alternate hanya jika konteks memaksa.
2032,بِهَا,51,dengannya,32,padanya,4,dengannya,,outside_policy,53.07,6:89:9 | 6:89:16 | 27:84:9 | 76:6:3,in it | therein | them | from it,Kekalkan sense dominan Quranic sebagai gloss lalai. Alternate hanya jika konteks memaksa.
2033,فَمَن,51,maka barang siapa,32,maka siapa,4,maka barang siapa,,outside_policy,53.07,7:8:4 | 11:63:13 | 40:29:8 | 67:30:7,So whose  | then who | but who | then who,Kekalkan gloss relatif yang stabil; jangan tambah rujukan entiti pada token ini.
2034,أَلَّا,43,bahawa tidak,18,kecuali,2,bahawa tidak,bahawa janganlah | untuk tidak,outside_policy,53.06,6:119:3 | 57:10:3,that not | that not,Kekalkan sense dominan Quranic sebagai gloss lalai. Alternate hanya jika konteks memaksa.
2035,أَلَّا,43,bahawa tidak,18,tidak mahu,2,bahawa tidak,bahawa janganlah | untuk tidak,outside_policy,53.06,2:246:29 | 2:246:34,that not | that not,Kekalkan sense dominan Quranic sebagai gloss lalai. Alternate hanya jika konteks memaksa.
2036,تَجۡرِي,48,mengalir,40,mengalir berhembus,1,mengalir,,outside_policy | annotative_expansion,53.00,38:36:4,to flow,Kekalkan sense dominan Quranic sebagai gloss lalai. Alternate hanya jika konteks memaksa.
2037,خَيۡرٗا,30,lebih baik,17,kebaikan/lebih baik,1,lebih baik,,outside_policy | slash_gloss | annotative_expansion,53.00,8:70:16,better,Kekalkan sense dominan Quranic sebagai gloss lalai. Alternate hanya jika konteks memaksa.
2038,لِلنَّاسِ,36,bagi manusia,20,untuk manusia,3,bagi manusia,,outside_policy,53.00,22:25:12 | 30:58:3 | 59:21:16,for the mankind | for mankind | to the people,Kekalkan sense dominan Quranic sebagai gloss lalai. Alternate hanya jika konteks memaksa.
2039,أَنَّ,99,bahawasanya,56,bahawasanya/bahawa,1,bahawasanya,bahawa | sesungguhnya,outside_policy | slash_gloss | annotative_expansion,52.97,13:18:10,that,Kekalkan sense dominan Quranic sebagai gloss lalai. Alternate hanya jika konteks memaksa.
2040,أَنَّ,99,bahawasanya,56,sesungguhnya/bahawasanya,1,bahawasanya,bahawa | sesungguhnya,outside_policy | slash_gloss | annotative_expansion,52.97,54:28:2,that,Kekalkan sense dominan Quranic sebagai gloss lalai. Alternate hanya jika konteks memaksa.
2041,عَذَابٗا,23,azab,13,azab/seksa,1,azab,,outside_policy | slash_gloss | annotative_expansion,52.96,18:87:12,(with) a punishment,Kekalkan sense dominan Quranic sebagai gloss lalai. Alternate hanya jika konteks memaksa.
2042,عَظِيمٞ,23,besar,13,besar/berat,1,besar,,outside_policy | slash_gloss | annotative_expansion,52.96,2:7:12,great,Kekalkan sense dominan Quranic sebagai gloss lalai. Alternate hanya jika konteks memaksa.
2043,كُلُّ,46,tiap-tiap,26,tiap-tiap/semuanya,1,tiap-tiap,,outside_policy | slash_gloss | annotative_expansion,52.96,17:36:12,all,Kekalkan sense dominan Quranic sebagai gloss lalai. Alternate hanya jika konteks memaksa.
2044,ٱلۡعَذَابَ,23,azab,13,azab/hukuman,1,azab,,outside_policy | slash_gloss | annotative_expansion,52.96,24:8:3,the punishment,Kekalkan sense dominan Quranic sebagai gloss lalai. Alternate hanya jika konteks memaksa.
2045,ٱلۡعَذَابَ,23,azab,13,azab/seksaan,1,azab,,outside_policy | slash_gloss | annotative_expansion,52.96,88:24:3,(with) the punishment,Kekalkan sense dominan Quranic sebagai gloss lalai. Alternate hanya jika konteks memaksa.
2046,كُلِّ,123,segala,68,macam-macam,3,segala,setiap | tiap-tiap,outside_policy,52.92,26:7:9 | 31:10:16 | 31:10:25,every | every | every,Kekalkan sense dominan Quranic sebagai gloss lalai. Alternate hanya jika konteks memaksa.
2047,إِذَا,170,apabila,128,tatkala,11,apabila,,outside_policy,52.86,3:156:10 | 6:44:12 | 18:71:3 | 18:74:3 | 18:86:2,when | when | when | when | when,Kekalkan sense dominan Quranic sebagai gloss lalai. Alternate hanya jika konteks memaksa.
2048,مِن,728,dari,711,dari/di antara,2,dari,,outside_policy | slash_gloss | annotative_expansion,52.80,4:15:4 | 11:36:7,from | from,Gunakan gloss dominan Quranic sebagai default. Override hanya bila struktur sintaks jelas memaksa makna lain.
2049,قَالَتۡ,22,ia berkata,9,berkatalah,2,ia berkata,,outside_policy,52.77,7:38:24 | 27:18:7,(will) say | said,Kekalkan sense dominan Quranic sebagai gloss lalai. Alternate hanya jika konteks memaksa.
2050,جَعَلَ,43,menjadikan,24,menjadikan/membuat,1,menjadikan,,outside_policy | slash_gloss | annotative_expansion,52.74,48:26:2,had put,Kekalkan sense dominan Quranic sebagai gloss lalai. Alternate hanya jika konteks memaksa.
2051,جَعَلَ,43,menjadikan,24,yang telah menjadikan,1,menjadikan,,outside_policy | long_gloss | annotative_expansion,52.74,27:61:2,made,Kekalkan sense dominan Quranic sebagai gloss lalai. Alternate hanya jika konteks memaksa.
2052,كَذَّبُواْ,37,(mereka) mendustakan,18,mereka mendustakan,12,(mereka) mendustakan,,outside_policy | entity_or_pronoun_shift,52.68,3:11:7 | 7:96:14 | 7:136:7 | 7:146:32 | 7:147:2,They denied | they denied | denied | denied | denied,Kekalkan sense dominan Quranic sebagai gloss lalai. Alternate hanya jika konteks memaksa.
2053,ٱلۡمُؤۡمِنِينَ,70,orang-orang yang beriman,43,orang-orang beriman,4,orang-orang yang beriman,,outside_policy,52.68,6:27:16 | 9:26:8 | 33:23:2 | 57:12:3,the believers | the believers | the believers | the believing men,Kekalkan gloss relatif yang stabil; jangan tambah rujukan entiti pada token ini.
2054,أَن,461,bahawa,315,kerana,6,bahawa,agar | supaya | untuk,outside_policy,52.67,26:51:8 | 30:10:7 | 38:4:2 | 43:5:5 | 68:14:1,because | because | that | because | Because,Gunakan `bahawa` sebagai lalai. Bentuk infinitif/tujuan sahaja patut menggeser kepada `untuk/supaya/agar`.
2055,ٱلۡغَيۡبِ,18,yang gaib,10,semua yang gaib,1,yang gaib,,outside_policy | long_gloss | annotative_expansion,52.67,6:59:3,(of) the unseen,Kekalkan sense dominan Quranic sebagai gloss lalai. Alternate hanya jika konteks memaksa.
2056,جَمِيعٗا,29,semuanya,19,seluruhnya,5,semuanya,,outside_policy,52.66,2:29:8 | 5:32:21 | 5:36:10 | 39:67:7 | 70:14:4,all | all | all | entirely | all,Kekalkan sense dominan Quranic sebagai gloss lalai. Alternate hanya jika konteks memaksa.
2057,بِهِۦ,220,dengannya,122,dengannya (janji),1,dengannya,dengan-Nya | kepadanya | padanya,outside_policy | parenthetical | annotative_expansion,52.64,3:187:16,[with] it,Defaultkan kepada `dengannya`; jangan serap keseluruhan klausa ke dalam token ini.
2058,بِهِۦ,220,dengannya,122,dengannya (kedatangannya),1,dengannya,dengan-Nya | kepadanya | padanya,outside_policy | parenthetical | annotative_expansion,52.64,6:58:7,of it,Defaultkan kepada `dengannya`; jangan serap keseluruhan klausa ke dalam token ini.
2059,بِهِۦ,220,dengannya,122,dengannya (menyampaikannya),1,dengannya,dengan-Nya | kepadanya | padanya,outside_policy | parenthetical | annotative_expansion,52.64,34:34:13,with,Defaultkan kepada `dengannya`; jangan serap keseluruhan klausa ke dalam token ini.
2060,بِهِۦ,220,dengannya,122,dengannya (qisas),1,dengannya,dengan-Nya | kepadanya | padanya,outside_policy | parenthetical | annotative_expansion,52.64,5:45:19,with it,Defaultkan kepada `dengannya`; jangan serap keseluruhan klausa ke dalam token ini.
2061,بِهِۦ,220,dengannya,122,dengannya tentang itu,1,dengannya,dengan-Nya | kepadanya | padanya,outside_policy | long_gloss | annotative_expansion,52.64,31:15:10,of it,Defaultkan kepada `dengannya`; jangan serap keseluruhan klausa ke dalam token ini.
2062,بِهِۦ,220,dengannya,122,dengannya/dengan air,1,dengannya,dengan-Nya | kepadanya | padanya,outside_policy | slash_gloss | annotative_expansion,52.64,78:15:2,thereby,Defaultkan kepada `dengannya`; jangan serap keseluruhan klausa ke dalam token ini.
2063,بِهِۦ,220,dengannya,122,dengannya/dengan itu,1,dengannya,dengan-Nya | kepadanya | padanya,outside_policy | slash_gloss | annotative_expansion,52.64,65:2:18,with it,Defaultkan kepada `dengannya`; jangan serap keseluruhan klausa ke dalam token ini.
2064,بِهِۦ,220,dengannya,122,dengannya/dia,1,dengannya,dengan-Nya | kepadanya | padanya,outside_policy | slash_gloss | annotative_expansion,52.64,21:61:3,him,Defaultkan kepada `dengannya`; jangan serap keseluruhan klausa ke dalam token ini.
2065,بِهِۦ,220,dengannya,122,dengannya/hal itu,1,dengannya,dengan-Nya | kepadanya | padanya,outside_policy | slash_gloss | annotative_expansion,52.64,66:3:21,about it,Defaultkan kepada `dengannya`; jangan serap keseluruhan klausa ke dalam token ini.
2066,بِهِۦ,220,dengannya,122,dengannya/itu,1,dengannya,dengan-Nya | kepadanya | padanya,outside_policy | slash_gloss | annotative_expansion,52.64,39:47:12,with it,Defaultkan kepada `dengannya`; jangan serap keseluruhan klausa ke dalam token ini.
2067,بِهِۦ,220,dengannya,122,dengannya/pembicaraan,1,dengannya,dengan-Nya | kepadanya | padanya,outside_policy | slash_gloss | annotative_expansion,52.64,66:3:10,about it,Defaultkan kepada `dengannya`; jangan serap keseluruhan klausa ke dalam token ini.
2068,بِهِۦ,220,dengannya,122,dengannya/tentangnya,1,dengannya,dengan-Nya | kepadanya | padanya,outside_policy | slash_gloss | annotative_expansion,52.64,17:36:6,of it,Defaultkan kepada `dengannya`; jangan serap keseluruhan klausa ke dalam token ini.
2069,فِي,1098,dalam,380,di/ke,4,dalam,di | di dalam | pada | tentang,outside_policy | slash_gloss,52.63,2:144:5 | 6:125:19 | 7:111:5 | 17:93:9,towards | into | in | into,Gunakan `dalam` sebagai default. Tukar kepada `pada` atau `tentang` hanya jika binaan jelas menuntut bacaan tempat atau topik.
2070,كُلِّ,123,segala,68,segala/semua,1,segala,setiap | tiap-tiap,outside_policy | slash_gloss | annotative_expansion,52.59,33:52:23,all,Kekalkan sense dominan Quranic sebagai gloss lalai. Alternate hanya jika konteks memaksa.
2071,كُلِّ,123,segala,68,segala/semuanya,1,segala,setiap | tiap-tiap,outside_policy | slash_gloss | annotative_expansion,52.59,57:2:9,all,Kekalkan sense dominan Quranic sebagai gloss lalai. Alternate hanya jika konteks memaksa.
2072,لَعَلَّهُمۡ,34,supaya mereka,17,agar mereka,16,supaya mereka,,outside_policy | entity_or_pronoun_shift,52.56,2:186:16 | 6:42:10 | 6:65:26 | 6:69:11 | 7:176:29,so that they may | so that they may | so that they may | so that they may | so that they may,Kekalkan sense dominan Quranic sebagai gloss lalai. Alternate hanya jika konteks memaksa.
2073,مَّن,49,orang,27,orang (sekutu),1,orang,barang siapa | siapa,outside_policy | parenthetical | annotative_expansion,52.53,30:40:13,who,Kekalkan gloss relatif yang stabil; jangan tambah rujukan entiti pada token ini.
2074,مَّن,49,orang,27,orang/siapa,1,orang,barang siapa | siapa,outside_policy | slash_gloss | annotative_expansion,52.53,35:22:14,(those) who,Kekalkan gloss relatif yang stabil; jangan tambah rujukan entiti pada token ini.
2075,مَّن,49,orang,27,siapa/orang,1,orang,barang siapa | siapa,outside_policy | slash_gloss | annotative_expansion,52.53,12:76:27,whom,Kekalkan gloss relatif yang stabil; jangan tambah rujukan entiti pada token ini.
2076,لِلَّهِ,85,bagi Allah,35,milik Allah,6,bagi Allah,kepada Allah | kepunyaan Allah,outside_policy | entity_or_pronoun_shift,52.52,2:156:7 | 2:165:26 | 4:131:22 | 4:139:13 | 4:170:15,belong to Allah | (belongs) to Allah | for Allah | (is) for Allah | to Allah (belongs),Kekalkan sense dominan Quranic sebagai gloss lalai. Alternate hanya jika konteks memaksa.
2077,أَحۡسَنَ,15,lebih baik,6,sebaik-baik,2,lebih baik,,outside_policy,52.50,12:3:4 | 37:125:4,the best | (the) Best,Kekalkan sense dominan Quranic sebagai gloss lalai. Alternate hanya jika konteks memaksa.
2078,شَدِيدُ,15,sangat keras,6,amat berat,2,sangat keras,,outside_policy,52.50,2:165:30 | 2:196:72,(is) severe | (is) severe,Kekalkan sense dominan Quranic sebagai gloss lalai. Alternate hanya jika konteks memaksa.
2079,شَدِيدُ,15,sangat keras,6,amat keras,2,sangat keras,,outside_policy,52.50,2:211:19 | 8:52:16,(is) severe | (and) severe,Kekalkan sense dominan Quranic sebagai gloss lalai. Alternate hanya jika konteks memaksa.
2080,كُنتُ,15,adalah aku,6,aku,2,adalah aku,,outside_policy,52.50,27:32:8 | 39:56:12,I would be | I was,Kekalkan sense dominan Quranic sebagai gloss lalai. Alternate hanya jika konteks memaksa.
2081,ٱلۡمَلَـٰٓئِكَةُ,20,Malaikat,11,para Malaikat,1,Malaikat,,outside_policy | entity_or_pronoun_shift | annotative_expansion,52.50,8:50:7,the Angels,Kekalkan sense dominan Quranic sebagai gloss lalai. Alternate hanya jika konteks memaksa.
2082,فِيهَا,183,di dalamnya,128,di dalamnya (sorga),2,di dalamnya,ke dalamnya | padanya,outside_policy | parenthetical | long_gloss | annotative_expansion,52.48,36:57:2 | 38:51:4,therein | therein,Kekalkan gloss lokatif sebagai default.
2083,فِيهَا,183,di dalamnya,128,di dalamnya/di dunia,2,di dalamnya,ke dalamnya | padanya,outside_policy | slash_gloss | long_gloss | annotative_expansion,52.48,11:15:10 | 11:15:12,therein | in it,Kekalkan gloss lokatif sebagai default.
2084,لِمَن,31,bagi siapa,17,bagi siapa yang,1,bagi siapa,,outside_policy | long_gloss | annotative_expansion,52.45,2:261:20,to whom,Kekalkan gloss relatif yang stabil; jangan tambah rujukan entiti pada token ini.
2085,كُنتَ,35,kamu adalah,15,kamu berada,7,kamu adalah,,outside_policy | entity_or_pronoun_shift,52.43,3:44:8 | 3:44:17 | 12:102:8 | 28:44:2 | 28:44:11,you were | you were | you were | you were | you were,Kekalkan sense dominan Quranic sebagai gloss lalai. Alternate hanya jika konteks memaksa.
2086,بِمَا,253,dengan apa,71,dengan apa/berapa lama,1,dengan apa,dengan sebab | dengan/terhadap apa | disebabkan | terhadap apa,outside_policy | slash_gloss | long_gloss | annotative_expansion,52.42,18:26:4,about what (period),Pilih makna instrumental `dengan apa` sebagai default; sebab/kausal hanya bila konteks jelas.
2087,بِمَا,253,dengan apa,71,dengan apa/dengan sebab,1,dengan apa,dengan sebab | dengan/terhadap apa | disebabkan | terhadap apa,outside_policy | slash_gloss | long_gloss | annotative_expansion,52.42,34:17:3,because,Pilih makna instrumental `dengan apa` sebagai default; sebab/kausal hanya bila konteks jelas.
2088,بِمَا,253,dengan apa,71,dengan apa/kerana apa,1,dengan apa,dengan sebab | dengan/terhadap apa | disebabkan | terhadap apa,outside_policy | slash_gloss | long_gloss | annotative_expansion,52.42,77:43:4,for what,Pilih makna instrumental `dengan apa` sebagai default; sebab/kausal hanya bila konteks jelas.
2089,بِمَا,253,dengan apa,71,dengan apa/segala apa,1,dengan apa,dengan sebab | dengan/terhadap apa | disebabkan | terhadap apa,outside_policy | slash_gloss | long_gloss | annotative_expansion,52.42,18:91:4,of what,Pilih makna instrumental `dengan apa` sebagai default; sebab/kausal hanya bila konteks jelas.
2090,بِمَا,253,dengan apa,71,dengan apa/tentang apa,1,dengan apa,dengan sebab | dengan/terhadap apa | disebabkan | terhadap apa,outside_policy | slash_gloss | long_gloss | annotative_expansion,52.42,27:88:17,of what,Pilih makna instrumental `dengan apa` sebagai default; sebab/kausal hanya bila konteks jelas.
2091,فَمَا,69,maka tidak,37,maka mengapa,3,maka tidak,,outside_policy,52.42,10:35:26 | 74:49:1 | 84:20:1,Then what | Then what | So what,Kekalkan sense dominan Quranic sebagai gloss lalai. Alternate hanya jika konteks memaksa.
2092,فَٱتَّقُواْ,17,maka bertakwalah kamu,11,maka bertakwalah,5,maka bertakwalah kamu,,outside_policy,52.41,3:50:17 | 3:123:7 | 5:100:10 | 43:63:15 | 65:10:6,So fear | So fear | So fear | So fear | So fear,Kekalkan sense dominan Quranic sebagai gloss lalai. Alternate hanya jika konteks memaksa.
2093,إِذَا,170,apabila,128,tiba-tiba,14,apabila,,outside_policy,52.37,4:77:17 | 7:135:9 | 10:21:9 | 10:23:3 | 23:64:6,then | then | behold | behold | behold,Kekalkan sense dominan Quranic sebagai gloss lalai. Alternate hanya jika konteks memaksa.
2094,وَلَا,604,dan tidak,329,dan tidak/janganlah,1,dan tidak,dan jangan | dan janganlah | dan tidak ada,outside_policy | slash_gloss | annotative_expansion,52.34,35:5:11,and (let) not,Gunakan bentuk larangan hanya apabila fi'il selepasnya jelas larangan.
2095,ٱلۡحَقَّ,18,benar,5,yang haq (benar),1,benar,,outside_policy | parenthetical | long_gloss | annotative_expansion,52.33,3:71:5,the truth,Kekalkan sense dominan Quranic sebagai gloss lalai. Alternate hanya jika konteks memaksa.
2096,أَمۡ,103,atau,62,apakah,4,atau,,outside_policy,52.31,2:108:1 | 2:214:1 | 3:142:1 | 9:16:1,Or | Or | Or | Or,Kekalkan sense dominan Quranic sebagai gloss lalai. Alternate hanya jika konteks memaksa.
2097,إِذۡ,152,ketika,118,tatkala,25,ketika,,outside_policy,52.29,3:8:6 | 12:4:1 | 17:47:6 | 17:47:12 | 17:94:6,[when] | When | when | when | when,Kekalkan sense dominan Quranic sebagai gloss lalai. Alternate hanya jika konteks memaksa.
2098,صَٰلِحٗا,28,kebajikan/saleh,11,Saleh,2,kebajikan/saleh,kebaikan | saleh,outside_policy,52.29,7:75:14 | 11:66:5,Salih | Salih,Kekalkan sense dominan Quranic sebagai gloss lalai. Alternate hanya jika konteks memaksa.
2099,عَذَابًا,15,azab,9,seksa,4,azab,,outside_policy,52.25,4:18:23 | 4:93:15 | 4:138:5 | 4:161:13,a punishment | a punishment | (is) a punishment | a punishment,Kekalkan sense dominan Quranic sebagai gloss lalai. Alternate hanya jika konteks memaksa.
2100,مَلَكَتۡ,15,memiliki,5,kamu miliki,4,memiliki,,outside_policy | entity_or_pronoun_shift,52.25,4:3:23 | 4:24:6 | 4:36:23 | 24:33:15,possesses | you possess | possess[ed] | possess,Kekalkan sense dominan Quranic sebagai gloss lalai. Alternate hanya jika konteks memaksa.
2101,عَلَى,242,atas,131,atas (dasar),1,atas,atas/terhadap | di atas | kepada | terhadap,outside_policy | parenthetical | annotative_expansion,52.24,9:108:7,on,Sama seperti `عَلَىٰ`; kekalkan preposisi dasar.
2102,عَلَى,242,atas,131,atas/dengan,1,atas,atas/terhadap | di atas | kepada | terhadap,outside_policy | slash_gloss | annotative_expansion,52.24,28:25:4,with,Sama seperti `عَلَىٰ`; kekalkan preposisi dasar.
2103,عَلَى,242,atas,131,atas/di,1,atas,atas/terhadap | di atas | kepada | terhadap,outside_policy | slash_gloss | annotative_expansion,52.24,14:39:6,in,Sama seperti `عَلَىٰ`; kekalkan preposisi dasar.
2104,عَلَى,242,atas,131,atas/di sisi,1,atas,atas/terhadap | di atas | kepada | terhadap,outside_policy | slash_gloss | annotative_expansion,52.24,4:17:3,by,Sama seperti `عَلَىٰ`; kekalkan preposisi dasar.
2105,عَلَى,242,atas,131,atas/ke,1,atas,atas/terhadap | di atas | kepada | terhadap,outside_policy | slash_gloss | annotative_expansion,52.24,6:27:5,by,Sama seperti `عَلَىٰ`; kekalkan preposisi dasar.
2106,عَلَى,242,atas,131,atas/pada,1,atas,atas/terhadap | di atas | kepada | terhadap,outside_policy | slash_gloss | annotative_expansion,52.24,46:20:5,to,Sama seperti `عَلَىٰ`; kekalkan preposisi dasar.
2107,عَلَى,242,atas,131,ke atas/sampai,1,atas,atas/terhadap | di atas | kepada | terhadap,outside_policy | slash_gloss | annotative_expansion,52.24,104:7:3,to,Sama seperti `عَلَىٰ`; kekalkan preposisi dasar.
2108,هُوَ,239,Dia,129,dia (Fir'aun),1,Dia,Dialah | dia | ia,outside_policy | parenthetical | annotative_expansion,52.19,28:39:2,And he was arrogant,Pilih `Dia` bila rujukan kepada Allah jelas; selain itu `dia/ia` mengikut antecedent.
2109,هُوَ,239,Dia,129,dia/hal itu,1,Dia,Dialah | dia | ia,outside_policy | slash_gloss | annotative_expansion,52.19,39:15:17,it,Pilih `Dia` bila rujukan kepada Allah jelas; selain itu `dia/ia` mengikut antecedent.
2110,هُوَ,239,Dia,129,dia/sesuatu,1,Dia,Dialah | dia | ia,outside_policy | slash_gloss | annotative_expansion,52.19,17:82:5,it,Pilih `Dia` bila rujukan kepada Allah jelas; selain itu `dia/ia` mengikut antecedent.
2111,هُوَ,239,Dia,129,itulah/Dialah,1,Dia,Dialah | dia | ia,outside_policy | slash_gloss | annotative_expansion,52.19,6:71:34,it,Pilih `Dia` bila rujukan kepada Allah jelas; selain itu `dia/ia` mengikut antecedent.
2112,إِنَّا,115,sesungguhnya kami,60,sesungguhnya Kami,47,sesungguhnya kami,,outside_policy | entity_or_pronoun_shift,52.18,7:27:24 | 15:9:1 | 15:95:1 | 18:7:1 | 18:30:6,"Indeed | Indeed, We | Indeed, We | Indeed, We | indeed, We",Kekalkan sense dominan Quranic sebagai gloss lalai. Alternate hanya jika konteks memaksa.
2113,يَكُونُ,18,adalah,7,ada,2,adalah,,outside_policy,52.17,5:116:19 | 7:13:5,was | it is,Kekalkan sense dominan Quranic sebagai gloss lalai. Alternate hanya jika konteks memaksa.
2114,يَكُونُ,18,adalah,7,patut,2,adalah,,outside_policy,52.17,7:89:16 | 24:16:6,it is | it is,Kekalkan sense dominan Quranic sebagai gloss lalai. Alternate hanya jika konteks memaksa.
2115,ٱلۡأَرۡضِ,180,bumi,145,bumi ini,1,bumi,,outside_policy | annotative_expansion,52.17,17:103:5,the land,Kekalkan sense dominan Quranic sebagai gloss lalai. Alternate hanya jika konteks memaksa.
2116,ٱلۡأَرۡضِ,180,bumi,145,bumi itu,1,bumi,,outside_policy | annotative_expansion,52.17,51:20:2,the earth,Kekalkan sense dominan Quranic sebagai gloss lalai. Alternate hanya jika konteks memaksa.
2117,ذِي,19,mempunyai,10,memiliki,3,mempunyai,,outside_policy,52.12,6:146:6 | 12:76:31 | 89:10:2,(animal) with | possessor | owner of,Kekalkan sense dominan Quranic sebagai gloss lalai. Alternate hanya jika konteks memaksa.
2118,مِّنۡ,149,dari,142,dari/di antara,2,dari,,outside_policy | slash_gloss | annotative_expansion,52.09,3:113:3 | 12:109:9,among | from (among),Kekalkan sense dominan Quranic sebagai gloss lalai. Alternate hanya jika konteks memaksa.
2119,وَهُوَ,169,dan Dia,120,dan ia,9,dan Dia,dan dia,outside_policy,52.08,2:85:19 | 2:216:4 | 2:216:18 | 3:85:9 | 4:92:29,while it | while it | and it | and he | and he was,Kekalkan sense dominan Quranic sebagai gloss lalai. Alternate hanya jika konteks memaksa.
2120,أَن,461,bahawa,315,jika,7,bahawa,agar | supaya | untuk,outside_policy,52.07,2:229:17 | 2:237:5 | 6:80:15 | 6:111:17 | 7:97:4,if | [that] | [that] | [that] | that,Gunakan `bahawa` sebagai lalai. Bentuk infinitif/tujuan sahaja patut menggeser kepada `untuk/supaya/agar`.
2121,عَلَىٰٓ,81,atas,65,di atas,1,atas,,outside_policy | annotative_expansion,52.07,69:17:2,(will be) on,Kekalkan sense dominan Quranic sebagai gloss lalai. Alternate hanya jika konteks memaksa.
2122,مِّنۡهُ,28,daripadanya,15,daripadanya (Al-Qur'an),1,daripadanya,,outside_policy | parenthetical | annotative_expansion,52.07,22:55:7,of it,Kekalkan sense dominan Quranic sebagai gloss lalai. Alternate hanya jika konteks memaksa.
2123,مِّنۡهُ,28,daripadanya,15,daripadanya (maskawin),1,daripadanya,,outside_policy | parenthetical | annotative_expansion,52.07,4:4:10,of it,Kekalkan sense dominan Quranic sebagai gloss lalai. Alternate hanya jika konteks memaksa.
2124,مِّنۡهُ,28,daripadanya,15,daripadanya/harta,1,daripadanya,,outside_policy | slash_gloss | annotative_expansion,52.07,4:8:9,from it,Kekalkan sense dominan Quranic sebagai gloss lalai. Alternate hanya jika konteks memaksa.
2125,بِمَآ,43,dengan apa,11,dengan/kepada apa,3,dengan apa,dengan/menurut apa,outside_policy | slash_gloss,52.01,4:60:8 | 4:162:8 | 28:48:15,in what | in what | in what,Kekalkan sense dominan Quranic sebagai gloss lalai. Alternate hanya jika konteks memaksa.
2126,ذَٰلِكُمۡ,25,demikian itu,20,demikian itulah,1,demikian itu,,outside_policy | annotative_expansion,52.00,8:14:1,That ,Kekalkan sense dominan Quranic sebagai gloss lalai. Alternate hanya jika konteks memaksa.
2127,فَمَآ,15,maka tidak,8,maka tidak ada,1,maka tidak,,outside_policy | long_gloss | annotative_expansion,52.00,10:83:1,But none,Kekalkan sense dominan Quranic sebagai gloss lalai. Alternate hanya jika konteks memaksa.
2128,كَبِيرٗا,15,besar,8,besar/sekali,1,besar,,outside_policy | slash_gloss | annotative_expansion,52.00,12:78:8,[great],Kekalkan sense dominan Quranic sebagai gloss lalai. Alternate hanya jika konteks memaksa.
2129,ٱلصُّدُورِ,15,dada,8,dalam dada/hati,1,dada,,outside_policy | slash_gloss | annotative_expansion,52.00,35:38:10,of what (is) in the breasts,Kekalkan sense dominan Quranic sebagai gloss lalai. Alternate hanya jika konteks memaksa.
2130,كُنتَ,35,kamu adalah,15,adalah kamu,8,kamu adalah,,outside_policy | entity_or_pronoun_shift,51.98,2:143:17 | 4:102:2 | 10:94:2 | 11:49:8 | 11:62:4,you were used to | you are | you are | you were | you were,Kekalkan sense dominan Quranic sebagai gloss lalai. Alternate hanya jika konteks memaksa.
2131,تَرَ,31,kamu memperhatikan,10,kamu lihat,4,kamu memperhatikan,,outside_policy | entity_or_pronoun_shift,51.93,19:83:2 | 22:63:2 | 58:7:2 | 58:8:2,you see | you see | you see | you see,Kekalkan sense dominan Quranic sebagai gloss lalai. Alternate hanya jika konteks memaksa.
2132,ءَايَٰتِهِۦ,17,ayat-ayat-Nya,10,tanda-tanda-Nya,4,ayat-ayat-Nya,,outside_policy,51.90,27:93:5 | 40:13:4 | 40:81:2 | 42:29:2,His Signs | His Signs | His Signs | His Signs,Kekalkan sense dominan Quranic sebagai gloss lalai. Alternate hanya jika konteks memaksa.
2133,دُونِهِۦ,17,selain Dia,10,selain-Nya,4,selain Dia,,outside_policy,51.90,18:27:14 | 18:58:18 | 32:4:18 | 72:22:11,besides Him | other than it | besides Him | besides Him,Kekalkan sense dominan Quranic sebagai gloss lalai. Alternate hanya jika konteks memaksa.
2134,لَفِي,27,benar-benar dalam,14,dalam,3,benar-benar dalam,,outside_policy,51.89,26:97:4 | 82:14:3 | 83:7:5,surely in | (will be) surely in | (is) surely in,Kekalkan sense dominan Quranic sebagai gloss lalai. Alternate hanya jika konteks memaksa.
2135,ٱلۡعَذَابِ,31,azab,21,seksaan,7,azab,,outside_policy,51.89,2:49:8 | 2:96:19 | 5:80:17 | 6:157:32 | 14:6:16,torment | the punishment | the punishment | punishment | torment,Kekalkan sense dominan Quranic sebagai gloss lalai. Alternate hanya jika konteks memaksa.
2136,فَلَمَّا,78,maka tatkala,57,maka setelah,13,maka tatkala,,outside_policy,51.85,2:89:17 | 4:77:13 | 5:117:19 | 6:44:1 | 7:22:3,then when | Then when | then when | So when | Then when,Kekalkan sense dominan Quranic sebagai gloss lalai. Alternate hanya jika konteks memaksa.
2137,فَمَن,51,maka barang siapa,32,maka siapakah,5,maka barang siapa,,outside_policy,51.82,5:17:12 | 20:49:2 | 30:29:8 | 45:23:18 | 48:11:18,Then who | Then who | Then who | Then who | Then who,Kekalkan gloss relatif yang stabil; jangan tambah rujukan entiti pada token ini.
2138,ذِي,19,mempunyai,10,memiliki/mempunyai,1,mempunyai,,outside_policy | slash_gloss | annotative_expansion,51.79,55:78:4,Owner,Kekalkan sense dominan Quranic sebagai gloss lalai. Alternate hanya jika konteks memaksa.
2139,مَنِ,19,orang,10,orang/siapa,1,orang,,outside_policy | slash_gloss | annotative_expansion,51.79,15:18:2,(one) who,Kekalkan gloss relatif yang stabil; jangan tambah rujukan entiti pada token ini.
2140,مِّنۡهُمۡ,44,di antara mereka,21,dari mereka,17,di antara mereka,,outside_policy | entity_or_pronoun_shift,51.79,2:75:8 | 2:136:28 | 4:77:19 | 4:81:9 | 4:113:8,of them | of them | of them | of them | of them,Kekalkan sense dominan Quranic sebagai gloss lalai. Alternate hanya jika konteks memaksa.
2141,لَهُمُ,43,bagi mereka,20,kepada mereka,14,bagi mereka,,outside_policy | entity_or_pronoun_shift,51.74,2:170:3 | 2:243:13 | 3:173:3 | 4:154:6 | 6:43:10,to them | to them | to them | to them | to them,Kekalkan sense dominan Quranic sebagai gloss lalai. Alternate hanya jika konteks memaksa.
2142,يَقُولُ,35,berkata,9,(teman itu) berkata,1,berkata,Dia berfirman | Dia berkata | dia berkata | ia berkata,outside_policy | parenthetical | long_gloss | annotative_expansion,51.71,37:52:1,Who (would) say,Kekalkan sense dominan Quranic sebagai gloss lalai. Alternate hanya jika konteks memaksa.
2143,دُونِ,83,selain,78,selain/bukan,2,selain,,outside_policy | slash_gloss | annotative_expansion,51.69,27:55:6 | 62:6:11,instead of | excluding,Kekalkan sense dominan Quranic sebagai gloss lalai. Alternate hanya jika konteks memaksa.
2144,بِمَآ,43,dengan apa,11,dengan apa (harta),1,dengan apa,dengan/menurut apa,outside_policy | parenthetical | long_gloss | annotative_expansion,51.67,3:180:5,of what,Kekalkan sense dominan Quranic sebagai gloss lalai. Alternate hanya jika konteks memaksa.
2145,بِمَآ,43,dengan apa,11,dengan apa (rahmat),1,dengan apa,dengan/menurut apa,outside_policy | parenthetical | long_gloss | annotative_expansion,51.67,30:34:2,[in] what,Kekalkan sense dominan Quranic sebagai gloss lalai. Alternate hanya jika konteks memaksa.
2146,تَدۡعُونَ,16,kamu seru,5,kamu menyeru,4,kamu seru,,outside_policy | entity_or_pronoun_shift,51.62,6:40:12 | 6:41:3 | 6:41:6 | 26:72:5,you call | you call | you call | you call,Kekalkan sense dominan Quranic sebagai gloss lalai. Alternate hanya jika konteks memaksa.
2147,ٱلصَّـٰلِحَٰتِ,57,kebajikan/saleh,29,saleh,3,kebajikan/saleh,kebaikan | kebajikan | shaleh,outside_policy,51.60,11:11:5 | 11:23:5 | 85:11:5,the good deeds | good deeds | the righteous deeds,Kekalkan sense dominan Quranic sebagai gloss lalai. Alternate hanya jika konteks memaksa.
2148,لَّا,131,tidak,103,tidak kuasa,1,tidak,,outside_policy | annotative_expansion,51.59,27:37:5,not,Kekalkan sense dominan Quranic sebagai gloss lalai. Alternate hanya jika konteks memaksa.
2149,وَإِنَّهُۥ,24,dan sesungguhnya ia,6,dan sesungguhnya ia/Al Qur'an,1,dan sesungguhnya ia,dan sesungguhnya dia | dan sesungguhnya ia (Al Qur'an),outside_policy | slash_gloss | long_gloss | annotative_expansion,51.50,43:4:1,"And indeed, it",Kekalkan sense dominan Quranic sebagai gloss lalai. Alternate hanya jika konteks memaksa.
2150,بِكُلِّ,33,dengan segala,17,dengan segala macam,1,dengan segala,dengan/terhadap segala,outside_policy | long_gloss | annotative_expansion,51.45,44:55:3,for every (kind),Kekalkan sense dominan Quranic sebagai gloss lalai. Alternate hanya jika konteks memaksa.
2151,بِكُلِّ,33,dengan segala,17,dengan segala/semua,1,dengan segala,dengan/terhadap segala,outside_policy | slash_gloss | annotative_expansion,51.45,57:3:7,(is) of every,Kekalkan sense dominan Quranic sebagai gloss lalai. Alternate hanya jika konteks memaksa.
2152,بِكُلِّ,33,dengan segala,17,dengan segala/tiap-tiap,1,dengan segala,dengan/terhadap segala,outside_policy | slash_gloss | annotative_expansion,51.45,33:54:9,of all,Kekalkan sense dominan Quranic sebagai gloss lalai. Alternate hanya jika konteks memaksa.
2153,هَٰذَا,146,ini,136,ini (orang),2,ini,,outside_policy | parenthetical | annotative_expansion,51.45,17:62:3 | 28:15:12,this | this,Kekalkan sense dominan Quranic sebagai gloss lalai. Alternate hanya jika konteks memaksa.
2154,فِي,1098,dalam,380,pada/di,5,dalam,di | di dalam | pada | tentang,outside_policy | slash_gloss,51.38,6:13:4 | 12:80:22 | 35:43:2 | 35:44:3 | 35:44:22,in | concerning | in | in | in,Gunakan `dalam` sebagai default. Tukar kepada `pada` atau `tentang` hanya jika binaan jelas menuntut bacaan tempat atau topik.
2155,ٱلنَّارِ,53,neraka,35,api,7,neraka,,outside_policy,51.38,13:17:16 | 20:10:17 | 27:8:8 | 28:29:25 | 39:16:6,the fire | the fire | the fire | the fire | the Fire,Kekalkan sense dominan Quranic sebagai gloss lalai. Alternate hanya jika konteks memaksa.
2156,ٱلنَّاسُ,42,manusia,39,manusia/orang-orang,2,manusia,,outside_policy | slash_gloss | annotative_expansion,51.36,2:199:6 | 8:26:11,the people | the men,Kekalkan sense dominan Quranic sebagai gloss lalai. Alternate hanya jika konteks memaksa.
2157,ذَا,16,mempunyai,8,memiliki,3,mempunyai,,outside_policy,51.33,5:106:42 | 30:38:2 | 35:18:17,(of) | the relative | near of kin,Kekalkan sense dominan Quranic sebagai gloss lalai. Alternate hanya jika konteks memaksa.
2158,لَّهُۥ,30,baginya,15,kepada-Nya,3,baginya,,outside_policy,51.33,2:116:13 | 30:26:7 | 39:14:5,to Him | to Him | to Him,Kekalkan sense dominan Quranic sebagai gloss lalai. Alternate hanya jika konteks memaksa.
2159,لَّهُۥ,30,baginya,15,kepunyaan-Nya,3,baginya,,outside_policy,51.33,2:255:13 | 22:64:1 | 39:44:5,To Him (belongs) | For Him | For Him,Kekalkan sense dominan Quranic sebagai gloss lalai. Alternate hanya jika konteks memaksa.
2160,ٱلۡفَوۡزُ,16,keuntungan,8,kemenangan,3,keuntungan,,outside_policy,51.33,9:89:12 | 9:100:24 | 10:64:14,(is) the success | (is) the success | the success,Kekalkan sense dominan Quranic sebagai gloss lalai. Alternate hanya jika konteks memaksa.
2161,وَمَن,183,dan barang siapa,104,dan orang-orang,4,dan barang siapa,dan barangsiapa | dan orang | dan siapa,outside_policy,51.30,10:73:3 | 26:65:3 | 47:38:11 | 69:9:3,and (those) who | and who | and whoever | and (those),Defaultkan kepada bentuk syarat yang stabil bila konteks memberi maksud umum.
2162,شَيۡءٍ,53,sesuatu,49,sesuatu/sedikitpun,2,sesuatu,,outside_policy | slash_gloss | annotative_expansion,51.24,3:28:16 | 46:26:21,anything | thing,Kekalkan sense dominan Quranic sebagai gloss lalai. Alternate hanya jika konteks memaksa.
2163,ذَٰلِكَ,264,demikian itu,131,itulah,3,demikian itu,demikian | demikian/itu,outside_policy,51.22,2:232:15 | 57:12:19 | 57:21:16,That | That | That,Kekalkan sense dominan Quranic sebagai gloss lalai. Alternate hanya jika konteks memaksa.
2164,عَذَابٗا,23,azab,13,seksa,4,azab,,outside_policy,51.21,3:56:5 | 4:37:14 | 4:102:61 | 4:151:7,(with) a punishment | a punishment | a punishment | a punishment,Kekalkan sense dominan Quranic sebagai gloss lalai. Alternate hanya jika konteks memaksa.
2165,ٱلۡعَذَابَ,23,azab,13,seksaan,4,azab,,outside_policy,51.21,7:39:11 | 10:70:9 | 10:88:28 | 10:97:7,the punishment | the punishment | the punishment  | the punishment ,Kekalkan sense dominan Quranic sebagai gloss lalai. Alternate hanya jika konteks memaksa.
2166,إِلَىٰ,211,kepada,157,sampai,29,kepada,,outside_policy,51.18,2:36:18 | 2:280:6 | 3:154:61 | 5:14:17 | 7:14:3,for | until | towards | till | till,Gunakan gloss dominan Quranic sebagai default. Override hanya bila struktur sintaks jelas memaksa makna lain.
2167,لَا,616,tidak,476,tidakkah,1,tidak,jangan | janganlah | tidak ada,outside_policy | annotative_expansion,51.18,16:18:5,not,Bezakan nafi dan larangan dari binaan fi'il; `tidak` kekal default.
2168,أَنَّهُۥ,17,bahawasanya,6,bahawa sesungguhnya,2,bahawasanya,,outside_policy,51.09,22:4:3 | 47:19:2,that he | that [He] ,Kekalkan sense dominan Quranic sebagai gloss lalai. Alternate hanya jika konteks memaksa.
2169,تَذَكَّرُونَ,17,kamu mengambil pelajaran,5,kamu ingat,4,kamu mengambil pelajaran,,outside_policy | entity_or_pronoun_shift,51.07,6:152:35 | 23:85:5 | 24:27:18 | 51:49:7,remember | you remember | pay heed | remember,Kekalkan sense dominan Quranic sebagai gloss lalai. Alternate hanya jika konteks memaksa.
2170,ٱلۡحَقُّ,37,kebenaran,13,yang benar,2,kebenaran,benar | hak,outside_policy,51.04,7:118:2 | 24:25:10,the truth | (is) the Truth,Kekalkan sense dominan Quranic sebagai gloss lalai. Alternate hanya jika konteks memaksa.
2171,عَذَابَ,37,azab,24,seksaan,7,azab,,outside_policy,51.03,6:93:37 | 7:59:18 | 8:50:12 | 10:52:6 | 10:98:14,(with) punishment | punishment | (the) punishment | punishment | (the) punishment,Kekalkan sense dominan Quranic sebagai gloss lalai. Alternate hanya jika konteks memaksa.
2172,أَعۡمَٰلَهُمۡ,15,amal perbuatan mereka,5,perbuatan mereka,5,amal perbuatan mereka,,outside_policy | entity_or_pronoun_shift,51.00,16:63:11 | 27:24:11 | 29:38:11 | 47:8:6 | 47:9:8,their deeds | their deeds | their deeds | their deeds | their deeds,Kekalkan sense dominan Quranic sebagai gloss lalai. Alternate hanya jika konteks memaksa.
2173,أَنِ,20,agar,7,maka,2,agar,,outside_policy,51.00,16:36:7 | 38:6:4,that | that,Kekalkan sense dominan Quranic sebagai gloss lalai. Alternate hanya jika konteks memaksa.
2174,أَنِ,20,agar,7,sesungguhnya,2,agar,,outside_policy,51.00,27:45:7 | 68:22:1,that | That,Kekalkan sense dominan Quranic sebagai gloss lalai. Alternate hanya jika konteks memaksa.
2175,إِلَيۡهِ,66,kepada-Nya,33,kepadanya (Baitullah),1,kepada-Nya,,outside_policy | parenthetical | annotative_expansion,51.00,3:97:17,to [it],Kekalkan sense dominan Quranic sebagai gloss lalai. Alternate hanya jika konteks memaksa.
2176,إِلَيۡهِ,66,kepada-Nya,33,kepadanya (bisikan),1,kepada-Nya,,outside_policy | parenthetical | annotative_expansion,51.00,6:113:2,to it,Kekalkan sense dominan Quranic sebagai gloss lalai. Alternate hanya jika konteks memaksa.
2177,إِلَيۡهِ,66,kepada-Nya,33,kepadanya/ke tempatnya,1,kepada-Nya,,outside_policy | slash_gloss | annotative_expansion,51.00,12:69:6,to himself,Kekalkan sense dominan Quranic sebagai gloss lalai. Alternate hanya jika konteks memaksa.
2178,إِلَيۡهِ,66,kepada-Nya,33,kepadanya/tempat itu,1,kepada-Nya,,outside_policy | slash_gloss | annotative_expansion,51.00,28:57:15,to it,Kekalkan sense dominan Quranic sebagai gloss lalai. Alternate hanya jika konteks memaksa.
2179,بَلۡ,96,bahkan,48,bahkan/hanya,1,bahkan,bahkan/tetapi,outside_policy | slash_gloss | annotative_expansion,51.00,12:83:2,Nay,Kekalkan sense dominan Quranic sebagai gloss lalai. Alternate hanya jika konteks memaksa.
2180,بَلۡ,96,bahkan,48,bahkan/silahkan,1,bahkan,bahkan/tetapi,outside_policy | slash_gloss | annotative_expansion,51.00,20:66:2,Nay,Kekalkan sense dominan Quranic sebagai gloss lalai. Alternate hanya jika konteks memaksa.
2181,بَلۡ,96,bahkan,48,tetap/bahkan,1,bahkan,bahkan/tetapi,outside_policy | slash_gloss | annotative_expansion,51.00,82:9:2,But,Kekalkan sense dominan Quranic sebagai gloss lalai. Alternate hanya jika konteks memaksa.
2182,ذَا,16,mempunyai,8,mempunyai/yang ada,1,mempunyai,,outside_policy | slash_gloss | annotative_expansion,51.00,23:77:6,of a punishment,Kekalkan sense dominan Quranic sebagai gloss lalai. Alternate hanya jika konteks memaksa.
2183,قَدۡ,118,sesungguhnya,59,sesungguhnya/sungguh-sungguh,1,sesungguhnya,,outside_policy | slash_gloss | annotative_expansion,51.00,20:75:4,verily,Kekalkan sense dominan Quranic sebagai gloss lalai. Alternate hanya jika konteks memaksa.
2184,كَثِيرٗا,38,banyak,19,kebanyakan (manusia),1,banyak,,outside_policy | parenthetical | annotative_expansion,51.00,6:119:21,many,Kekalkan sense dominan Quranic sebagai gloss lalai. Alternate hanya jika konteks memaksa.
2185,كَثِيرٗا,38,banyak,19,kebanyakan/sebagian besar,1,banyak,,outside_policy | slash_gloss | annotative_expansion,51.00,9:34:5,many,Kekalkan sense dominan Quranic sebagai gloss lalai. Alternate hanya jika konteks memaksa.
2186,لَّهُۥ,30,baginya,15,bagi-Nya/milik-Nya,1,baginya,,outside_policy | slash_gloss | annotative_expansion,51.00,4:171:44,To Him (belongs),Kekalkan sense dominan Quranic sebagai gloss lalai. Alternate hanya jika konteks memaksa.
2187,لَّهُۥ,30,baginya,15,baginya (ayah),1,baginya,,outside_policy | parenthetical | annotative_expansion,51.00,2:233:28,(be),Kekalkan sense dominan Quranic sebagai gloss lalai. Alternate hanya jika konteks memaksa.
2188,وَمِنَ,38,dan dari,19,dan dari sebagian,1,dan dari,,outside_policy | long_gloss | annotative_expansion,51.00,34:12:11,And [of],Kekalkan sense dominan Quranic sebagai gloss lalai. Alternate hanya jika konteks memaksa.
2189,يَكُن,24,ada,12,adalah/menjadi,1,ada,,outside_policy | slash_gloss | annotative_expansion,51.00,26:197:2,Is it not,Kekalkan sense dominan Quranic sebagai gloss lalai. Alternate hanya jika konteks memaksa.
2190,ٱلرَّسُولَ,15,Rasul,9,rasul,5,Rasul,,outside_policy,51.00,4:42:6 | 47:32:9 | 47:33:7 | 58:12:6 | 60:1:19,the Messenger | the Messenger | the Messenger | the Messenger | the Messenger,Kekalkan sense dominan Quranic sebagai gloss lalai. Alternate hanya jika konteks memaksa.
2191,ٱلۡفَوۡزُ,16,keuntungan,8,kemenangan/keuntungan,1,keuntungan,,outside_policy | slash_gloss | annotative_expansion,51.00,57:12:21,the success,Kekalkan sense dominan Quranic sebagai gloss lalai. Alternate hanya jika konteks memaksa.
2192,جَهَنَّمَ,46,neraka jahanam,16,Jahanam,2,neraka jahanam,jahanam | neraka Jahanam | neraka Jahannam,outside_policy,50.93,19:68:7 | 78:21:2,Hell | Hell,Kekalkan sense dominan Quranic sebagai gloss lalai. Alternate hanya jika konteks memaksa.
2193,جَهَنَّمَ,46,neraka jahanam,16,Jahannam,2,neraka jahanam,jahanam | neraka Jahanam | neraka Jahannam,outside_policy,50.93,35:36:5 | 72:23:13,(of) Hell | (of) Hell,Kekalkan sense dominan Quranic sebagai gloss lalai. Alternate hanya jika konteks memaksa.
2194,جَهَنَّمَ,46,neraka jahanam,16,neraka jahannam,2,neraka jahanam,jahanam | neraka Jahanam | neraka Jahannam,outside_policy,50.93,38:56:1 | 38:85:2,Hell | Hell,Kekalkan sense dominan Quranic sebagai gloss lalai. Alternate hanya jika konteks memaksa.
2195,غَيۡرَ,39,tidak,9,tidak jauh/tidak lama,1,tidak,bukan | bukan/tidak | selain | tidak/bukan,outside_policy | slash_gloss | long_gloss | annotative_expansion,50.92,27:22:2,not,Kekalkan sense dominan Quranic sebagai gloss lalai. Alternate hanya jika konteks memaksa.
2196,ذَٰلِكَ,264,demikian itu,131,yang demikian/itu,1,demikian itu,demikian | demikian/itu,outside_policy | slash_gloss | annotative_expansion,50.89,100:7:3,that,Kekalkan sense dominan Quranic sebagai gloss lalai. Alternate hanya jika konteks memaksa.
2197,فِي,1098,dalam,380,ada di,2,dalam,di | di dalam | pada | tentang,outside_policy,50.88,53:31:3 | 53:31:6,(is) in | (is) in,Gunakan `dalam` sebagai default. Tukar kepada `pada` atau `tentang` hanya jika binaan jelas menuntut bacaan tempat atau topik.
2198,فِي,1098,dalam,380,kepada,2,dalam,di | di dalam | pada | tentang,outside_policy,50.88,22:27:2 | 43:51:3,to | among,Gunakan `dalam` sebagai default. Tukar kepada `pada` atau `tentang` hanya jika binaan jelas menuntut bacaan tempat atau topik.
2199,ٱلۡيَوۡمَ,33,hari ini,16,hari,3,hari ini,,outside_policy,50.88,2:249:40 | 17:14:5 | 29:36:10,today | today | the Day,Kekalkan sense dominan Quranic sebagai gloss lalai. Alternate hanya jika konteks memaksa.
2200,وَلَن,21,dan tidak,16,dan tidaklah,1,dan tidak,,outside_policy | annotative_expansion,50.86,35:43:22,and never,Kekalkan sense dominan Quranic sebagai gloss lalai. Alternate hanya jika konteks memaksa.
2201,ذُو,25,mempunyai,19,yang mempunyai,1,mempunyai,,outside_policy | annotative_expansion,50.80,40:15:3,Owner (of) the Throne,Kekalkan sense dominan Quranic sebagai gloss lalai. Alternate hanya jika konteks memaksa.
2202,أَرۡسَلۡنَا,41,Kami telah mengutus,14,tidak mengutus,2,Kami telah mengutus,Kami mengutus | Kami utus,outside_policy,50.74,21:25:2 | 25:20:2,We sent | We sent,Kekalkan sense dominan Quranic sebagai gloss lalai. Alternate hanya jika konteks memaksa.
2203,لِمَن,31,bagi siapa,17,bagi orang,4,bagi siapa,,outside_policy,50.70,2:196:60 | 25:11:5 | 42:5:11 | 43:33:8,(is) for (the one) whose | for (those) who | for those | for (one) who,Kekalkan gloss relatif yang stabil; jangan tambah rujukan entiti pada token ini.
2204,بِمَا,253,dengan apa,71,dengan/kepada apa,4,dengan apa,dengan sebab | dengan/terhadap apa | disebabkan | terhadap apa,outside_policy | slash_gloss,50.67,2:171:7 | 5:61:14 | 7:101:14 | 8:72:43,at what | [of] what | in what | of what,Pilih makna instrumental `dengan apa` sebagai default; sebab/kausal hanya bila konteks jelas.
2205,مَّا,162,apa,79,apa (amalan),1,apa,apa yang | tidak | tidak ada,outside_policy | parenthetical | annotative_expansion,50.63,6:88:14,what,Sama seperti `مَا`; pilih gloss nafi hanya jika konteks sintaks memaksa.
2206,مَّا,162,apa,79,apa (nama),1,apa,apa yang | tidak | tidak ada,outside_policy | parenthetical | annotative_expansion,50.63,17:110:8,By whatever (name),Sama seperti `مَا`; pilih gloss nafi hanya jika konteks sintaks memaksa.
2207,مَّا,162,apa,79,apa/dosa-dosa,1,apa,apa yang | tidak | tidak ada,outside_policy | slash_gloss | annotative_expansion,50.63,8:38:8,what,Sama seperti `مَا`; pilih gloss nafi hanya jika konteks sintaks memaksa.
2208,مَّا,162,apa,79,apa/mengapa,1,apa,apa yang | tidak | tidak ada,outside_policy | slash_gloss | annotative_expansion,50.63,4:147:1,What,Sama seperti `مَا`; pilih gloss nafi hanya jika konteks sintaks memaksa.
2209,مَّا,162,apa,79,apa/siapa,1,apa,apa yang | tidak | tidak ada,outside_policy | slash_gloss | annotative_expansion,50.63,6:133:11,(to) whom,Sama seperti `مَا`; pilih gloss nafi hanya jika konteks sintaks memaksa.
2210,كَذَّبَ,21,telah mendustakan,10,ia mendustakan,3,telah mendustakan,,outside_policy,50.62,6:21:9 | 20:48:9 | 25:11:6,rejects | denies | deny,Kekalkan sense dominan Quranic sebagai gloss lalai. Alternate hanya jika konteks memaksa.
2211,وَقَدۡ,40,dan sesungguhnya,26,dan sungguh,8,dan sesungguhnya,,outside_policy,50.62,2:75:5 | 3:40:7 | 4:21:3 | 4:60:20 | 4:140:1,while indeed | and verily | when surely | and surely | And surely,Kekalkan sense dominan Quranic sebagai gloss lalai. Alternate hanya jika konteks memaksa.
2212,كَانَ,323,adalah,157,adalah kamu,1,adalah,ada | menjadi,outside_policy | entity_or_pronoun_shift | annotative_expansion,50.58,33:21:2,is,"Untuk WBW, `adalah` lebih stabil daripada variasi gaya bebas."
2213,كَانَ,323,adalah,157,adalah mereka,1,adalah,ada | menjadi,outside_policy | entity_or_pronoun_shift | annotative_expansion,50.58,7:137:23,used to,"Untuk WBW, `adalah` lebih stabil daripada variasi gaya bebas."
2214,بَيۡنَ,70,antara,34,yang di antara,1,antara,,outside_policy | long_gloss | annotative_expansion,50.57,36:45:6,between,Kekalkan sense dominan Quranic sebagai gloss lalai. Alternate hanya jika konteks memaksa.
2215,وَيَوۡمَ,44,dan pada hari,29,dan hari,9,dan pada hari,,outside_policy,50.55,4:159:10 | 7:163:18 | 9:25:7 | 11:60:6 | 11:99:5,And (on the) Day | and (on the) day | and (on the) day | and (on the) Day | and (on the) Day,Kekalkan sense dominan Quranic sebagai gloss lalai. Alternate hanya jika konteks memaksa.
2216,مَّآ,19,apa,9,belum,3,apa,,outside_policy,50.54,28:46:13 | 32:3:11 | 36:6:3,not | not | not,Kekalkan sense dominan Quranic sebagai gloss lalai. Alternate hanya jika konteks memaksa.
2217,وَرَسُولَهُۥ,19,dan Rasul-Nya,9,dan rasulnya,3,dan Rasul-Nya,,outside_policy,50.54,33:57:5 | 33:71:10 | 58:5:5,and His Messenger | and His Messenger | and His Messenger,Kekalkan sense dominan Quranic sebagai gloss lalai. Alternate hanya jika konteks memaksa.
2218,لَهُ,30,bagi-Nya,10,untuknya,2,bagi-Nya,,outside_policy,50.50,25:69:2 | 34:10:11,for him | for him,Kekalkan sense dominan Quranic sebagai gloss lalai. Alternate hanya jika konteks memaksa.
2219,ٱلۡأَوَّلِينَ,30,orang-orang dahulu,10,ummat-ummat terdahulu,2,orang-orang dahulu,orang-orang terdahulu | terdahulu,outside_policy,50.50,18:55:15 | 43:6:6,(of) the former (people) | the former (people),Kekalkan gloss relatif yang stabil; jangan tambah rujukan entiti pada token ini.
2220,لَهُوَ,17,benar-benar Dia,8,benar-benar ia,3,benar-benar Dia,,outside_policy,50.45,27:16:16 | 37:60:3 | 37:106:3,"surely, it | surely | (was) surely [it]",Kekalkan sense dominan Quranic sebagai gloss lalai. Alternate hanya jika konteks memaksa.
2221,لَهُوَ,17,benar-benar Dia,8,sungguh Dia,3,benar-benar Dia,,outside_policy,50.45,3:62:13 | 22:58:16 | 22:64:10,"surely He | surely, He | surely, He",Kekalkan sense dominan Quranic sebagai gloss lalai. Alternate hanya jika konteks memaksa.
2222,شَيۡءٖ,98,sesuatu,88,sesuatu/macam,2,sesuatu,,outside_policy | slash_gloss | annotative_expansion,50.44,6:99:11 | 28:57:18,thing | things,Kekalkan sense dominan Quranic sebagai gloss lalai. Alternate hanya jika konteks memaksa.
2223,لَمَّا,25,tatkala,12,tatkala/belum,1,tatkala,,outside_policy | slash_gloss | annotative_expansion,50.40,62:3:3,who have not yet,Kekalkan sense dominan Quranic sebagai gloss lalai. Alternate hanya jika konteks memaksa.
2224,مِّمَّا,50,dari apa,24,dari apa(menurut),1,dari apa,dari apa yang | daripada apa,outside_policy | parenthetical | annotative_expansion,50.40,32:5:16,of what,Kekalkan sense dominan Quranic sebagai gloss lalai. Alternate hanya jika konteks memaksa.
2225,مِّمَّا,50,dari apa,24,dari apa/disebabkan,1,dari apa,dari apa yang | daripada apa,outside_policy | slash_gloss | annotative_expansion,50.40,71:25:1,Because of,Kekalkan sense dominan Quranic sebagai gloss lalai. Alternate hanya jika konteks memaksa.
2226,مِّمَّا,50,dari apa,24,dari apa/makhluk,1,dari apa,dari apa yang | daripada apa,outside_policy | slash_gloss | annotative_expansion,50.40,17:51:3,of what,Kekalkan sense dominan Quranic sebagai gloss lalai. Alternate hanya jika konteks memaksa.
2227,إِلَٰهَ,37,Tuhan,25,tuhan,12,Tuhan,,outside_policy,50.35,2:255:3 | 6:102:5 | 9:31:18 | 20:8:3 | 20:14:5,God | god | god | god | god,Kekalkan sense dominan Quranic sebagai gloss lalai. Alternate hanya jika konteks memaksa.
2228,وَأَن,15,dan bahawa,7,dan jika,3,dan bahawa,,outside_policy,50.33,2:280:8 | 4:25:52 | 24:60:17,And if | and that | And that,Kekalkan sense dominan Quranic sebagai gloss lalai. Alternate hanya jika konteks memaksa.
2229,إِلَىٰ,211,kepada,157,kepada Fir'aun,1,kepada,,outside_policy | annotative_expansion,50.32,20:24:2,to,Gunakan gloss dominan Quranic sebagai default. Override hanya bila struktur sintaks jelas memaksa makna lain.
2230,خَٰلِدُونَ,24,mereka kekal,15,kekal,7,mereka kekal,,outside_policy,50.32,2:25:34 | 2:39:10 | 9:17:18 | 10:26:16 | 10:27:27,(will) abide forever | (will) abide forever | (will) abide forever | (will) abide forever | (will) abide forever,Kekalkan sense dominan Quranic sebagai gloss lalai. Alternate hanya jika konteks memaksa.
2231,إِلَّآ,100,kecuali,69,melainkan,16,kecuali,,outside_policy,50.26,2:267:21 | 2:269:14 | 3:7:44 | 3:69:10 | 14:22:19,except | except | except | except | except,Kekalkan sense dominan Quranic sebagai gloss lalai. Alternate hanya jika konteks memaksa.
2232,لَّمۡ,74,tidak,66,tidak/belum,2,tidak,,outside_policy | slash_gloss | annotative_expansion,50.26,11:68:2 | 11:95:2,not | not,Kekalkan sense dominan Quranic sebagai gloss lalai. Alternate hanya jika konteks memaksa.
2233,فِيهِ,98,di dalamnya,59,ke dalamnya,6,di dalamnya,padanya | tentang itu,outside_policy,50.23,3:49:19 | 15:14:8 | 15:29:4 | 32:9:4 | 38:72:4,into it | therein | into him | into him | into him,Defaultkan kepada lokasi `di dalamnya`; gunakan `padanya` atau `tentang itu` hanya dalam binaan yang jelas.
2234,خَلَقَ,57,menciptakan,27,Dia telah menciptakan,1,menciptakan,Dia menciptakan | telah menciptakan,outside_policy | long_gloss | annotative_expansion,50.21,55:3:1,He created,Kekalkan sense dominan Quranic sebagai gloss lalai. Alternate hanya jika konteks memaksa.
2235,خَلَقَ,57,menciptakan,27,yang telah menciptakan,1,menciptakan,Dia menciptakan | telah menciptakan,outside_policy | long_gloss | annotative_expansion,50.21,26:166:3,created,Kekalkan sense dominan Quranic sebagai gloss lalai. Alternate hanya jika konteks memaksa.
2236,تِلۡكَ,26,itulah,12,ini,3,itulah,,outside_policy,50.18,13:1:2 | 28:2:1 | 10:1:2,These | These | These,Kekalkan sense dominan Quranic sebagai gloss lalai. Alternate hanya jika konteks memaksa.
2237,تِلۡكَ,26,itulah,12,inilah,3,itulah,,outside_policy,50.18,26:2:1 | 27:1:2 | 31:2:1,These | These | These,Kekalkan sense dominan Quranic sebagai gloss lalai. Alternate hanya jika konteks memaksa.
2238,وَلَٰكِن,51,akan tetapi,35,tetapi,16,akan tetapi,,outside_policy,50.15,2:225:7 | 2:235:18 | 5:89:7 | 7:79:11 | 7:160:40,[and] but | [and] but | but | but | but,Kekalkan sense dominan Quranic sebagai gloss lalai. Alternate hanya jika konteks memaksa.
2239,جَنَّـٰتٖ,37,syurga,17,taman-taman,3,syurga,,outside_policy,50.12,26:57:3 | 44:25:4 | 44:52:2,gardens | gardens | gardens,Kekalkan sense dominan Quranic sebagai gloss lalai. Alternate hanya jika konteks memaksa.
2240,فِيهِۚ,17,di dalamnya,8,di dalamnya/padanya,1,di dalamnya,,outside_policy | slash_gloss | annotative_expansion,50.12,16:124:7,in it,Kekalkan sense dominan Quranic sebagai gloss lalai. Alternate hanya jika konteks memaksa.
2241,ٱلۡأٓيَٰتِ,25,ayat-ayat,8,keterangan-keterangan,2,ayat-ayat,ayat-ayat itu | ayat-ayat/tanda-tanda | tanda-tanda,outside_policy,50.10,5:75:21 | 57:17:11,the Signs | the Signs,Kekalkan sense dominan Quranic sebagai gloss lalai. Alternate hanya jika konteks memaksa.
2242,إِنۡ,91,jika,29,tak lain,2,jika,tidak | tidak lain | tidaklah,outside_policy,50.06,34:46:16 | 34:47:8,Not | Not,"Bezakan bentuk syarat dan nafi berdasarkan konteks, tetapi kekalkan gloss stabil apabila ragu."
2243,خَيۡرٗا,30,lebih baik,17,baik,5,lebih baik,,outside_policy,50.00,3:180:11 | 24:12:8 | 46:11:8 | 64:16:8 | 73:20:70,(is) good | good of themselves | good | (it is) better | (will be) better,Kekalkan sense dominan Quranic sebagai gloss lalai. Alternate hanya jika konteks memaksa.
2244,خَيۡرٗا,30,lebih baik,17,kebaikan,5,lebih baik,,outside_policy,50.00,2:158:20 | 4:19:33 | 8:23:5 | 8:70:14 | 99:7:5,good | good | any good | any good | good,Kekalkan sense dominan Quranic sebagai gloss lalai. Alternate hanya jika konteks memaksa.
2245,مِنۡهُ,45,daripadanya,33,sebagian daripadanya,1,daripadanya,,outside_policy | annotative_expansion,50.00,16:75:17,from it,Kekalkan sense dominan Quranic sebagai gloss lalai. Alternate hanya jika konteks memaksa.
2246,وَمَا,507,dan tidak,231,dan bukanlah,3,dan apa,dan apa yang | dan tidak | dan tidak ada | dan tidaklah,outside_policy,50.00,2:8:9 | 6:69:1 | 8:34:11,but not | And not | while not,Pisahkan antara sambungan `dan apa` dan bentuk nafi `dan tidak` mengikut binaan.
2247,يَسۡتَطِيعُونَ,15,mereka dapat,3,mereka dapat/sanggup,1,mereka dapat,,outside_policy | slash_gloss | entity_or_pronoun_shift | annotative_expansion,50.00,18:101:10,able,Kekalkan sense dominan Quranic sebagai gloss lalai. Alternate hanya jika konteks memaksa.
2248,ٱلنَّارِۖ,15,neraka,11,apai neraka,1,neraka,,outside_policy | annotative_expansion,50.00,7:38:34,the Fire,Kekalkan sense dominan Quranic sebagai gloss lalai. Alternate hanya jika konteks memaksa.
2249,ٱلنَّارِۖ,15,neraka,11,api neraka,1,neraka,,outside_policy | annotative_expansion,50.00,28:41:5,the Fire,Kekalkan sense dominan Quranic sebagai gloss lalai. Alternate hanya jika konteks memaksa.
2250,لَيۡسَ,38,tidak,12,bukan,2,tidak,tidak ada | tidak/bukan,outside_policy,49.97,5:116:24 | 22:10:7,not | is not,Kekalkan sense dominan Quranic sebagai gloss lalai. Alternate hanya jika konteks memaksa.
2251,عَذَابٗا,23,azab,13,seksaan,5,azab,,outside_policy,49.96,5:115:12 | 7:38:31 | 16:88:8 | 20:71:25 | 27:21:2,(with) a punishment | punishment | (in) punishment | (in) punishment | (with) a punishment,Kekalkan sense dominan Quranic sebagai gloss lalai. Alternate hanya jika konteks memaksa.
2252,فَقَدۡ,50,maka sesungguhnya,34,maka sungguh,16,maka sesungguhnya,,outside_policy,49.96,2:108:15 | 2:231:18 | 2:269:8 | 3:101:13 | 3:143:9,so certainly | then indeed | then certainly | then surely | then indeed,Kekalkan sense dominan Quranic sebagai gloss lalai. Alternate hanya jika konteks memaksa.
2253,خَيۡرٞ,59,lebih baik,52,lebih baik/utama,2,lebih baik,,outside_policy | slash_gloss | annotative_expansion,49.94,4:59:26 | 17:35:9,(is) best | (is) good,Kekalkan sense dominan Quranic sebagai gloss lalai. Alternate hanya jika konteks memaksa.
2254,وَكَانَ,84,dan adalah,74,dan adalah ia,2,dan adalah,,outside_policy | long_gloss | annotative_expansion,49.93,11:42:10 | 38:74:4,and he was | and became,Kekalkan sense dominan Quranic sebagai gloss lalai. Alternate hanya jika konteks memaksa.
2255,أَلَا,31,ingatlah,14,apakah tidak,3,ingatlah,,outside_policy,49.88,24:22:18 | 26:25:4 | 37:91:5,(Do) not | Do not | Do not,Kekalkan sense dominan Quranic sebagai gloss lalai. Alternate hanya jika konteks memaksa.
2256,عَنِ,70,dari,51,daripada,1,dari,,outside_policy | annotative_expansion,49.86,26:212:2,from,Kekalkan sense dominan Quranic sebagai gloss lalai. Alternate hanya jika konteks memaksa.
2257,إِنَّآ,40,sesungguhnya Kami,16,sesungguhnya kami,14,sesungguhnya Kami,,outside_policy | entity_or_pronoun_shift,49.79,5:106:48 | 5:107:23 | 7:125:2 | 9:59:16 | 11:70:14,"Indeed, we | Indeed, we | Indeed, we | Indeed, we | Indeed, we",Kekalkan sense dominan Quranic sebagai gloss lalai. Alternate hanya jika konteks memaksa.
2258,جَنَّـٰتٖ,37,syurga,17,syurga/kebun-kebun,1,syurga,,outside_policy | slash_gloss | annotative_expansion,49.78,54:54:4,gardens,Kekalkan sense dominan Quranic sebagai gloss lalai. Alternate hanya jika konteks memaksa.
2259,وَلَمَّا,29,dan tatkala,13,dan belum,3,dan tatkala,,outside_policy,49.78,3:142:6 | 10:39:7 | 49:14:10,while has not yet | and not | and has not yet,Kekalkan sense dominan Quranic sebagai gloss lalai. Alternate hanya jika konteks memaksa.
2260,ٱلۡكِتَٰبِ,74,Kitab,34,(isi) Kitab,1,Kitab,Al Kitab | kitab,outside_policy | parenthetical | annotative_expansion,49.78,5:15:13,the Scripture,Kekalkan sense dominan Quranic sebagai gloss lalai. Alternate hanya jika konteks memaksa.
2261,قَالَ,407,berkata,78,(MUsa) berkata,1,berkata,(Allah) berfirman | (Musa) berkata | dia berkata,outside_policy | parenthetical | entity_or_pronoun_shift | annotative_expansion,49.75,20:25:1,He said,Kekalkan sense dominan Quranic sebagai gloss lalai. Alternate hanya jika konteks memaksa.
2262,قَالَ,407,berkata,78,(Rasul) berkata/berdo'a,1,berkata,(Allah) berfirman | (Musa) berkata | dia berkata,outside_policy | slash_gloss | parenthetical | annotative_expansion,49.75,23:39:1,He said,Kekalkan sense dominan Quranic sebagai gloss lalai. Alternate hanya jika konteks memaksa.
2263,قَالَ,407,berkata,78,(pengambil air) berkata,1,berkata,(Allah) berfirman | (Musa) berkata | dia berkata,outside_policy | parenthetical | long_gloss | annotative_expansion,49.75,12:19:7,He said,Kekalkan sense dominan Quranic sebagai gloss lalai. Alternate hanya jika konteks memaksa.
2264,قَالَ,407,berkata,78,berkata (yusuf),1,berkata,(Allah) berfirman | (Musa) berkata | dia berkata,outside_policy | parenthetical | entity_or_pronoun_shift | annotative_expansion,49.75,12:55:1,He said,Kekalkan sense dominan Quranic sebagai gloss lalai. Alternate hanya jika konteks memaksa.
2265,قَالَ,407,berkata,78,dia (Fir'aun) berkata,1,berkata,(Allah) berfirman | (Musa) berkata | dia berkata,outside_policy | parenthetical | long_gloss | annotative_expansion,49.75,7:114:1,He said,Kekalkan sense dominan Quranic sebagai gloss lalai. Alternate hanya jika konteks memaksa.
2266,قَالَ,407,berkata,78,dia (Harun) berkata,1,berkata,(Allah) berfirman | (Musa) berkata | dia berkata,outside_policy | parenthetical | long_gloss | annotative_expansion,49.75,7:150:23,He said,Kekalkan sense dominan Quranic sebagai gloss lalai. Alternate hanya jika konteks memaksa.
2267,قَالَ,407,berkata,78,dia (Nuh) berkata,1,berkata,(Allah) berfirman | (Musa) berkata | dia berkata,outside_policy | parenthetical | long_gloss | annotative_expansion,49.75,71:2:1,He said,Kekalkan sense dominan Quranic sebagai gloss lalai. Alternate hanya jika konteks memaksa.
2268,قَالَ,407,berkata,78,ia (Isa) berkata,1,berkata,(Allah) berfirman | (Musa) berkata | dia berkata,outside_policy | parenthetical | long_gloss | annotative_expansion,49.75,5:112:16,He said,Kekalkan sense dominan Quranic sebagai gloss lalai. Alternate hanya jika konteks memaksa.
2269,مَنۡ,72,orang,33,orang(rasul-rasul),1,orang,siapa | siapakah,outside_policy | parenthetical | annotative_expansion,49.75,43:45:2,(those) whom,Kekalkan gloss relatif yang stabil; jangan tambah rujukan entiti pada token ini.
2270,وَفِي,26,dan pada,8,dan untuk,2,dan pada,,outside_policy,49.73,9:60:12 | 83:26:3,and in | And for,Kekalkan sense dominan Quranic sebagai gloss lalai. Alternate hanya jika konteks memaksa.
2271,يَعۡقِلُونَ,21,mereka berakal,4,mereka berakal/memahami,1,mereka berakal,mereka memahami,outside_policy | slash_gloss | entity_or_pronoun_shift | annotative_expansion,49.71,16:12:15,who use reason,Kekalkan sense dominan Quranic sebagai gloss lalai. Alternate hanya jika konteks memaksa.
2272,وَلَمۡ,47,dan tidak,34,dan tidaklah,1,dan tidak,,outside_policy | annotative_expansion,49.70,30:13:1,And not,Kekalkan sense dominan Quranic sebagai gloss lalai. Alternate hanya jika konteks memaksa.
2273,وَمَا,507,dan tidak,231,dan tidak sekali-kali,1,dan apa,dan apa yang | dan tidak | dan tidak ada | dan tidaklah,outside_policy | long_gloss | annotative_expansion,49.67,23:17:6,and not,Pisahkan antara sambungan `dan apa` dan bentuk nafi `dan tidak` mengikut binaan.
2274,وَمَا,507,dan tidak,231,dan tidak/bukanlah,1,dan apa,dan apa yang | dan tidak | dan tidak ada | dan tidaklah,outside_policy | slash_gloss | annotative_expansion,49.67,81:22:1,And not,Pisahkan antara sambungan `dan apa` dan bentuk nafi `dan tidak` mengikut binaan.
2275,مِّنۡهُمۡ,44,di antara mereka,21,dari/di antara mereka,3,di antara mereka,,outside_policy | slash_gloss | long_gloss | entity_or_pronoun_shift | annotative_expansion,49.65,2:146:10 | 4:6:9 | 7:164:4,of them | in them | among them,Kekalkan sense dominan Quranic sebagai gloss lalai. Alternate hanya jika konteks memaksa.
2276,عَن,115,dari,100,dari/dengan,2,dari,,outside_policy | slash_gloss | annotative_expansion,49.59,2:233:37 | 9:120:11,through | after,Kekalkan sense dominan Quranic sebagai gloss lalai. Alternate hanya jika konteks memaksa.
2277,عَن,115,dari,100,dari/kerana,2,dari,,outside_policy | slash_gloss | annotative_expansion,49.59,9:114:7 | 11:53:10,because | on,Kekalkan sense dominan Quranic sebagai gloss lalai. Alternate hanya jika konteks memaksa.
2278,عَن,115,dari,100,dari/terhadap,2,dari,,outside_policy | slash_gloss | annotative_expansion,49.59,7:166:3 | 9:66:9,about | [on],Kekalkan sense dominan Quranic sebagai gloss lalai. Alternate hanya jika konteks memaksa.
2279,أَلَا,31,ingatlah,14,ingatlah/ketahuilah,1,ingatlah,,outside_policy | slash_gloss | annotative_expansion,49.55,9:49:8,Surely,Kekalkan sense dominan Quranic sebagai gloss lalai. Alternate hanya jika konteks memaksa.
2280,أَوۡلِيَآءَ,20,pemimpin,6,penolong,2,pemimpin,pelindung | pelindung-pelindung,outside_policy,49.50,11:113:14 | 17:97:11,protectors | protectors,Kekalkan sense dominan Quranic sebagai gloss lalai. Alternate hanya jika konteks memaksa.
2281,لِي,40,bagiku,12,bagi aku,2,bagiku,aku | kepadaku | untukku,outside_policy,49.50,3:47:5 | 46:8:9,for me | for me,Kekalkan sense dominan Quranic sebagai gloss lalai. Alternate hanya jika konteks memaksa.
2282,لِي,40,bagiku,12,kepada-Ku,2,bagiku,aku | kepadaku | untukku,outside_policy,49.50,2:152:4 | 31:14:14,to Me | to Me,Kekalkan sense dominan Quranic sebagai gloss lalai. Alternate hanya jika konteks memaksa.
2283,يُظۡلَمُونَ,15,mereka dianiaya,9,mereka dianiaya/dirugikan,2,mereka dianiaya,,outside_policy | slash_gloss | entity_or_pronoun_shift | annotative_expansion,49.50,39:69:15 | 45:22:13,will not be wronged | will not be wronged,Kekalkan sense dominan Quranic sebagai gloss lalai. Alternate hanya jika konteks memaksa.
2284,أَنۡ,57,bahawa,25,hendaklah,3,bahawa,agar | supaya | untuk,outside_policy,49.49,16:2:11 | 42:13:18 | 44:18:1,that | To | That,Jangan terlalu cepat tukar kepada gloss tujuan; kekalkan bentuk dasar kecuali konteks jelas.
2285,نَفۡسٖ,16,diri,7,jiwa,3,diri,,outside_policy,49.46,3:185:2 | 21:35:2 | 39:70:3,soul | soul | soul,Kekalkan sense dominan Quranic sebagai gloss lalai. Alternate hanya jika konteks memaksa.
2286,هَـٰٓؤُلَآءِ,38,mereka itu,17,mereka itulah,1,mereka itu,mereka ini,outside_policy | entity_or_pronoun_shift | annotative_expansion,49.42,7:38:28,these,Kekalkan sense dominan Quranic sebagai gloss lalai. Alternate hanya jika konteks memaksa.
2287,يُرِيدُ,38,menghendaki,17,(ia) menghendaki,1,menghendaki,Dia kehendaki,outside_policy | parenthetical | annotative_expansion,49.42,3:152:23,desire,Kekalkan sense dominan Quranic sebagai gloss lalai. Alternate hanya jika konteks memaksa.
2288,يُرِيدُ,38,menghendaki,17,dan tidak Dia menghendaki,1,menghendaki,Dia kehendaki,outside_policy | long_gloss | annotative_expansion,49.42,2:185:33,intends,Kekalkan sense dominan Quranic sebagai gloss lalai. Alternate hanya jika konteks memaksa.
2289,يُرِيدُ,38,menghendaki,17,menghendaki/bermaksud,1,menghendaki,Dia kehendaki,outside_policy | slash_gloss | annotative_expansion,49.42,33:33:17,Allah wishes,Kekalkan sense dominan Quranic sebagai gloss lalai. Alternate hanya jika konteks memaksa.
2290,شَيۡـٔٗا,39,sesuatu,17,sedikitpun,3,sesuatu,sesuatu/sedikitpun,outside_policy,49.41,16:73:13 | 21:66:9 | 53:28:16,[anything] | (in) anything | anything,Kekalkan sense dominan Quranic sebagai gloss lalai. Alternate hanya jika konteks memaksa.
2291,يَقُولُونَ,48,mereka mengatakan,17,mereka katakan,9,mereka mengatakan,,outside_policy | entity_or_pronoun_shift,49.40,5:73:19 | 15:97:7 | 17:42:7 | 17:43:4 | 20:104:4,they are saying | they say | they say | they say | they will say,Kekalkan sense dominan Quranic sebagai gloss lalai. Alternate hanya jika konteks memaksa.
2292,وَعَمِلُواْ,53,dan mereka beramal,23,dan berbuat,3,dan mereka beramal,dan beramal | dan mereka berbuat/beramal,outside_policy,49.35,41:8:4 | 45:21:10 | 45:30:4,and do | and did | and did,Kekalkan sense dominan Quranic sebagai gloss lalai. Alternate hanya jika konteks memaksa.
2293,فَمَن,51,maka barang siapa,32,maka barangsiapa,10,maka barang siapa,,outside_policy,49.32,3:160:9 | 14:36:7 | 17:63:3 | 18:29:5 | 18:110:12,then who | So whoever | and whoever | so whoever | So whoever,Kekalkan gloss relatif yang stabil; jangan tambah rujukan entiti pada token ini.
2294,مَّنۡ,24,orang,12,siapa,4,orang,,outside_policy,49.25,29:61:3 | 43:87:3 | 50:33:1 | 57:10:15,Who | who | Who | (those) who,Kekalkan gloss relatif yang stabil; jangan tambah rujukan entiti pada token ini.
2295,مَّنۡ,24,orang,12,siapakah,4,orang,,outside_policy,49.25,6:46:11 | 31:25:3 | 39:38:3 | 43:9:3,who | Who | who | Who,Kekalkan gloss relatif yang stabil; jangan tambah rujukan entiti pada token ini.
2296,وَأَنَا۠,16,dan aku,8,dan Aku,4,dan aku,,outside_policy,49.25,3:81:30 | 21:92:6 | 23:52:6 | 60:1:36,and I (am) | and I Am | And I Am | but I Am,Kekalkan sense dominan Quranic sebagai gloss lalai. Alternate hanya jika konteks memaksa.
2297,ٱلۡحَقِّ,26,kebenaran,13,yang benar,4,kebenaran,,outside_policy,49.25,7:33:14 | 9:33:7 | 41:15:7 | 61:9:7,[the] right | (of) [the] truth | [the] right | (of) the truth,Kekalkan sense dominan Quranic sebagai gloss lalai. Alternate hanya jika konteks memaksa.
2298,ٱلۡعَظِيمِ,18,yang besar,9,besar,4,yang besar,,outside_policy,49.25,2:105:25 | 37:76:5 | 62:4:10 | 78:2:3,[the] Great | the great | the Great | the Great,Kekalkan sense dominan Quranic sebagai gloss lalai. Alternate hanya jika konteks memaksa.
2299,وَمَآ,131,dan tidak,36,dan aku tidak,5,dan apa,dan apa yang | dan tidak | dan tidaklah,outside_policy | long_gloss,49.24,26:109:1 | 26:145:1 | 26:164:1 | 26:180:1 | 28:27:19,And not | And not | And not | And not | And not,Defaultkan kepada token-faithful gloss; jangan serap makna frasa jiran.
2300,عَلَيۡكَ,50,atasmu,22,atasmu/bagimu,1,atasmu,atasmu/kepadamu | kepadamu,outside_policy | slash_gloss | annotative_expansion,49.20,6:35:4,for you,Kekalkan sense dominan Quranic sebagai gloss lalai. Alternate hanya jika konteks memaksa.
2301,عَلَيۡكَ,50,atasmu,22,atasmu/kewajiban,1,atasmu,atasmu/kepadamu | kepadamu,outside_policy | slash_gloss | annotative_expansion,49.20,13:40:10,on you,Kekalkan sense dominan Quranic sebagai gloss lalai. Alternate hanya jika konteks memaksa.
2302,عَلَيۡكَ,50,atasmu,22,kepadamu/atasmu,1,atasmu,atasmu/kepadamu | kepadamu,outside_policy | slash_gloss | annotative_expansion,49.20,28:3:2,to you,Kekalkan sense dominan Quranic sebagai gloss lalai. Alternate hanya jika konteks memaksa.
2303,أَن,461,bahawa,315,akan,36,bahawa,agar | supaya | untuk,outside_policy,49.19,4:84:13 | 4:90:13 | 4:92:21 | 4:99:4 | 4:101:14,will | that | that | will | that,Gunakan `bahawa` sebagai lalai. Bentuk infinitif/tujuan sahaja patut menggeser kepada `untuk/supaya/agar`.
2304,لَمِنَ,21,sungguh dari/termasuk,9,sungguh termasuk,3,sungguh dari/termasuk,,outside_policy,49.19,12:51:28 | 16:122:8 | 21:59:7,(is) surely of | (he) will surely (be) among | (is) of,Kekalkan sense dominan Quranic sebagai gloss lalai. Alternate hanya jika konteks memaksa.
2305,أَنۡ,57,bahawa,25,bahawa/supaya,1,bahawa,agar | supaya | untuk,outside_policy | slash_gloss | annotative_expansion,49.16,74:15:3,that,Jangan terlalu cepat tukar kepada gloss tujuan; kekalkan bentuk dasar kecuali konteks jelas.
2306,أَنۡ,57,bahawa,25,untuk/bahawa,1,bahawa,agar | supaya | untuk,outside_policy | slash_gloss | annotative_expansion,49.16,39:11:4,that,Jangan terlalu cepat tukar kepada gloss tujuan; kekalkan bentuk dasar kecuali konteks jelas.
2307,حَرَّمَ,17,mengharamkan,10,(Allah) mengharamkan,2,mengharamkan,,outside_policy | parenthetical | entity_or_pronoun_shift | annotative_expansion,49.15,6:143:11 | 6:144:9,He has forbidden | He (has) forbidden,Kekalkan sense dominan Quranic sebagai gloss lalai. Alternate hanya jika konteks memaksa.
2308,دُونِهِۦ,17,selain Dia,10,selain Dia/Allah,2,selain Dia,,outside_policy | slash_gloss | entity_or_pronoun_shift | annotative_expansion,49.15,6:51:12 | 13:14:7,other than Him | besides Him,Kekalkan sense dominan Quranic sebagai gloss lalai. Alternate hanya jika konteks memaksa.
2309,كَفَرَ,16,kafir,7,(manusia) kafir,1,kafir,,outside_policy | parenthetical | annotative_expansion,49.12,59:16:8,he disbelieves,Kekalkan sense dominan Quranic sebagai gloss lalai. Alternate hanya jika konteks memaksa.
2310,كَفَرَ,16,kafir,7,kafir/ingkar,1,kafir,,outside_policy | slash_gloss | annotative_expansion,49.12,5:12:38,disbelieved,Kekalkan sense dominan Quranic sebagai gloss lalai. Alternate hanya jika konteks memaksa.
2311,نَفۡسٖ,16,diri,7,diri/jiwa,1,diri,,outside_policy | slash_gloss | annotative_expansion,49.12,10:30:4,soul,Kekalkan sense dominan Quranic sebagai gloss lalai. Alternate hanya jika konteks memaksa.
2312,نَفۡسٖ,16,diri,7,diri/orang,1,diri,,outside_policy | slash_gloss | annotative_expansion,49.12,14:51:4,soul,Kekalkan sense dominan Quranic sebagai gloss lalai. Alternate hanya jika konteks memaksa.
2313,فَمَا,69,maka tidak,37,maka apa,5,maka tidak,,outside_policy,49.09,2:196:7 | 2:196:41 | 4:24:22 | 12:47:6 | 12:74:2,then (offer) whatever | then (offer) whatever | So what | and that which | Then what,Kekalkan sense dominan Quranic sebagai gloss lalai. Alternate hanya jika konteks memaksa.
2314,فَمَا,69,maka tidak,37,maka apakah,5,maka tidak,,outside_policy,49.09,15:57:2 | 20:95:2 | 37:87:1 | 51:31:2 | 95:7:1,Then what | Then what | Then what | Then what | Then what,Kekalkan sense dominan Quranic sebagai gloss lalai. Alternate hanya jika konteks memaksa.
2315,ٱلَّذِي,216,yang,184,(orang) yang,2,yang,,outside_policy | parenthetical | annotative_expansion,49.06,28:15:23 | 28:18:7,the one who | The one who,Gunakan gloss dominan Quranic sebagai default. Override hanya bila struktur sintaks jelas memaksa makna lain.
2316,إِنَّهُۥ,141,sesungguhnya Dia,61,sesungguhnya dia/Fir'aun,1,sesungguhnya Dia,sesungguhnya | sesungguhnya dia | sesungguhnya ia,outside_policy | slash_gloss | annotative_expansion,48.98,28:4:16,"Indeed, he","Pilih rujukan pronomina mengikut antecedent, tetapi kekalkan penegas `sesungguhnya`."
2317,أَنتَ,55,kamu,36,Engkau,19,kamu,,outside_policy,48.95,2:32:10 | 2:127:12 | 2:128:15 | 2:129:14 | 2:286:44,You | [You] (are) | [You] (are) | You (are) | You (are),Kekalkan sense dominan Quranic sebagai gloss lalai. Alternate hanya jika konteks memaksa.
2318,قَالُوٓاْ,75,mereka berkata,54,mereka berkata/menjawab,3,mereka berkata,,outside_policy | slash_gloss | entity_or_pronoun_shift | annotative_expansion,48.93,7:50:15 | 7:75:18 | 16:24:7,They (will) say | They said | They say,Kekalkan sense dominan Quranic sebagai gloss lalai. Alternate hanya jika konteks memaksa.
2319,بِمَا,253,dengan apa,71,sebab,2,dengan apa,dengan sebab | dengan/terhadap apa | disebabkan | terhadap apa,outside_policy,48.92,43:72:5 | 46:34:16,for what | because,Pilih makna instrumental `dengan apa` sebagai default; sebab/kausal hanya bila konteks jelas.
2320,بِمَا,253,dengan apa,71,tentang apa-apa,2,dengan apa,dengan sebab | dengan/terhadap apa | disebabkan | terhadap apa,outside_policy,48.92,58:6:6 | 58:7:39,of what | of what,Pilih makna instrumental `dengan apa` sebagai default; sebab/kausal hanya bila konteks jelas.
2321,مِنۡهُمۡ,56,di antara mereka,22,dari mereka,22,di antara mereka,,outside_policy | entity_or_pronoun_shift,48.92,2:167:9 | 3:28:20 | 7:136:2 | 8:12:21 | 8:56:3,[from] them | from them | from them | from them | with them,Kekalkan sense dominan Quranic sebagai gloss lalai. Alternate hanya jika konteks memaksa.
2322,لَمۡ,89,tidak,62,Dia tidak,1,tidak,,outside_policy | annotative_expansion,48.90,17:111:5,has not taken,Kekalkan sense dominan Quranic sebagai gloss lalai. Alternate hanya jika konteks memaksa.
2323,لَمۡ,89,tidak,62,aku tidak,1,tidak,,outside_policy | annotative_expansion,48.90,25:28:3,not,Kekalkan sense dominan Quranic sebagai gloss lalai. Alternate hanya jika konteks memaksa.
2324,لَمۡ,89,tidak,62,ia tidak,1,tidak,,outside_policy | annotative_expansion,48.90,24:39:12,not,Kekalkan sense dominan Quranic sebagai gloss lalai. Alternate hanya jika konteks memaksa.
2325,لَمۡ,89,tidak,62,tidak akan,1,tidak,,outside_policy | annotative_expansion,48.90,8:53:4,not,Kekalkan sense dominan Quranic sebagai gloss lalai. Alternate hanya jika konteks memaksa.
2326,لَمۡ,89,tidak,62,tidaklah,1,tidak,,outside_policy | annotative_expansion,48.90,76:1:8,not,Kekalkan sense dominan Quranic sebagai gloss lalai. Alternate hanya jika konteks memaksa.
2327,أَلَّا,43,bahawa tidak,18,janganlah,3,bahawa tidak,bahawa janganlah | untuk tidak,outside_policy,48.89,19:24:4 | 27:31:1 | 41:30:11,That (do) not | That not | (Do) not,Kekalkan sense dominan Quranic sebagai gloss lalai. Alternate hanya jika konteks memaksa.
2328,مَّا,162,apa,79,tidaklah,4,apa,apa yang | tidak | tidak ada,outside_policy,48.88,6:38:13 | 9:47:4 | 18:5:1 | 40:56:15,Not | not | Not | not,Sama seperti `مَا`; pilih gloss nafi hanya jika konteks sintaks memaksa.
2329,عَلَىٰ,347,atas,293,atas/dari,2,atas,,outside_policy | slash_gloss | annotative_expansion,48.83,9:27:7 | 26:109:9,for | from,Gunakan gloss dominan Quranic sebagai default. Override hanya bila struktur sintaks jelas memaksa makna lain.
2330,عَلَىٰ,347,atas,293,atas/dengan,2,atas,,outside_policy | slash_gloss | annotative_expansion,48.83,12:18:2 | 16:59:10,upon | in,Gunakan gloss dominan Quranic sebagai default. Override hanya bila struktur sintaks jelas memaksa makna lain.
2331,ٱلۡغَيۡبِ,18,yang gaib,10,gaib,6,yang gaib,,outside_policy,48.83,3:44:4 | 9:105:11 | 11:49:4 | 12:102:4 | 53:35:3,(of) the unseen  | (of) the unseen | (of) the unseen | (of) the unseen | (of) the unseen,Kekalkan sense dominan Quranic sebagai gloss lalai. Alternate hanya jika konteks memaksa.
2332,بِهِۦ,220,dengannya,122,kepada-Nya,6,dengannya,dengan-Nya | kepadanya | padanya,outside_policy,48.80,2:217:16 | 34:53:3 | 40:7:10 | 46:31:6 | 60:11:20,in Him | in it | in Him | in him | [in Him],Defaultkan kepada `dengannya`; jangan serap keseluruhan klausa ke dalam token ini.
2333,ٱلۡيَوۡمَ,33,hari ini,16,pada hari,4,hari ini,,outside_policy,48.80,8:48:10 | 40:17:1 | 45:28:10 | 45:34:2,today | This Day | Today | Today,Kekalkan sense dominan Quranic sebagai gloss lalai. Alternate hanya jika konteks memaksa.
2334,كَذَٰلِكَ,79,demikianlah,50,seperti demikian,14,demikianlah,,outside_policy,48.77,2:113:16 | 2:118:11 | 7:58:13 | 10:13:14 | 10:103:6,Like that | Like that | Thus | Thus | Thus,Kekalkan sense dominan Quranic sebagai gloss lalai. Alternate hanya jika konteks memaksa.
2335,وَمَآ,131,dan tidak,36,dan apa-apa,2,dan apa,dan apa yang | dan tidak | dan tidaklah,outside_policy,48.74,2:173:8 | 59:6:1,and what | And what,Defaultkan kepada token-faithful gloss; jangan serap makna frasa jiran.
2336,إِنَّا,115,sesungguhnya kami,60,sesungguhnya,5,sesungguhnya kami,,outside_policy,48.65,7:60:5 | 33:72:1 | 38:26:2 | 60:4:13 | 73:5:1,"Indeed, we | Indeed, We | Indeed, We | Indeed, we | Indeed, We",Kekalkan sense dominan Quranic sebagai gloss lalai. Alternate hanya jika konteks memaksa.
2337,لَهُۥٓ,19,baginya,8,baginya/padanya,1,baginya,,outside_policy | slash_gloss | annotative_expansion,48.63,6:17:7,of it,Kekalkan sense dominan Quranic sebagai gloss lalai. Alternate hanya jika konteks memaksa.
2338,مِن,728,dari,711,dari/sebagian,3,dari,,outside_policy | slash_gloss | annotative_expansion,48.63,9:75:7 | 12:41:13 | 17:66:9,of | from | of,Gunakan gloss dominan Quranic sebagai default. Override hanya bila struktur sintaks jelas memaksa makna lain.
2339,أَوَّلَ,16,pertama,11,pertama kali,1,pertama,,outside_policy | annotative_expansion,48.62,2:41:9,(the) first,Kekalkan sense dominan Quranic sebagai gloss lalai. Alternate hanya jika konteks memaksa.
2340,لِمَن,31,bagi siapa,17,kepada siapa,6,bagi siapa,,outside_policy,48.62,2:284:19 | 3:129:9 | 17:30:5 | 42:49:9 | 42:49:13,[to] whom | [for] whom | for whom | to whom | to whom,Kekalkan gloss relatif yang stabil; jangan tambah rujukan entiti pada token ini.
2341,قَالَتۡ,22,ia berkata,9,berkata,3,ia berkata,,outside_policy,48.61,7:164:2 | 14:11:1 | 28:26:1,said | Said | Said,Kekalkan sense dominan Quranic sebagai gloss lalai. Alternate hanya jika konteks memaksa.
2342,فَأُوْلَـٰٓئِكَ,46,maka mereka itu,39,maka mereka itulah,6,maka mereka itu,,outside_policy | long_gloss | entity_or_pronoun_shift | annotative_expansion,48.60,2:81:8 | 2:121:13 | 2:160:6 | 2:229:44 | 7:178:8,[so] those | then those | Then those | then those  | then those,Kekalkan sense dominan Quranic sebagai gloss lalai. Alternate hanya jika konteks memaksa.
2343,أَلَّا,43,bahawa tidak,18,bahawa tidak akan,1,bahawa tidak,bahawa janganlah | untuk tidak,outside_policy | long_gloss | annotative_expansion,48.56,5:71:2,that not,Kekalkan sense dominan Quranic sebagai gloss lalai. Alternate hanya jika konteks memaksa.
2344,إِلَىٰٓ,54,kepada,34,sampai,15,kepada,,outside_policy,48.56,2:282:7 | 2:282:85 | 4:77:35 | 11:3:10 | 14:10:15,for | for | to | for | for,Kekalkan sense dominan Quranic sebagai gloss lalai. Alternate hanya jika konteks memaksa.
2345,أَنَّ,99,bahawasanya,56,bahawa sesungguhnya,7,bahawasanya,bahawa | sesungguhnya,outside_policy,48.54,7:75:13 | 8:24:12 | 9:3:10 | 9:36:33 | 9:78:3,that | that | that | that | that,Kekalkan sense dominan Quranic sebagai gloss lalai. Alternate hanya jika konteks memaksa.
2346,أَنَّ,99,bahawasanya,56,sekiranya,7,bahawasanya,bahawa | sesungguhnya,outside_policy,48.54,5:65:2 | 6:58:3 | 13:31:2 | 37:168:2 | 39:47:2,that | that | that was | that | And if,Kekalkan sense dominan Quranic sebagai gloss lalai. Alternate hanya jika konteks memaksa.
2347,فَلَمَّآ,21,maka setelah,10,maka ketika,4,maka setelah,,outside_policy,48.54,6:76:10 | 6:77:8 | 6:78:10 | 7:155:7,But when | But when | But when | Then when,Kekalkan sense dominan Quranic sebagai gloss lalai. Alternate hanya jika konteks memaksa.
2348,كَذَّبَ,21,telah mendustakan,10,dia mendustakan,4,telah mendustakan,,outside_policy,48.54,7:37:9 | 10:17:9 | 29:68:9 | 75:32:2,denies | denies | denies | he denied,Kekalkan sense dominan Quranic sebagai gloss lalai. Alternate hanya jika konteks memaksa.
2349,كَذَّبَ,21,telah mendustakan,10,mendustakan,4,telah mendustakan,,outside_policy,48.54,6:157:21 | 17:59:8 | 92:16:2 | 96:13:3,denies | denied | denied | he denies,Kekalkan sense dominan Quranic sebagai gloss lalai. Alternate hanya jika konteks memaksa.
2350,فَلَن,19,maka tidak,13,maka tidaklah,1,maka tidak,,outside_policy | annotative_expansion,48.53,35:43:17,But never,Kekalkan sense dominan Quranic sebagai gloss lalai. Alternate hanya jika konteks memaksa.
2351,كُلُّ,46,tiap-tiap,26,setiap,7,tiap-tiap,,outside_policy,48.53,13:42:12 | 19:93:2 | 45:28:5 | 50:21:2 | 70:38:2,every | all | Every | every | every,Kekalkan sense dominan Quranic sebagai gloss lalai. Alternate hanya jika konteks memaksa.
2352,لَن,36,tidak,15,kamu tidak,1,tidak,,outside_policy | entity_or_pronoun_shift | annotative_expansion,48.50,17:37:7,will never,Kekalkan sense dominan Quranic sebagai gloss lalai. Alternate hanya jika konteks memaksa.
2353,لَن,36,tidak,15,mereka tidak,1,tidak,,outside_policy | entity_or_pronoun_shift | annotative_expansion,48.50,22:73:13,will never,Kekalkan sense dominan Quranic sebagai gloss lalai. Alternate hanya jika konteks memaksa.
2354,مُّسۡتَقِيمٖ,19,yang lurus,11,lurus,8,yang lurus,,outside_policy,48.49,2:142:21 | 5:16:18 | 16:76:29 | 16:121:7 | 23:73:5,straight | (the) straight | straight | straight | Straight,Kekalkan sense dominan Quranic sebagai gloss lalai. Alternate hanya jika konteks memaksa.
2355,خَلَقَ,57,menciptakan,27,Dia ciptakan,4,menciptakan,Dia menciptakan | telah menciptakan,outside_policy,48.46,16:81:5 | 23:91:16 | 67:14:4 | 113:2:4,He created | he created | created | He created,Kekalkan sense dominan Quranic sebagai gloss lalai. Alternate hanya jika konteks memaksa.
2356,ٱلۡمُرۡسَلِينَ,24,para Rasul,13,para rasul,6,para Rasul,,outside_policy,48.42,18:56:3 | 26:21:11 | 26:141:3 | 26:160:4 | 26:176:4,the Messengers | the Messengers | the Messengers | the Messengers | the Messengers,Kekalkan sense dominan Quranic sebagai gloss lalai. Alternate hanya jika konteks memaksa.
2357,يَكُونَ,17,adalah,7,adalah ia/menjadi,1,adalah,,outside_policy | slash_gloss | annotative_expansion,48.35,4:172:5,be,Kekalkan sense dominan Quranic sebagai gloss lalai. Alternate hanya jika konteks memaksa.
2358,يَكُونَ,17,adalah,7,adalah mereka,1,adalah,,outside_policy | entity_or_pronoun_shift | annotative_expansion,48.35,33:36:12,(there) should be,Kekalkan sense dominan Quranic sebagai gloss lalai. Alternate hanya jika konteks memaksa.
2359,فِيهَا,183,di dalamnya,128,di dalamnya (bumi),3,di dalamnya,ke dalamnya | padanya,outside_policy | parenthetical | long_gloss | annotative_expansion,48.32,7:25:2 | 21:31:9 | 41:10:2,In it | therein | therein,Kekalkan gloss lokatif sebagai default.
2360,فِيهَا,183,di dalamnya,128,di dalamnya (negeri itu),3,di dalamnya,ke dalamnya | padanya,outside_policy | parenthetical | long_gloss | annotative_expansion,48.32,17:16:9 | 34:18:11 | 34:18:14,therein | between them | between them,Kekalkan gloss lokatif sebagai default.
2361,فِيهَا,183,di dalamnya,128,di dalamnya (syurga),3,di dalamnya,ke dalamnya | padanya,outside_policy | parenthetical | long_gloss | annotative_expansion,48.32,19:62:3 | 19:62:9 | 25:75:7,therein | therein | therein,Kekalkan gloss lokatif sebagai default.
2362,يَقُولُ,35,berkata,9,mengatakan,2,berkata,Dia berfirman | Dia berkata | dia berkata | ia berkata,outside_policy,48.21,33:4:24 | 72:4:3,says | speak ,Kekalkan sense dominan Quranic sebagai gloss lalai. Alternate hanya jika konteks memaksa.
2363,ٱلۡمُؤۡمِنِينَ,70,orang-orang yang beriman,43,orang-orang mukmin,14,orang-orang yang beriman,,outside_policy,48.21,3:121:6 | 4:95:5 | 4:115:13 | 4:141:35 | 4:146:16,the believers | the believers | (of) the believers | the believers | the believers,Kekalkan gloss relatif yang stabil; jangan tambah rujukan entiti pada token ini.
2364,يَقُولُونَ,48,mereka mengatakan,17,mereka berkata,16,mereka mengatakan,,outside_policy | entity_or_pronoun_shift,48.19,3:7:35 | 3:154:22 | 3:154:41 | 5:52:8 | 5:83:16,they say | saying | They say | saying | They say,Kekalkan sense dominan Quranic sebagai gloss lalai. Alternate hanya jika konteks memaksa.
2365,تَرَ,31,kamu memperhatikan,10,kamu perhatikan,10,kamu memperhatikan,,outside_policy | entity_or_pronoun_shift,48.18,4:49:2 | 4:51:2 | 4:60:2 | 4:77:2 | 14:19:2,you see | you see | you see | you seen | you see,Kekalkan sense dominan Quranic sebagai gloss lalai. Alternate hanya jika konteks memaksa.
2366,بِهِۦ,220,dengannya,122,dengannya (Yusuf),2,dengannya,dengan-Nya | kepadanya | padanya,outside_policy | parenthetical | entity_or_pronoun_shift | annotative_expansion,48.14,12:13:6 | 12:15:3,you should take him | they took him,Defaultkan kepada `dengannya`; jangan serap keseluruhan klausa ke dalam token ini.
2367,بِهِۦ,220,dengannya,122,dengannya (air itu),2,dengannya,dengan-Nya | kepadanya | padanya,outside_policy | parenthetical | long_gloss | annotative_expansion,48.14,6:99:8 | 25:49:2,with it | thereby,Defaultkan kepada `dengannya`; jangan serap keseluruhan klausa ke dalam token ini.
2368,بِهِۦ,220,dengannya,122,dengannya (wanita itu),2,dengannya,dengan-Nya | kepadanya | padanya,outside_policy | parenthetical | long_gloss | annotative_expansion,48.14,4:24:24 | 4:24:34,of it | of it,Defaultkan kepada `dengannya`; jangan serap keseluruhan klausa ke dalam token ini.
2369,أَنَّىٰ,15,bagaimana,10,bagaimanakah,1,bagaimana,,outside_policy | annotative_expansion,48.00,19:8:3,How,Kekalkan sense dominan Quranic sebagai gloss lalai. Alternate hanya jika konteks memaksa.
2370,كُنتُ,15,adalah aku,6,adalah aku/berada,1,adalah aku,,outside_policy | slash_gloss | annotative_expansion,48.00,19:31:5,I am,Kekalkan sense dominan Quranic sebagai gloss lalai. Alternate hanya jika konteks memaksa.
2371,وَإِنَّهُۥ,24,dan sesungguhnya ia,6,dan sesungguhnya,2,dan sesungguhnya ia,dan sesungguhnya dia | dan sesungguhnya ia (Al Qur'an),outside_policy,48.00,2:149:9 | 69:48:1,"And indeed, it | And indeed, it",Kekalkan sense dominan Quranic sebagai gloss lalai. Alternate hanya jika konteks memaksa.
2372,يَدَيۡهِ,15,dua tangannya,6,dua tangannya/depannya,1,dua tangannya,,outside_policy | slash_gloss | annotative_expansion,48.00,13:11:5,(him),Kekalkan sense dominan Quranic sebagai gloss lalai. Alternate hanya jika konteks memaksa.
2373,يَدَيۡهِ,15,dua tangannya,6,kedua tangannya/hadapannya,1,dua tangannya,,outside_policy | slash_gloss | annotative_expansion,48.00,72:27:10,him,Kekalkan sense dominan Quranic sebagai gloss lalai. Alternate hanya jika konteks memaksa.
2374,ٱلسَّبِيلِ,15,jalan,10,dalam perjalanan,1,jalan,,outside_policy | annotative_expansion,48.00,59:7:16,the wayfarer,Kekalkan sense dominan Quranic sebagai gloss lalai. Alternate hanya jika konteks memaksa.
2375,ٱلۡعَظِيمُ,16,yang besar,8,besar,5,yang besar,,outside_policy,48.00,9:72:24 | 9:111:37 | 10:64:15 | 37:60:5 | 61:12:17,great | the great | the great | great | the great,Kekalkan sense dominan Quranic sebagai gloss lalai. Alternate hanya jika konteks memaksa.
2376,وَمَا,507,dan tidak,231,dan bukan,4,dan apa,dan apa yang | dan tidak | dan tidak ada | dan tidaklah,outside_policy,47.92,2:135:12 | 3:78:19 | 8:17:6 | 12:73:10,and not | But not | And not | and not,Pisahkan antara sambungan `dan apa` dan bentuk nafi `dan tidak` mengikut binaan.
2377,وَمَا,507,dan tidak,231,dan mengapa,4,dan apa,dan apa yang | dan tidak | dan tidak ada | dan tidaklah,outside_policy,47.92,2:246:32 | 4:75:1 | 5:84:1 | 14:12:1,And what | And what | And what | And what,Pisahkan antara sambungan `dan apa` dan bentuk nafi `dan tidak` mengikut binaan.
2378,فِي,1098,dalam,380,di/pada,17,dalam,di | di dalam | pada | tentang,outside_policy | slash_gloss,47.85,2:195:2 | 2:220:1 | 2:261:13 | 4:89:14 | 5:26:8,in | Concerning | in | in | in,Gunakan `dalam` sebagai default. Tukar kepada `pada` atau `tentang` hanya jika binaan jelas menuntut bacaan tempat atau topik.
2379,لَآ,48,tidak ada,29,tidak,15,tidak ada,,outside_policy,47.79,2:255:2 | 3:195:5 | 4:143:4 | 5:25:4 | 6:76:13,(there is) no | (will) not | not | (do) not | Not,Kekalkan sense dominan Quranic sebagai gloss lalai. Alternate hanya jika konteks memaksa.
2380,مَا,707,apa,419,tidaklah,13,apa,apa yang | tidak | tidak ada,outside_policy,47.70,21:65:7 | 23:24:7 | 23:33:14 | 30:55:6 | 34:43:7,not | This is not | Not | not | Not,Defaultkan kepada `apa`. Tukar hanya bila sintaks jelas menunjukkan partikel nafi atau kata hubung relatif.
2381,يَكُونُ,18,adalah,7,adalah/jadilah dia,1,adalah,,outside_policy | slash_gloss | annotative_expansion,47.67,2:247:13,can be,Kekalkan sense dominan Quranic sebagai gloss lalai. Alternate hanya jika konteks memaksa.
2382,يَكُونُ,18,adalah,7,adalah/menjadi,1,adalah,,outside_policy | slash_gloss | annotative_expansion,47.67,4:109:16,will be,Kekalkan sense dominan Quranic sebagai gloss lalai. Alternate hanya jika konteks memaksa.
2383,ٱلۡأَرۡضِ,180,bumi,145,(muka) bumi,2,bumi,,outside_policy | parenthetical | annotative_expansion,47.67,9:2:3 | 12:21:19,the land | the land,Kekalkan sense dominan Quranic sebagai gloss lalai. Alternate hanya jika konteks memaksa.
2384,ٱلۡأَرۡضِ,180,bumi,145,bumi/negeri ini,2,bumi,,outside_policy | slash_gloss | annotative_expansion,47.67,12:56:5 | 28:19:26,the land | the earth,Kekalkan sense dominan Quranic sebagai gloss lalai. Alternate hanya jika konteks memaksa.
2385,بِٱلۡبَيِّنَٰتِ,21,dengan keterangan-keterangan,5,dengan bukti-bukti,2,dengan keterangan-keterangan,dengan keterangan yang nyata,outside_policy,47.64,2:92:4 | 7:101:10,with [the] clear signs | with clear proofs,Kekalkan sense dominan Quranic sebagai gloss lalai. Alternate hanya jika konteks memaksa.
2386,مَعَ,49,beserta,19,beserta/bersama-sama,1,beserta,,outside_policy | slash_gloss | annotative_expansion,47.63,4:146:11,with,Kekalkan sense dominan Quranic sebagai gloss lalai. Alternate hanya jika konteks memaksa.
2387,قَالُواْ,171,mereka berkata,139,mereka berkata/menjawab,6,mereka berkata,,outside_policy | slash_gloss | entity_or_pronoun_shift | annotative_expansion,47.55,7:37:29 | 7:44:19 | 14:21:21 | 18:19:10 | 37:29:1,They say | They will say | They will say | They said | They will say,Kekalkan sense dominan Quranic sebagai gloss lalai. Alternate hanya jika konteks memaksa.
2388,ذَٰلِكُمۡ,25,demikian itu,20,yang demikian itu,2,demikian itu,,outside_policy | long_gloss | annotative_expansion,47.50,2:54:16 | 33:53:28,That | that,Kekalkan sense dominan Quranic sebagai gloss lalai. Alternate hanya jika konteks memaksa.
2389,يَشَآءُۚ,35,Dia kehendaki,28,yang Dia kehendaki,2,Dia kehendaki,,outside_policy | long_gloss | annotative_expansion,47.50,24:45:25 | 35:1:18,He wills | He wills,Kekalkan sense dominan Quranic sebagai gloss lalai. Alternate hanya jika konteks memaksa.
2390,يُحِبُّ,39,Dia menyukai,23,menyukai,14,Dia menyukai,,outside_policy,47.48,2:205:13 | 2:276:8 | 3:57:10 | 4:36:28 | 4:107:10,love | love | love | love | love,Kekalkan sense dominan Quranic sebagai gloss lalai. Alternate hanya jika konteks memaksa.
2391,يُؤۡمِنُونَ,86,mereka beriman,53,beriman,26,mereka beriman,,outside_policy,47.45,2:3:2 | 2:4:2 | 4:38:7 | 4:65:4 | 4:162:7,believe | believe | they believe | will they believe | believe,Kekalkan sense dominan Quranic sebagai gloss lalai. Alternate hanya jika konteks memaksa.
2392,لَهُۥ,174,baginya,64,untuknya,3,baginya,bagi-Nya | kepada-Nya | kepadanya,outside_policy,47.37,6:122:6 | 21:82:5 | 34:12:8,for him | for him | for him,Pilih `baginya` sebagai default; guna `kepadanya` hanya jika struktur menuntut arah/penerima.
2393,مُّبِينٖ,25,yang nyata,14,nyata,10,yang nyata,,outside_policy,47.30,11:6:16 | 12:30:18 | 15:79:5 | 36:47:24 | 43:40:11,clear | clear | clear | clear | clear,Kekalkan sense dominan Quranic sebagai gloss lalai. Alternate hanya jika konteks memaksa.
2394,كَانَتۡ,23,adalah,10,ada,4,adalah,,outside_policy,47.29,2:94:3 | 19:28:9 | 36:29:2 | 36:53:2,is | was | it was | it will be,Kekalkan sense dominan Quranic sebagai gloss lalai. Alternate hanya jika konteks memaksa.
2395,نَذِيرٞ,20,seorang pemberi peringatan,11,pemberi peringatan,9,seorang pemberi peringatan,,outside_policy,47.28,7:188:25 | 11:2:8 | 11:25:8 | 26:115:4 | 29:50:15,a warner | a warner | a warner | a warner | a warner,Kekalkan gloss relatif yang stabil; jangan tambah rujukan entiti pada token ini.
2396,ءَامَنَ,25,beriman,16,dia beriman,1,beriman,,outside_policy | annotative_expansion,47.20,2:177:12,believes,Kekalkan sense dominan Quranic sebagai gloss lalai. Alternate hanya jika konteks memaksa.
2397,ءَامَنَ,25,beriman,16,yang beriman,1,beriman,,outside_policy | annotative_expansion,47.20,10:83:2,believed,Kekalkan sense dominan Quranic sebagai gloss lalai. Alternate hanya jika konteks memaksa.
2398,مِّنۡهُ,28,daripadanya,15,daripada-Nya,8,daripadanya,,outside_policy,47.20,3:45:9 | 4:96:2 | 4:175:10 | 9:21:4 | 11:2:7,from Him | from Him | from Himself | from Him | from Him,Kekalkan sense dominan Quranic sebagai gloss lalai. Alternate hanya jika konteks memaksa.
2399,لَهُمۡ,204,bagi mereka,135,bagi mereka mempunyai,3,bagi mereka,,outside_policy | long_gloss | entity_or_pronoun_shift | annotative_expansion,47.19,7:195:6 | 7:195:11 | 7:195:16,for them | for them | for them,Gunakan gloss dominan Quranic sebagai default. Override hanya bila struktur sintaks jelas memaksa makna lain.
2400,رَّبِّ,18,ya Tuhanku,9,Tuhan,6,ya Tuhanku,,outside_policy,47.17,7:61:9 | 7:67:9 | 7:104:7 | 10:37:21 | 32:2:7,(the) Lord | (the) Lord | (the) Lord | (the) Lord | (the) Lord,Kekalkan sense dominan Quranic sebagai gloss lalai. Alternate hanya jika konteks memaksa.
2401,فَقَالَ,27,maka dia berkata,6,maka berkatalah,2,maka dia berkata,lalu dia berkata | maka berkata,outside_policy,47.17,11:27:1 | 23:24:1,So said | But said,Kekalkan sense dominan Quranic sebagai gloss lalai. Alternate hanya jika konteks memaksa.
2402,لِلنَّاسِ,36,bagi manusia,20,kepada manusia,10,bagi manusia,,outside_policy,47.17,2:83:17 | 2:159:13 | 2:187:63 | 2:221:37 | 3:79:12,to [the] people | to the people | for [the] people | for the people | to the people,Kekalkan sense dominan Quranic sebagai gloss lalai. Alternate hanya jika konteks memaksa.
2403,لَّهُۥ,30,baginya,15,bagi-Nya,6,baginya,,outside_policy,47.17,6:101:10 | 17:111:10 | 17:111:16 | 25:2:11 | 39:63:1,for Him | for Him | for Him | for Him | For Him,Kekalkan sense dominan Quranic sebagai gloss lalai. Alternate hanya jika konteks memaksa.
2404,لَهُۥ,174,baginya,64,bagi-Nya (mempunyai),1,baginya,bagi-Nya | kepada-Nya | kepadanya,outside_policy | parenthetical | annotative_expansion,47.03,5:40:5,to Him (belongs),Pilih `baginya` sebagai default; guna `kepadanya` hanya jika struktur menuntut arah/penerima.
2405,لَهُۥ,174,baginya,64,bagi-Nya-lah/memiliki,1,baginya,bagi-Nya | kepada-Nya | kepadanya,outside_policy | slash_gloss | annotative_expansion,47.03,34:1:4,the One to Whom belongs,Pilih `baginya` sebagai default; guna `kepadanya` hanya jika struktur menuntut arah/penerima.
2406,لَهُۥ,174,baginya,64,bagi-Nya/dengan-Nya,1,baginya,bagi-Nya | kepada-Nya | kepadanya,outside_policy | slash_gloss | annotative_expansion,47.03,19:65:11,for Him,Pilih `baginya` sebagai default; guna `kepadanya` hanya jika struktur menuntut arah/penerima.
2407,لَهُۥ,174,baginya,64,baginya (Qabil),1,baginya,bagi-Nya | kepada-Nya | kepadanya,outside_policy | parenthetical | annotative_expansion,47.03,5:30:2,to him,Pilih `baginya` sebagai default; guna `kepadanya` hanya jika struktur menuntut arah/penerima.
2408,لَهُۥ,174,baginya,64,baginya (ayah),1,baginya,bagi-Nya | kepada-Nya | kepadanya,outside_policy | parenthetical | annotative_expansion,47.03,2:233:13,(on) him,Pilih `baginya` sebagai default; guna `kepadanya` hanya jika struktur menuntut arah/penerima.
2409,لَهُۥ,174,baginya,64,baginya (mempunyai),1,baginya,bagi-Nya | kepada-Nya | kepadanya,outside_policy | parenthetical | annotative_expansion,47.03,38:23:4,he has,Pilih `baginya` sebagai default; guna `kepadanya` hanya jika struktur menuntut arah/penerima.
2410,لَهُۥ,174,baginya,64,baginya(air),1,baginya,bagi-Nya | kepada-Nya | kepadanya,outside_policy | parenthetical | annotative_expansion,47.03,18:41:7,to find it,Pilih `baginya` sebagai default; guna `kepadanya` hanya jika struktur menuntut arah/penerima.
2411,لَهُۥ,174,baginya,64,baginya(seseorang),1,baginya,bagi-Nya | kepada-Nya | kepadanya,outside_policy | parenthetical | annotative_expansion,47.03,13:11:1,For him,Pilih `baginya` sebagai default; guna `kepadanya` hanya jika struktur menuntut arah/penerima.
2412,لَهُۥ,174,baginya,64,baginya/ mempunyai,1,baginya,bagi-Nya | kepada-Nya | kepadanya,outside_policy | slash_gloss | annotative_expansion,47.03,2:266:5,for him,Pilih `baginya` sebagai default; guna `kepadanya` hanya jika struktur menuntut arah/penerima.
2413,لَهُۥ,174,baginya,64,baginya/mendapat,1,baginya,bagi-Nya | kepada-Nya | kepadanya,outside_policy | slash_gloss | annotative_expansion,47.03,28:37:12,for him,Pilih `baginya` sebagai default; guna `kepadanya` hanya jika struktur menuntut arah/penerima.
2414,لَهُۥ,174,baginya,64,baginya/padanya,1,baginya,bagi-Nya | kepada-Nya | kepadanya,outside_policy | slash_gloss | annotative_expansion,47.03,20:115:10,in him,Pilih `baginya` sebagai default; guna `kepadanya` hanya jika struktur menuntut arah/penerima.
2415,لَهُۥ,174,baginya,64,baginya/untuknya,1,baginya,bagi-Nya | kepada-Nya | kepadanya,outside_policy | slash_gloss | annotative_expansion,47.03,21:94:11,of it,Pilih `baginya` sebagai default; guna `kepadanya` hanya jika struktur menuntut arah/penerima.
2416,عَٰقِبَةُ,26,akibat/kesudahan,14,akibat,9,akibat/kesudahan,,outside_policy,46.93,3:137:12 | 7:103:15 | 30:9:8 | 30:42:8 | 35:44:8,(the) end | (the) end | (the) end | (the) end | (the) end,Kekalkan sense dominan Quranic sebagai gloss lalai. Alternate hanya jika konteks memaksa.
2417,لَهَا,33,baginya,12,baginya/kepadanya,1,baginya,kepadanya | padanya,outside_policy | slash_gloss | annotative_expansion,46.91,33:30:9,for her,Kekalkan sense dominan Quranic sebagai gloss lalai. Alternate hanya jika konteks memaksa.
2418,ٱلۡمُؤۡمِنُونَ,22,orang-orang yang beriman,12,orang-orang mukmin,10,orang-orang yang beriman,,outside_policy,46.86,3:28:3 | 3:122:12 | 3:160:18 | 5:11:23 | 9:122:3,the believers | the believers | the believers | the believers | (for) the believers,Kekalkan gloss relatif yang stabil; jangan tambah rujukan entiti pada token ini.
2419,فَإِذَا,76,maka apabila,45,maka tiba-tiba,23,maka apabila,,outside_policy,46.85,7:107:3 | 7:108:3 | 7:117:7 | 7:201:10 | 16:4:5,and suddenly | and suddenly | and suddenly | and then | then behold,Kekalkan sense dominan Quranic sebagai gloss lalai. Alternate hanya jika konteks memaksa.
2420,أَنِ,20,agar,7,bahawa,3,agar,,outside_policy,46.83,4:66:5 | 20:39:1 | 26:10:5,that | That | [that],Kekalkan sense dominan Quranic sebagai gloss lalai. Alternate hanya jika konteks memaksa.
2421,أَنِ,20,agar,7,hendaklah,3,agar,,outside_policy,46.83,16:68:5 | 16:123:4 | 71:3:1,[that] | that | That,Kekalkan sense dominan Quranic sebagai gloss lalai. Alternate hanya jika konteks memaksa.
2422,فِيٓ,86,dalam,31,dalam/bersama,1,dalam,di | pada | tentang,outside_policy | slash_gloss | annotative_expansion,46.81,28:45:10,among,Variasi hamzah/waqaf. Kekalkan gloss dasar `dalam` kecuali konteks memaksa bacaan topikal.
2423,فِيٓ,86,dalam,31,dalam/di antara,1,dalam,di | pada | tentang,outside_policy | slash_gloss | annotative_expansion,46.81,20:40:27,with,Variasi hamzah/waqaf. Kekalkan gloss dasar `dalam` kecuali konteks memaksa bacaan topikal.
2424,فِيٓ,86,dalam,31,dalam/pada,1,dalam,di | pada | tentang,outside_policy | slash_gloss | annotative_expansion,46.81,6:158:31,through,Variasi hamzah/waqaf. Kekalkan gloss dasar `dalam` kecuali konteks memaksa bacaan topikal.
2425,فِيٓ,86,dalam,31,dalam/terhadap,1,dalam,di | pada | tentang,outside_policy | slash_gloss | annotative_expansion,46.81,3:186:2,in,Variasi hamzah/waqaf. Kekalkan gloss dasar `dalam` kecuali konteks memaksa bacaan topikal.
2426,فِيٓ,86,dalam,31,dalam/untuk,1,dalam,di | pada | tentang,outside_policy | slash_gloss | annotative_expansion,46.81,4:11:3,concerning,Variasi hamzah/waqaf. Kekalkan gloss dasar `dalam` kecuali konteks memaksa bacaan topikal.
2427,فِيٓ,86,dalam,31,di dalam/pada,1,dalam,di | pada | tentang,outside_policy | slash_gloss | annotative_expansion,46.81,11:31:26,(is) in,Variasi hamzah/waqaf. Kekalkan gloss dasar `dalam` kecuali konteks memaksa bacaan topikal.
2428,إِذۡ,152,ketika,118,ketika/tatkala,2,ketika,,outside_policy | slash_gloss | annotative_expansion,46.79,34:32:11 | 34:33:10,when | when,Kekalkan sense dominan Quranic sebagai gloss lalai. Alternate hanya jika konteks memaksa.
2429,جَنَّـٰتٖ,37,syurga,17,sorga,5,syurga,,outside_policy,46.78,5:12:32 | 14:23:6 | 64:9:17 | 70:35:3 | 74:40:2,(to) gardens | (to) Gardens | (to) Gardens | Gardens | Gardens,Kekalkan sense dominan Quranic sebagai gloss lalai. Alternate hanya jika konteks memaksa.
2430,عَذَابٌ,48,azab,25,seksa,8,azab,,outside_policy,46.75,2:114:29 | 2:174:28 | 2:178:36 | 3:91:19 | 3:105:13,(is) a punishment | (is) a punishment | (is) a punishment | (is) a punishment | (is) a punishment,Kekalkan sense dominan Quranic sebagai gloss lalai. Alternate hanya jika konteks memaksa.
2431,مَنۡ,72,orang,33,barang siapa,5,orang,siapa | siapakah,outside_policy,46.75,2:112:2 | 6:54:15 | 16:97:1 | 40:40:1 | 45:15:1,whoever | who | Whoever | Whoever | Whoever,Kekalkan gloss relatif yang stabil; jangan tambah rujukan entiti pada token ini.
2432,حَيۡثُ,29,di mana saja,6,kemana saja,2,di mana saja,arah | mana saja,outside_policy,46.71,12:56:8 | 38:36:7,where ever | wherever,Kekalkan sense dominan Quranic sebagai gloss lalai. Alternate hanya jika konteks memaksa.
2433,حَيۡثُ,29,di mana saja,6,mana,2,di mana saja,arah | mana saja,outside_policy,46.71,7:27:21 | 65:6:3,where | where,Kekalkan sense dominan Quranic sebagai gloss lalai. Alternate hanya jika konteks memaksa.
2434,حَيۡثُ,29,di mana saja,6,sebagaimana,2,di mana saja,arah | mana saja,outside_policy,46.71,2:35:10 | 15:65:13,(from) wherever | where,Kekalkan sense dominan Quranic sebagai gloss lalai. Alternate hanya jika konteks memaksa.
2435,فَهُوَ,28,maka dia,10,maka dia/itu,1,maka dia,maka Dia | maka itu,outside_policy | slash_gloss | annotative_expansion,46.71,22:30:6,then it,Kekalkan sense dominan Quranic sebagai gloss lalai. Alternate hanya jika konteks memaksa.
2436,بَلۡ,96,bahkan,48,tetapi,7,bahkan,bahkan/tetapi,outside_policy,46.57,24:11:11 | 31:25:12 | 44:9:1 | 46:24:10 | 46:28:10,nay | But | Nay | Nay | Nay,Kekalkan sense dominan Quranic sebagai gloss lalai. Alternate hanya jika konteks memaksa.
2437,ٱلۡحَقِّ,26,kebenaran,13,benar,7,kebenaran,,outside_policy,46.57,3:154:19 | 6:93:45 | 7:146:9 | 14:22:10 | 19:34:6,the truth  | the truth | [the] right | (of) truth | (of) truth,Kekalkan sense dominan Quranic sebagai gloss lalai. Alternate hanya jika konteks memaksa.
2438,مِن,728,dari,711,dari/termasuk,4,dari,,outside_policy | slash_gloss | annotative_expansion,46.55,10:94:17 | 26:85:2 | 27:40:21 | 37:83:2,from | of | (is) from | among,Gunakan gloss dominan Quranic sebagai default. Override hanya bila struktur sintaks jelas memaksa makna lain.
2439,وَإِن,146,dan jika,112,dan jika dia,2,dan jika,,outside_policy | long_gloss | annotative_expansion,46.51,40:28:20 | 40:28:25,And if | and if,Kekalkan sense dominan Quranic sebagai gloss lalai. Alternate hanya jika konteks memaksa.
2440,بِمَا,253,dengan apa,71,dengan/tentang apa,12,dengan apa,dengan sebab | dengan/terhadap apa | disebabkan | terhadap apa,outside_policy | slash_gloss,46.50,2:271:18 | 5:48:48 | 9:64:8 | 10:23:23 | 22:68:6,with what | of what | of what | of what | of what,Pilih makna instrumental `dengan apa` sebagai default; sebab/kausal hanya bila konteks jelas.
2441,ٱلۡأَلۡبَٰبِ,15,yang berakal,3,fikiran,2,yang berakal,akal/fikiran,outside_policy,46.50,38:43:10 | 40:54:4,for those of understanding | (of) understanding,Kekalkan sense dominan Quranic sebagai gloss lalai. Alternate hanya jika konteks memaksa.
2442,ٱلۡقُرۡءَانَ,20,Al-Quran,9,Al-Qur'an,5,Al-Quran,,outside_policy,46.50,17:9:3 | 20:2:4 | 27:6:3 | 28:85:5 | 54:17:3,the Quran | the Quran | the Quran | the Quran | the Quran,Kekalkan sense dominan Quranic sebagai gloss lalai. Alternate hanya jika konteks memaksa.
2443,ذَٰلِكَ,264,demikian itu,131,itu,7,demikian itu,demikian | demikian/itu,outside_policy,46.46,2:2:1 | 3:89:6 | 15:66:3 | 18:23:6 | 23:63:11,That | that | [that] | that | that,Kekalkan sense dominan Quranic sebagai gloss lalai. Alternate hanya jika konteks memaksa.
2444,جَآءَ,57,datang,35,datanglah,1,datang,,outside_policy | annotative_expansion,46.42,9:48:10,came,Kekalkan sense dominan Quranic sebagai gloss lalai. Alternate hanya jika konteks memaksa.
2445,جَآءَ,57,datang,35,dia datang,1,datang,,outside_policy | annotative_expansion,46.42,37:84:2,he came,Kekalkan sense dominan Quranic sebagai gloss lalai. Alternate hanya jika konteks memaksa.
2446,عَذَابٌ,48,azab,25,seksaan,9,azab,,outside_policy,46.40,2:7:11 | 2:10:8 | 2:104:11 | 5:33:33 | 5:36:23,(is) a punishment | (is) a punishment | (is) a punishment | (is) a punishment | (is) a punishment,Kekalkan sense dominan Quranic sebagai gloss lalai. Alternate hanya jika konteks memaksa.
2447,فِي,1098,dalam,380,dalam/bagi,1,dalam,di | di dalam | pada | tentang,outside_policy | slash_gloss | annotative_expansion,46.38,26:84:5,among,Gunakan `dalam` sebagai default. Tukar kepada `pada` atau `tentang` hanya jika binaan jelas menuntut bacaan tempat atau topik.
2448,فِي,1098,dalam,380,dalam/demi,1,dalam,di | di dalam | pada | tentang,outside_policy | slash_gloss | annotative_expansion,46.38,18:104:4,in,Gunakan `dalam` sebagai default. Tukar kepada `pada` atau `tentang` hanya jika binaan jelas menuntut bacaan tempat atau topik.
2449,فِي,1098,dalam,380,dalam/demikian,1,dalam,di | di dalam | pada | tentang,outside_policy | slash_gloss | annotative_expansion,46.38,29:51:10,in,Gunakan `dalam` sebagai default. Tukar kepada `pada` atau `tentang` hanya jika binaan jelas menuntut bacaan tempat atau topik.
2450,فِي,1098,dalam,380,dalam/di antara,1,dalam,di | di dalam | pada | tentang,outside_policy | slash_gloss | annotative_expansion,46.38,23:94:4,among,Gunakan `dalam` sebagai default. Tukar kepada `pada` atau `tentang` hanya jika binaan jelas menuntut bacaan tempat atau topik.
2451,فِي,1098,dalam,380,dalam/kepada,1,dalam,di | di dalam | pada | tentang,outside_policy | slash_gloss | annotative_expansion,46.38,36:68:4,in,Gunakan `dalam` sebagai default. Tukar kepada `pada` atau `tentang` hanya jika binaan jelas menuntut bacaan tempat atau topik.
2452,فِي,1098,dalam,380,dalam/menurut,1,dalam,di | di dalam | pada | tentang,outside_policy | slash_gloss | annotative_expansion,46.38,30:56:8,by,Gunakan `dalam` sebagai default. Tukar kepada `pada` atau `tentang` hanya jika binaan jelas menuntut bacaan tempat atau topik.
2453,فِي,1098,dalam,380,dalam/untuk,1,dalam,di | di dalam | pada | tentang,outside_policy | slash_gloss | annotative_expansion,46.38,2:256:3,in,Gunakan `dalam` sebagai default. Tukar kepada `pada` atau `tentang` hanya jika binaan jelas menuntut bacaan tempat atau topik.
2454,فِي,1098,dalam,380,di dalam/kerana,1,dalam,di | di dalam | pada | tentang,outside_policy | slash_gloss | annotative_expansion,46.38,24:14:10,in,Gunakan `dalam` sebagai default. Tukar kepada `pada` atau `tentang` hanya jika binaan jelas menuntut bacaan tempat atau topik.
2455,فِي,1098,dalam,380,di dalam/menurut,1,dalam,di | di dalam | pada | tentang,outside_policy | slash_gloss | annotative_expansion,46.38,12:76:18,by,Gunakan `dalam` sebagai default. Tukar kepada `pada` atau `tentang` hanya jika binaan jelas menuntut bacaan tempat atau topik.
2456,فِي,1098,dalam,380,di/dalam,1,dalam,di | di dalam | pada | tentang,outside_policy | slash_gloss | annotative_expansion,46.38,14:45:2,in,Gunakan `dalam` sebagai default. Tukar kepada `pada` atau `tentang` hanya jika binaan jelas menuntut bacaan tempat atau topik.
2457,فِي,1098,dalam,380,pada/dalam,1,dalam,di | di dalam | pada | tentang,outside_policy | slash_gloss | annotative_expansion,46.38,59:17:4,(will be) in,Gunakan `dalam` sebagai default. Tukar kepada `pada` atau `tentang` hanya jika binaan jelas menuntut bacaan tempat atau topik.
2458,مَعَهُۥ,19,bersama dia,9,bersamanya,6,bersama dia,,outside_policy,46.38,2:214:22 | 3:146:5 | 5:36:12 | 23:91:8 | 24:62:9,with him | with him | with it | with Him | with him,Kekalkan sense dominan Quranic sebagai gloss lalai. Alternate hanya jika konteks memaksa.
2459,رَبُّ,18,Tuhan,11,Tuhan Pemelihara,1,Tuhan,,outside_policy | annotative_expansion,46.33,23:116:9,(the) Lord,Kekalkan sense dominan Quranic sebagai gloss lalai. Alternate hanya jika konteks memaksa.
2460,لَفِي,27,benar-benar dalam,14,sungguh dalam,9,benar-benar dalam,,outside_policy,46.33,3:164:23 | 11:110:15 | 12:8:13 | 12:95:4 | 13:5:9,"certainly in | surely (are) in | (is) surely in | surely (are) in | (be) indeed, in",Kekalkan sense dominan Quranic sebagai gloss lalai. Alternate hanya jika konteks memaksa.
2461,ذُو,25,mempunyai,19,memiliki/mempunyai,2,mempunyai,,outside_policy | slash_gloss | annotative_expansion,46.30,62:4:8 | 85:15:1,(is the) Possessor | Owner (of),Kekalkan sense dominan Quranic sebagai gloss lalai. Alternate hanya jika konteks memaksa.
2462,فِيهِۚ,17,di dalamnya,8,padanya,6,di dalamnya,,outside_policy,46.28,2:267:24 | 3:9:8 | 10:61:20 | 42:11:13 | 46:8:17,[in it] | in it | in it | thereby | concerning it,Kekalkan sense dominan Quranic sebagai gloss lalai. Alternate hanya jika konteks memaksa.
2463,كُنتُ,15,adalah aku,6,aku adalah,4,adalah aku,,outside_policy,46.25,5:116:28 | 11:63:5 | 11:88:5 | 46:9:3,I had | I am | I am | I am,Kekalkan sense dominan Quranic sebagai gloss lalai. Alternate hanya jika konteks memaksa.
2464,وَرَسُولِهِۦ,15,dan Rasul-Nya,7,dan rasul-Nya,6,dan Rasul-Nya,,outside_policy,46.17,33:31:5 | 48:13:5 | 49:15:6 | 57:7:3 | 61:11:3,and His Messenger | and His Messenger | and His Messenger | and His Messenger | and His Messenger,Kekalkan sense dominan Quranic sebagai gloss lalai. Alternate hanya jika konteks memaksa.
2465,وَٱتَّقُواْ,38,dan bertakwalah,28,dan bertakwalah kamu,5,dan bertakwalah,,outside_policy | long_gloss | entity_or_pronoun_shift | annotative_expansion,46.11,2:233:57 | 5:88:7 | 5:96:16 | 26:132:1 | 26:184:1,And fear | And fear | And be conscious | And fear | And fear,Kekalkan sense dominan Quranic sebagai gloss lalai. Alternate hanya jika konteks memaksa.
2466,أَمۡ,103,atau,62,atau apakah,1,atau,,outside_policy | annotative_expansion,46.06,13:33:14,Or,Kekalkan sense dominan Quranic sebagai gloss lalai. Alternate hanya jika konteks memaksa.
2467,لَهُ,30,bagi-Nya,10,bagi-Nya/kepunyaan-Nya,1,bagi-Nya,,outside_policy | slash_gloss | annotative_expansion,46.00,35:13:19,for Him,Kekalkan sense dominan Quranic sebagai gloss lalai. Alternate hanya jika konteks memaksa.
2468,مَآءٗ,20,air,15,air (hujan),2,air,,outside_policy | parenthetical | annotative_expansion,46.00,20:53:13 | 35:27:8,water | water,Kekalkan sense dominan Quranic sebagai gloss lalai. Alternate hanya jika konteks memaksa.
2469,هِيَ,45,ia,15,ia (cara),1,ia,dia | itulah,outside_policy | parenthetical | annotative_expansion,46.00,41:34:8,[it],Pronomina feminin; jangan tambah frasa penjelas kecuali perlu.
2470,هِيَ,45,ia,15,ia/adalah,1,ia,dia | itulah,outside_policy | slash_gloss | annotative_expansion,46.00,73:6:4,it,Pronomina feminin; jangan tambah frasa penjelas kecuali perlu.
2471,هِيَ,45,ia,15,ia/ayat,1,ia,dia | itulah,outside_policy | slash_gloss | annotative_expansion,46.00,43:48:6,it,Pronomina feminin; jangan tambah frasa penjelas kecuali perlu.
2472,هِيَ,45,ia,15,ia/bumi,1,ia,dia | itulah,outside_policy | slash_gloss | annotative_expansion,46.00,67:16:10,it,Pronomina feminin; jangan tambah frasa penjelas kecuali perlu.
2473,هِيَ,45,ia,15,ia/ini,1,ia,dia | itulah,outside_policy | slash_gloss | annotative_expansion,46.00,20:18:2,It,Pronomina feminin; jangan tambah frasa penjelas kecuali perlu.
2474,هِيَ,45,ia,15,ia/kebangkitan,1,ia,dia | itulah,outside_policy | slash_gloss | annotative_expansion,46.00,37:19:2,it,Pronomina feminin; jangan tambah frasa penjelas kecuali perlu.
2475,هِيَ,45,ia,15,ia/kehidupan,1,ia,dia | itulah,outside_policy | slash_gloss | annotative_expansion,46.00,6:29:3,it (is),Pronomina feminin; jangan tambah frasa penjelas kecuali perlu.
2476,هِيَ,45,ia,15,ia/malam itu,1,ia,dia | itulah,outside_policy | slash_gloss | annotative_expansion,46.00,97:5:2,it (is),Pronomina feminin; jangan tambah frasa penjelas kecuali perlu.
2477,هِيَ,45,ia,15,ia/negeri itu,1,ia,dia | itulah,outside_policy | slash_gloss | annotative_expansion,46.00,47:13:4,which,Pronomina feminin; jangan tambah frasa penjelas kecuali perlu.
2478,هِيَ,45,ia,15,ia/neraka,1,ia,dia | itulah,outside_policy | slash_gloss | annotative_expansion,46.00,79:39:3,it,Pronomina feminin; jangan tambah frasa penjelas kecuali perlu.
2479,هِيَ,45,ia,15,ia/pengembalian,1,ia,dia | itulah,outside_policy | slash_gloss | annotative_expansion,46.00,79:13:2,it,Pronomina feminin; jangan tambah frasa penjelas kecuali perlu.
2480,هِيَ,45,ia,15,ia/semuanya,1,ia,dia | itulah,outside_policy | slash_gloss | annotative_expansion,46.00,7:32:13,They,Pronomina feminin; jangan tambah frasa penjelas kecuali perlu.
2481,هِيَ,45,ia,15,ia/tangan itu,1,ia,dia | itulah,outside_policy | slash_gloss | annotative_expansion,46.00,26:33:4,It,Pronomina feminin; jangan tambah frasa penjelas kecuali perlu.
2482,هِيَ,45,ia,15,ia/tongkat,1,ia,dia | itulah,outside_policy | slash_gloss | annotative_expansion,46.00,20:20:3,It,Pronomina feminin; jangan tambah frasa penjelas kecuali perlu.
2483,هِيَ,45,ia,15,ia/tongkat itu,1,ia,dia | itulah,outside_policy | slash_gloss | annotative_expansion,46.00,26:32:4,It,Pronomina feminin; jangan tambah frasa penjelas kecuali perlu.
2484,ٱلرَّسُولَ,15,Rasul,9,rasul itu,1,Rasul,,outside_policy | annotative_expansion,46.00,73:16:3,the Messenger,Kekalkan sense dominan Quranic sebagai gloss lalai. Alternate hanya jika konteks memaksa.
2485,ٱلۡأَوَّلِينَ,30,orang-orang dahulu,10,orang-orang dahulu kala,1,orang-orang dahulu,orang-orang terdahulu | terdahulu,outside_policy | long_gloss | annotative_expansion,46.00,8:31:17,(of) the former (people),Kekalkan gloss relatif yang stabil; jangan tambah rujukan entiti pada token ini.
2486,لَمَّا,25,tatkala,12,ketika,7,tatkala,,outside_policy,45.97,6:5:4 | 10:13:6 | 26:21:3 | 32:24:6 | 41:41:5,when | when | when | when | when,Kekalkan sense dominan Quranic sebagai gloss lalai. Alternate hanya jika konteks memaksa.
2487,مِّمَّا,50,dari apa,24,dari apa (harta),2,dari apa,dari apa yang | daripada apa,outside_policy | parenthetical | long_gloss | annotative_expansion,45.90,4:7:3 | 4:7:9,of what | of what,Kekalkan sense dominan Quranic sebagai gloss lalai. Alternate hanya jika konteks memaksa.
2488,إِنۡ,91,jika,29,bahawa,3,jika,tidak | tidak lain | tidaklah,outside_policy,45.89,7:188:22 | 44:35:1 | 58:2:9,Not | Not | Not,"Bezakan bentuk syarat dan nafi berdasarkan konteks, tetapi kekalkan gloss stabil apabila ragu."
2489,إِنۡ,91,jika,29,sesungguhnya,3,jika,tidak | tidak lain | tidaklah,outside_policy,45.89,7:155:23 | 20:63:2 | 81:27:1,Not | Indeed | Not,"Bezakan bentuk syarat dan nafi berdasarkan konteks, tetapi kekalkan gloss stabil apabila ragu."
2490,فَلَمَّآ,21,maka setelah,10,maka tatkala,7,maka setelah,,outside_policy,45.86,12:66:16 | 12:96:1 | 20:11:1 | 28:19:1 | 28:30:1,And when | Then when | Then when | Then when | But when,Kekalkan sense dominan Quranic sebagai gloss lalai. Alternate hanya jika konteks memaksa.
2491,لَمِنَ,21,sungguh dari/termasuk,9,benar-benar termasuk,5,sungguh dari/termasuk,,outside_policy,45.86,2:130:17 | 26:186:8 | 37:123:3 | 37:139:3 | 38:47:3,surely (will be) among | surely (are) of | (was) surely of | (was) surely of | (are) from,Kekalkan sense dominan Quranic sebagai gloss lalai. Alternate hanya jika konteks memaksa.
2492,مِنۡهَا,51,daripadanya,38,daripadanya (syurga),2,daripadanya,,outside_policy | parenthetical | annotative_expansion,45.85,2:38:3 | 7:18:3,from it | of it,Kekalkan sense dominan Quranic sebagai gloss lalai. Alternate hanya jika konteks memaksa.
2493,إِلَىٰ,211,kepada,157,kepada/untuk,2,kepada,,outside_policy | slash_gloss | annotative_expansion,45.82,10:12:19 | 62:9:11,for | to,Gunakan gloss dominan Quranic sebagai default. Override hanya bila struktur sintaks jelas memaksa makna lain.
2494,لِّمَا,21,terhadap apa,10,terhadap apa (Kitab),2,terhadap apa,,outside_policy | parenthetical | long_gloss | annotative_expansion,45.79,5:46:8 | 5:46:19,what | what,Kekalkan sense dominan Quranic sebagai gloss lalai. Alternate hanya jika konteks memaksa.
2495,مَا,707,apa,419,kenapa,1,apa,apa yang | tidak | tidak ada,outside_policy | annotative_expansion,45.78,37:92:1,What (is),Defaultkan kepada `apa`. Tukar hanya bila sintaks jelas menunjukkan partikel nafi atau kata hubung relatif.
2496,مَا,707,apa,419,segala apa,1,apa,apa yang | tidak | tidak ada,outside_policy | annotative_expansion,45.78,4:170:16,whatever,Defaultkan kepada `apa`. Tukar hanya bila sintaks jelas menunjukkan partikel nafi atau kata hubung relatif.
2497,مِنۡ,253,dari,223,dari/sebagian,3,dari,,outside_policy | slash_gloss | annotative_expansion,45.78,12:102:2 | 20:99:4 | 53:18:3,(is) from | from | of,Gunakan gloss dominan Quranic sebagai default. Override hanya bila struktur sintaks jelas memaksa makna lain.
2498,وَرَسُولَهُۥ,19,dan Rasul-Nya,9,dan rasul-Nya,7,dan Rasul-Nya,,outside_policy,45.78,5:33:6 | 33:29:5 | 33:36:20 | 48:17:16 | 49:14:18,and His Messenger | and His Messenger | and His Messenger | and His Messenger | and His Messenger,Kekalkan sense dominan Quranic sebagai gloss lalai. Alternate hanya jika konteks memaksa.
2499,لَّن,22,tidak,13,sekali-kali tidak,1,tidak,,outside_policy | annotative_expansion,45.73,4:172:1,Never,Kekalkan sense dominan Quranic sebagai gloss lalai. Alternate hanya jika konteks memaksa.
2500,لَّن,22,tidak,13,tidak dapat,1,tidak,,outside_policy | annotative_expansion,45.73,73:20:22,not,Kekalkan sense dominan Quranic sebagai gloss lalai. Alternate hanya jika konteks memaksa.
2501,لَّن,22,tidak,13,tidaklah,1,tidak,,outside_policy | annotative_expansion,45.73,33:16:2,Never,Kekalkan sense dominan Quranic sebagai gloss lalai. Alternate hanya jika konteks memaksa.
2502,فَلَا,145,maka tidak,47,maka tidak boleh,1,maka tidak,maka jangan | maka janganlah | maka tidak ada,outside_policy | long_gloss | annotative_expansion,45.72,2:197:8,then no,Kekalkan sense dominan Quranic sebagai gloss lalai. Alternate hanya jika konteks memaksa.
2503,فَلَا,145,maka tidak,47,maka tidak/janganlah,1,maka tidak,maka jangan | maka janganlah | maka tidak ada,outside_policy | slash_gloss | annotative_expansion,45.72,35:8:16,So (let) not,Kekalkan sense dominan Quranic sebagai gloss lalai. Alternate hanya jika konteks memaksa.
2504,بَل,16,bahkan,5,tetapi,3,bahkan,,outside_policy,45.71,2:88:4 | 4:158:1 | 52:36:5,Nay | Nay | Nay,Kekalkan sense dominan Quranic sebagai gloss lalai. Alternate hanya jika konteks memaksa.
2505,ٱلۡقُرۡءَانَ,20,Al-Quran,9,Al Qur'an,6,Al-Quran,,outside_policy,45.67,25:30:8 | 27:76:3 | 46:29:8 | 47:24:3 | 73:4:5,the Quran | [the] Quran | (to) the Quran | (over) the Quran | the Quran,Kekalkan sense dominan Quranic sebagai gloss lalai. Alternate hanya jika konteks memaksa.
2506,حَرَّمَ,17,mengharamkan,10,Dia mengharamkan,1,mengharamkan,,outside_policy | annotative_expansion,45.65,2:173:2,He has forbidden,Kekalkan sense dominan Quranic sebagai gloss lalai. Alternate hanya jika konteks memaksa.
2507,حَرَّمَ,17,mengharamkan,10,yang mengharamkan,1,mengharamkan,,outside_policy | annotative_expansion,45.65,3:93:9,made unlawful,Kekalkan sense dominan Quranic sebagai gloss lalai. Alternate hanya jika konteks memaksa.
2508,مَن,223,orang,69,siapa yang,3,siapa,barang siapa | orang | orang yang,outside_policy,45.62,40:15:10 | 42:13:33 | 48:25:31,whom | whom | whom,Pilih `siapa` untuk fungsi soal/syarat; `orang/ orang yang` untuk fungsi relatif.
2509,ٱلۡأٓيَٰتِ,25,ayat-ayat,8,ayat-ayat(Nya),1,ayat-ayat,ayat-ayat itu | ayat-ayat/tanda-tanda | tanda-tanda,outside_policy | parenthetical | annotative_expansion,45.60,2:266:33,(His) Signs,Kekalkan sense dominan Quranic sebagai gloss lalai. Alternate hanya jika konteks memaksa.
2510,ٱلۡأٓيَٰتِ,25,ayat-ayat,8,ayat-ayat/bukti-bukti,1,ayat-ayat,ayat-ayat itu | ayat-ayat/tanda-tanda | tanda-tanda,outside_policy | slash_gloss | annotative_expansion,45.60,3:58:5,the Verses,Kekalkan sense dominan Quranic sebagai gloss lalai. Alternate hanya jika konteks memaksa.
2511,إِنۡ,91,jika,29,jika/tidaklah,1,jika,tidak | tidak lain | tidaklah,outside_policy | slash_gloss | annotative_expansion,45.56,23:37:1,Not,"Bezakan bentuk syarat dan nafi berdasarkan konteks, tetapi kekalkan gloss stabil apabila ragu."
2512,مِنَ,412,dari,303,dari/dengan,2,dari,,outside_policy | slash_gloss | annotative_expansion,45.56,11:119:12 | 17:24:5,with | (out) of,Gunakan gloss dominan Quranic sebagai default. Override hanya bila struktur sintaks jelas memaksa makna lain.
2513,أَشَدُّ,18,lebih/sangat,3,lebih,2,lebih/sangat,sangat,outside_policy,45.50,41:15:10 | 41:15:20,(is) mightier | (is) Mightier,Kekalkan sense dominan Quranic sebagai gloss lalai. Alternate hanya jika konteks memaksa.
2514,جَآءَهُم,15,datang kepada mereka,7,telah datang kepada mereka,2,datang kepada mereka,,outside_policy | long_gloss | entity_or_pronoun_shift | annotative_expansion,45.50,29:39:5 | 53:23:22,came to them | has come to them,Kekalkan sense dominan Quranic sebagai gloss lalai. Alternate hanya jika konteks memaksa.
2515,مِنۡهُ,45,daripadanya,33,daripadanya/kerananya,2,daripadanya,,outside_policy | slash_gloss | annotative_expansion,45.50,19:90:4 | 39:23:9,therefrom | from it,Kekalkan sense dominan Quranic sebagai gloss lalai. Alternate hanya jika konteks memaksa.
2516,كُلّٞ,19,masing-masing,6,masing-masing/semua,1,masing-masing,semuanya,outside_policy | slash_gloss | annotative_expansion,45.47,40:48:5,all,Kekalkan sense dominan Quranic sebagai gloss lalai. Alternate hanya jika konteks memaksa.
2517,كُلّٞ,19,masing-masing,6,masing-masing/semuanya,1,masing-masing,semuanya,outside_policy | slash_gloss | annotative_expansion,45.47,38:19:3,all,Kekalkan sense dominan Quranic sebagai gloss lalai. Alternate hanya jika konteks memaksa.
2518,كُلّٞ,19,masing-masing,6,tiap-tiap/masing-masing,1,masing-masing,semuanya,outside_policy | slash_gloss | annotative_expansion,45.47,21:33:8,each,Kekalkan sense dominan Quranic sebagai gloss lalai. Alternate hanya jika konteks memaksa.
2519,لَيۡسَ,38,tidak,12,yang tidak ada,1,tidak,tidak ada | tidak/bukan,outside_policy | long_gloss | annotative_expansion,45.47,17:36:4,not,Kekalkan sense dominan Quranic sebagai gloss lalai. Alternate hanya jika konteks memaksa.
2520,مَآ,117,apa,68,apa diberikan,1,apa,apa yang | tidak,outside_policy | annotative_expansion,45.44,28:48:10,(of) what,"Defaultkan kepada makna leksikal yang stabil, bukan perluasan frasa."
2521,مَآ,117,apa,68,apakah,1,apa,apa yang | tidak,outside_policy | annotative_expansion,45.44,82:18:2,what,"Defaultkan kepada makna leksikal yang stabil, bukan perluasan frasa."
2522,مِمَّا,51,dari apa,16,dari apa/disebabkan,1,dari apa,,outside_policy | slash_gloss | annotative_expansion,45.41,5:83:12,for what,Kekalkan sense dominan Quranic sebagai gloss lalai. Alternate hanya jika konteks memaksa.
2523,مِمَّا,51,dari apa,16,dari apa/sebagian,1,dari apa,,outside_policy | slash_gloss | annotative_expansion,45.41,8:69:2,from what,Kekalkan sense dominan Quranic sebagai gloss lalai. Alternate hanya jika konteks memaksa.
2524,مِمَّا,51,dari apa,16,sebagian dari apa,1,dari apa,,outside_policy | long_gloss | annotative_expansion,45.41,12:37:13,(is) of what,Kekalkan sense dominan Quranic sebagai gloss lalai. Alternate hanya jika konteks memaksa.
2525,ذَٰلِكَ,264,demikian itu,131,demikianlah,10,demikian itu,demikian | demikian/itu,outside_policy,45.39,3:58:1 | 6:146:24 | 18:106:1 | 22:61:1 | 22:62:1,That | That | That | That | That (is),Kekalkan sense dominan Quranic sebagai gloss lalai. Alternate hanya jika konteks memaksa.
2526,بَل,16,bahkan,5,tetapi/bahkan,1,bahkan,,outside_policy | slash_gloss | annotative_expansion,45.38,89:17:2,But,Kekalkan sense dominan Quranic sebagai gloss lalai. Alternate hanya jika konteks memaksa.
2527,ٱلۡعِقَابِ,16,seksa,5,hukuman/seksaan,1,seksa,,outside_policy | slash_gloss | annotative_expansion,45.38,40:3:6,(in) the punishment,Kekalkan sense dominan Quranic sebagai gloss lalai. Alternate hanya jika konteks memaksa.
2528,جَنَّـٰتٖ,37,syurga,17,kebun-kebun,7,syurga,,outside_policy,45.36,6:141:4 | 23:19:4 | 25:10:10 | 26:147:2 | 36:34:3,gardens | gardens | gardens  | gardens | gardens,Kekalkan sense dominan Quranic sebagai gloss lalai. Alternate hanya jika konteks memaksa.
2529,لَهُۥ,174,baginya,64,kepunyaan-Nya,4,baginya,bagi-Nya | kepada-Nya | kepadanya,outside_policy,45.28,10:68:8 | 19:64:6 | 42:4:1 | 42:53:4,To Him (belongs) | To Him (belongs) | To Him | to Whom,Pilih `baginya` sebagai default; guna `kepadanya` hanya jika struktur menuntut arah/penerima.
2530,مَن,223,orang,69,orang (Rasul),1,siapa,barang siapa | orang | orang yang,outside_policy | parenthetical | annotative_expansion,45.28,17:77:2,(for) whom,Pilih `siapa` untuk fungsi soal/syarat; `orang/ orang yang` untuk fungsi relatif.
2531,مَن,223,orang,69,orang (anak),1,siapa,barang siapa | orang | orang yang,outside_policy | parenthetical | annotative_expansion,45.28,19:29:6,(to one) who,Pilih `siapa` untuk fungsi soal/syarat; `orang/ orang yang` untuk fungsi relatif.
2532,مَن,223,orang,69,orang/jin,1,siapa,barang siapa | orang | orang yang,outside_policy | slash_gloss | annotative_expansion,45.28,34:12:13,who,Pilih `siapa` untuk fungsi soal/syarat; `orang/ orang yang` untuk fungsi relatif.
2533,مَن,223,orang,69,orang/makhluk,1,siapa,barang siapa | orang | orang yang,outside_policy | slash_gloss | annotative_expansion,45.28,55:29:2,whoever,Pilih `siapa` untuk fungsi soal/syarat; `orang/ orang yang` untuk fungsi relatif.
2534,مَن,223,orang,69,orang/sesembahan,1,siapa,barang siapa | orang | orang yang,outside_policy | slash_gloss | annotative_expansion,45.28,46:5:8,who,Pilih `siapa` untuk fungsi soal/syarat; `orang/ orang yang` untuk fungsi relatif.
2535,قَالَ,407,berkata,78,dia (Nabi) berkata,2,berkata,(Allah) berfirman | (Musa) berkata | dia berkata,outside_policy | parenthetical | long_gloss | entity_or_pronoun_shift | annotative_expansion,45.25,2:246:22 | 2:247:26,He said | He said,Kekalkan sense dominan Quranic sebagai gloss lalai. Alternate hanya jika konteks memaksa.
2536,كُلَّ,49,setiap,15,setiap/semua,1,setiap,segala | tiap-tiap,outside_policy | slash_gloss | annotative_expansion,45.18,22:3:10,every,Kekalkan sense dominan Quranic sebagai gloss lalai. Alternate hanya jika konteks memaksa.
2537,إِنَّكَ,49,sesungguhnya kamu,26,sesungguhnya Engkau,20,sesungguhnya kamu,,outside_policy,45.17,2:32:9 | 2:127:11 | 2:128:14 | 2:129:13 | 3:8:13,Indeed You | Indeed You | Indeed You | Indeed You | Indeed You,Kekalkan sense dominan Quranic sebagai gloss lalai. Alternate hanya jika konteks memaksa.
2538,لَّوۡ,17,sekiranya,5,jikalau,3,sekiranya,,outside_policy,45.16,10:16:2 | 17:42:2 | 17:95:2,If | If | If,Kekalkan sense dominan Quranic sebagai gloss lalai. Alternate hanya jika konteks memaksa.
2539,لَّوۡ,17,sekiranya,5,kalau,3,sekiranya,,outside_policy,45.16,2:103:10 | 6:58:2 | 7:100:10,if | If | if,Kekalkan sense dominan Quranic sebagai gloss lalai. Alternate hanya jika konteks memaksa.
2540,أَهۡلِ,23,Ahli,7,ahli/penduduk,1,Ahli,,outside_policy | slash_gloss | annotative_expansion,45.13,59:7:7,(the) people,Kekalkan sense dominan Quranic sebagai gloss lalai. Alternate hanya jika konteks memaksa.
2541,أَوۡلِيَآءَ,20,pemimpin,6,pelindung/pemimpin,1,pemimpin,pelindung | pelindung-pelindung,outside_policy | slash_gloss | annotative_expansion,45.00,7:30:10,(as) allies,Kekalkan sense dominan Quranic sebagai gloss lalai. Alternate hanya jika konteks memaksa.
2542,غَيۡرُ,20,tidak,6,hamba/tidak,1,tidak,,outside_policy | slash_gloss | annotative_expansion,45.00,23:6:9,(are) not,Kekalkan sense dominan Quranic sebagai gloss lalai. Alternate hanya jika konteks memaksa.
2543,لِي,40,bagiku,12,bagi-Ku/kepada-Ku,1,bagiku,aku | kepadaku | untukku,outside_policy | slash_gloss | annotative_expansion,45.00,2:186:13,to Me,Kekalkan sense dominan Quranic sebagai gloss lalai. Alternate hanya jika konteks memaksa.
2544,لِي,40,bagiku,12,bagiku (mempunyai),1,bagiku,aku | kepadaku | untukku,outside_policy | parenthetical | annotative_expansion,45.00,37:51:6,for me,Kekalkan sense dominan Quranic sebagai gloss lalai. Alternate hanya jika konteks memaksa.
2545,لِي,40,bagiku,12,bagiku/kepadaku,1,bagiku,aku | kepadaku | untukku,outside_policy | slash_gloss | annotative_expansion,45.00,20:96:15,to me,Kekalkan sense dominan Quranic sebagai gloss lalai. Alternate hanya jika konteks memaksa.
2546,تِلۡكَ,26,itulah,12,itu,8,itulah,,outside_policy,44.97,2:111:11 | 11:49:1 | 15:1:2 | 20:17:2 | 28:83:1,That | This | These | (is) that | That,Kekalkan sense dominan Quranic sebagai gloss lalai. Alternate hanya jika konteks memaksa.
2547,ٱلۡعَذَابَ,23,azab,13,azab ini,1,azab,,outside_policy | annotative_expansion,44.96,6:30:16,the punishment,Kekalkan sense dominan Quranic sebagai gloss lalai. Alternate hanya jika konteks memaksa.
2548,ٱلۡعَذَابَ,23,azab,13,azab itu,1,azab,,outside_policy | annotative_expansion,44.96,20:48:6,the punishment,Kekalkan sense dominan Quranic sebagai gloss lalai. Alternate hanya jika konteks memaksa.
2549,هَلۡ,63,apakah,45,apakah/tidakkah,2,apakah,,outside_policy | slash_gloss | annotative_expansion,44.93,2:210:1 | 27:90:8,Are | Are,Kekalkan sense dominan Quranic sebagai gloss lalai. Alternate hanya jika konteks memaksa.
2550,مُّبِينٞ,32,yang nyata,16,nyata,13,yang nyata,,outside_policy,44.92,2:208:15 | 7:107:6 | 11:7:31 | 12:5:15 | 16:4:8,open | manifest | clear | open | clear,Kekalkan sense dominan Quranic sebagai gloss lalai. Alternate hanya jika konteks memaksa.
2551,ٱلَّذِي,216,yang,184,yang/orang,3,yang,,outside_policy | slash_gloss | annotative_expansion,44.89,2:171:5 | 21:36:10 | 27:40:2,(of) the one who | the one who | one who,Gunakan gloss dominan Quranic sebagai default. Override hanya bila struktur sintaks jelas memaksa makna lain.
2552,فَهَلۡ,22,maka apakah,10,maka adakah,8,maka apakah,,outside_policy,44.76,40:11:9 | 54:15:4 | 54:17:5 | 54:22:5 | 54:32:5,So is (there) | so is (there) | so is (there) | so is (there) | so is (there),Kekalkan sense dominan Quranic sebagai gloss lalai. Alternate hanya jika konteks memaksa.
2553,بِمَا,253,dengan apa,71,disebabkan apa,3,dengan apa,dengan sebab | dengan/terhadap apa | disebabkan | terhadap apa,outside_policy,44.75,6:70:15 | 6:70:35 | 6:70:43,for what | for what | because,Pilih makna instrumental `dengan apa` sebagai default; sebab/kausal hanya bila konteks jelas.
2554,ذَٰلِكَ,264,demikian itu,131,yang demikian,14,demikian itu,demikian | demikian/itu,outside_policy,44.67,13:3:21 | 13:4:24 | 14:5:17 | 20:128:14 | 23:30:3,that | that | that | that | that,Kekalkan sense dominan Quranic sebagai gloss lalai. Alternate hanya jika konteks memaksa.
2555,مَعَ,49,beserta,19,bersama-sama,5,beserta,,outside_policy,44.63,4:69:6 | 7:47:11 | 15:31:6 | 15:32:7 | 18:28:3,(will be) with | with | with | with | with,Kekalkan sense dominan Quranic sebagai gloss lalai. Alternate hanya jika konteks memaksa.
2556,وَمَآ,131,dan tidak,36,dan bukanlah,3,dan apa,dan apa yang | dan tidak | dan tidaklah,outside_policy,44.58,6:79:9 | 6:104:12 | 11:86:8,and not | And not | And not,Defaultkan kepada token-faithful gloss; jangan serap makna frasa jiran.
2557,مَّن,49,orang,27,orang-orang,1,orang,barang siapa | siapa,outside_policy | annotative_expansion,44.53,47:38:9,(are some) who,Kekalkan gloss relatif yang stabil; jangan tambah rujukan entiti pada token ini.
2558,وَمَا,507,dan tidak,231,dan apa-apa,9,dan apa,dan apa yang | dan tidak | dan tidak ada | dan tidaklah,outside_policy,44.45,4:126:5 | 21:16:5 | 21:28:5 | 25:17:3 | 26:24:5,and what | and what | and what | and what | and whatever,Pisahkan antara sambungan `dan apa` dan bentuk nafi `dan tidak` mengikut binaan.
2559,بِمَا,253,dengan apa,71,dengan apa disebabkan,1,dengan apa,dengan sebab | dengan/terhadap apa | disebabkan | terhadap apa,outside_policy | long_gloss | annotative_expansion,44.42,6:129:6,for what,Pilih makna instrumental `dengan apa` sebagai default; sebab/kausal hanya bila konteks jelas.
2560,بِمَا,253,dengan apa,71,dengan apa yang,1,dengan apa,dengan sebab | dengan/terhadap apa | disebabkan | terhadap apa,outside_policy | long_gloss | annotative_expansion,44.42,52:21:17,for what,Pilih makna instrumental `dengan apa` sebagai default; sebab/kausal hanya bila konteks jelas.
2561,بِمَا,253,dengan apa,71,dengan apa/padahal,1,dengan apa,dengan sebab | dengan/terhadap apa | disebabkan | terhadap apa,outside_policy | slash_gloss | annotative_expansion,44.42,9:118:10,though,Pilih makna instrumental `dengan apa` sebagai default; sebab/kausal hanya bila konteks jelas.
2562,لَمۡ,89,tidak,62,mereka tidak,2,tidak,,outside_policy | entity_or_pronoun_shift | annotative_expansion,44.40,24:4:5 | 25:67:4,not | (are) not extravagant,Kekalkan sense dominan Quranic sebagai gloss lalai. Alternate hanya jika konteks memaksa.
2563,أَلَآ,23,ingatlah,16,ingatlah/ketahuilah,2,ingatlah,,outside_policy | slash_gloss | annotative_expansion,44.37,7:131:14 | 37:151:1,Behold | No doubt,Kekalkan sense dominan Quranic sebagai gloss lalai. Alternate hanya jika konteks memaksa.
2564,أَلَا,31,ingatlah,14,mengapa tidak,9,ingatlah,,outside_policy,44.33,9:13:1 | 26:11:3 | 26:106:6 | 26:124:6 | 26:142:6,Will not | Will not | Will not | Will not | Will not,Kekalkan sense dominan Quranic sebagai gloss lalai. Alternate hanya jika konteks memaksa.
2565,أَلَمۡ,72,tidakkah,20,bukankah/tidakkah,1,tidakkah,apakah tidak | bukankah | tidaklah,outside_policy | slash_gloss | annotative_expansion,44.33,4:97:16,Not,Kekalkan sense dominan Quranic sebagai gloss lalai. Alternate hanya jika konteks memaksa.
2566,ضَلَّ,18,sesat,5,dia telah sesat,1,sesat,ia sesat | ia telah sesat,outside_policy | long_gloss | annotative_expansion,44.33,5:12:43,he strayed,Kekalkan sense dominan Quranic sebagai gloss lalai. Alternate hanya jika konteks memaksa.
2567,ضَلَّ,18,sesat,5,sesat/sia-sia,1,sesat,ia sesat | ia telah sesat,outside_policy | slash_gloss | annotative_expansion,44.33,18:104:2,is lost,Kekalkan sense dominan Quranic sebagai gloss lalai. Alternate hanya jika konteks memaksa.
2568,ٱلۡحَقَّ,18,benar,5,sebenarnya/semestinya,1,benar,,outside_policy | slash_gloss | annotative_expansion,44.33,24:25:5,the due,Kekalkan sense dominan Quranic sebagai gloss lalai. Alternate hanya jika konteks memaksa.
2569,ٱلۡحَقَّ,18,benar,5,yang benar/kebenaran,1,benar,,outside_policy | slash_gloss | annotative_expansion,44.33,8:7:19,the truth,Kekalkan sense dominan Quranic sebagai gloss lalai. Alternate hanya jika konteks memaksa.
2570,لَا,616,tidak,476,(mereka) tidak,12,tidak,jangan | janganlah | tidak ada,outside_policy | parenthetical | entity_or_pronoun_shift | annotative_expansion,44.27,17:10:3 | 17:45:8 | 21:95:6 | 23:74:3 | 24:33:3,(do) not | (do) not | not | (do) not | (do) not,Bezakan nafi dan larangan dari binaan fi'il; `tidak` kekal default.
2571,لَهُ,30,bagi-Nya,10,kepadanya,4,bagi-Nya,,outside_policy,44.25,2:206:3 | 19:75:7 | 20:109:8 | 78:38:11,to him | for him | [to him] | [for] him,Kekalkan sense dominan Quranic sebagai gloss lalai. Alternate hanya jika konteks memaksa.
2572,وَمَآ,131,dan tidak,36,dan tidak ada,1,dan apa,dan apa yang | dan tidak | dan tidaklah,outside_policy | long_gloss | annotative_expansion,44.24,11:40:22,And not,Defaultkan kepada token-faithful gloss; jangan serap makna frasa jiran.
2573,وَمَآ,131,dan tidak,36,dan tidak dapat,1,dan apa,dan apa yang | dan tidak | dan tidaklah,outside_policy | long_gloss | annotative_expansion,44.24,12:67:12,And not,Defaultkan kepada token-faithful gloss; jangan serap makna frasa jiran.
2574,وَمَآ,131,dan tidak,36,dan tidaklah/bukanlah,1,dan apa,dan apa yang | dan tidak | dan tidaklah,outside_policy | slash_gloss | annotative_expansion,44.24,38:86:7,and not,Defaultkan kepada token-faithful gloss; jangan serap makna frasa jiran.
2575,وَلَمَّا,29,dan tatkala,13,dan setelah,9,dan tatkala,,outside_policy,44.23,2:89:1 | 2:101:1 | 7:149:1 | 7:150:1 | 7:154:1,And when | And when | And when | And when | And when,Kekalkan sense dominan Quranic sebagai gloss lalai. Alternate hanya jika konteks memaksa.
2576,إِلَّآ,100,kecuali,69,kecuali/hanyalah,2,kecuali,,outside_policy | slash_gloss | annotative_expansion,44.20,8:31:15 | 25:4:6,but | (is) but,Kekalkan sense dominan Quranic sebagai gloss lalai. Alternate hanya jika konteks memaksa.
2577,لَهُۥٓ,19,baginya,8,kepadanya,7,baginya,,outside_policy,44.20,2:245:9 | 6:84:2 | 19:49:9 | 21:72:2 | 29:27:2,for him  | to him | [to] him | on him | to him,Kekalkan sense dominan Quranic sebagai gloss lalai. Alternate hanya jika konteks memaksa.
2578,لِّقَوۡمٖ,35,bagi kaum,29,bagi kaum/orang-orang,3,bagi kaum,,outside_policy | slash_gloss | annotative_expansion,44.19,6:99:43 | 7:52:9 | 10:67:14,for a people | for a people | for a people,Kekalkan sense dominan Quranic sebagai gloss lalai. Alternate hanya jika konteks memaksa.
2579,هُوَ,239,Dia,129,Dia-lah,1,Dia,Dialah | dia | ia,outside_policy | annotative_expansion,44.19,13:12:1,He,Pilih `Dia` bila rujukan kepada Allah jelas; selain itu `dia/ia` mengikut antecedent.
2580,ٱلۡمُبِينُ,15,yang nyata,6,nyata,6,yang nyata,,outside_policy,44.17,6:16:9 | 15:89:5 | 16:35:32 | 16:82:6 | 39:15:19,(the) clear | clear | clear | the clear | the clear,Kekalkan sense dominan Quranic sebagai gloss lalai. Alternate hanya jika konteks memaksa.
2581,وَأَنَّ,43,dan sesungguhnya,21,dan bahawasanya,17,dan sesungguhnya,,outside_policy,44.12,2:165:28 | 3:171:6 | 3:182:5 | 5:97:23 | 9:104:12,and [that] | and that | and that | and that | and that,Kekalkan sense dominan Quranic sebagai gloss lalai. Alternate hanya jika konteks memaksa.
2582,عَلَيۡهِ,131,atasnya,90,atas-Nya/kepada-Nya,2,atasnya,atasnya/kepadanya,outside_policy | slash_gloss | annotative_expansion,44.11,9:129:10 | 39:38:34,On Him | upon Him,Kekalkan sense dominan Quranic sebagai gloss lalai. Alternate hanya jika konteks memaksa.
2583,فَلَن,19,maka tidak,13,maka tidak akan,2,maka tidak,,outside_policy | long_gloss | annotative_expansion,44.03,17:97:8 | 18:17:30,then never | then never,Kekalkan sense dominan Quranic sebagai gloss lalai. Alternate hanya jika konteks memaksa.
2584,ٱلدِّينِ,24,pembalasan,11,agama,11,pembalasan,,outside_policy,44.02,8:72:33 | 9:33:10 | 9:122:15 | 22:78:12 | 33:5:13,the religion | all religions | the religion | the religion | [the] religion,Kekalkan sense dominan Quranic sebagai gloss lalai. Alternate hanya jika konteks memaksa.
2585,بِمَآ,43,dengan apa,11,kepada apa,3,dengan apa,dengan/menurut apa,outside_policy,44.01,2:285:3 | 3:53:3 | 41:14:20,in what | in what | in what,Kekalkan sense dominan Quranic sebagai gloss lalai. Alternate hanya jika konteks memaksa.
2586,بِمَآ,43,dengan apa,11,terhadap apa,3,dengan apa,dengan/menurut apa,outside_policy,44.01,43:24:11 | 57:23:8 | 60:1:38,with what | at what | of what,Kekalkan sense dominan Quranic sebagai gloss lalai. Alternate hanya jika konteks memaksa.
2587,أَن,461,bahawa,315,(bahawa),2,bahawa,agar | supaya | untuk,outside_policy | parenthetical | annotative_expansion,44.00,22:22:3 | 23:95:3,to | that,Gunakan `bahawa` sebagai lalai. Bentuk infinitif/tujuan sahaja patut menggeser kepada `untuk/supaya/agar`.
2588,أَن,461,bahawa,315,bahawa/akan,2,bahawa,agar | supaya | untuk,outside_policy | slash_gloss | annotative_expansion,44.00,4:88:11 | 8:26:9,that | that,Gunakan `bahawa` sebagai lalai. Bentuk infinitif/tujuan sahaja patut menggeser kepada `untuk/supaya/agar`.
2589,كَبِيرٗا,15,besar,8,Maha Besar,1,besar,,outside_policy | annotative_expansion,44.00,4:34:40,Most Great,Kekalkan sense dominan Quranic sebagai gloss lalai. Alternate hanya jika konteks memaksa.
2590,كَبِيرٗا,15,besar,8,yang terbesar,1,besar,,outside_policy | annotative_expansion,44.00,21:58:4,a large (one),Kekalkan sense dominan Quranic sebagai gloss lalai. Alternate hanya jika konteks memaksa.
2591,وَٰحِدَةٗ,15,satu,4,(yang) satu,1,satu,,outside_policy | parenthetical | annotative_expansion,44.00,2:213:4,single,Kekalkan sense dominan Quranic sebagai gloss lalai. Alternate hanya jika konteks memaksa.
2592,ٱلصُّدُورِ,15,dada,8,dalam dada,1,dada,,outside_policy | annotative_expansion,44.00,22:46:23,the breasts,Kekalkan sense dominan Quranic sebagai gloss lalai. Alternate hanya jika konteks memaksa.
2593,إِلَيۡهِ,66,kepada-Nya,33,kepadanya,28,kepada-Nya,,outside_policy,43.89,2:178:24 | 2:285:5 | 5:81:8 | 6:41:7 | 6:93:14,to him | to him | to him | upon Him | to him,Kekalkan sense dominan Quranic sebagai gloss lalai. Alternate hanya jika konteks memaksa.
2594,بِهِۦٓ,31,dengannya,21,dengannya/padanya,2,dengannya,,outside_policy | slash_gloss | annotative_expansion,43.82,2:196:23 | 75:16:6,he (has) | with it,Kekalkan sense dominan Quranic sebagai gloss lalai. Alternate hanya jika konteks memaksa.
2595,يَقُولُ,35,berkata,9,dia berkata/berdoa,1,berkata,Dia berfirman | Dia berkata | dia berkata | ia berkata,outside_policy | slash_gloss | annotative_expansion,43.71,2:201:3,say,Kekalkan sense dominan Quranic sebagai gloss lalai. Alternate hanya jika konteks memaksa.
2596,نَحۡنُ,55,kami,30,kami/kita,3,kami,,outside_policy | slash_gloss | entity_or_pronoun_shift | annotative_expansion,43.70,23:37:9 | 37:58:2 | 37:59:5,we | we | we,Kekalkan sense dominan Quranic sebagai gloss lalai. Alternate hanya jika konteks memaksa.
2597,مِنۡ,253,dari,223,dari/di antara,4,dari,,outside_policy | slash_gloss | annotative_expansion,43.69,6:88:8 | 14:11:15 | 35:28:11 | 39:51:7,of | of | among | of,Gunakan gloss dominan Quranic sebagai default. Override hanya bila struktur sintaks jelas memaksa makna lain.
2598,مِمَّا,51,dari apa,16,daripada apa,4,dari apa,,outside_policy,43.66,2:251:12 | 12:33:6 | 30:9:20 | 43:24:5,that which | than what | than what | than what,Kekalkan sense dominan Quranic sebagai gloss lalai. Alternate hanya jika konteks memaksa.
2599,كَيۡفَ,62,bagaimana,58,bagaimanakah,2,bagaimana,,outside_policy | annotative_expansion,43.56,74:19:2 | 74:20:3,how | how,Kekalkan sense dominan Quranic sebagai gloss lalai. Alternate hanya jika konteks memaksa.
2600,مَن,223,orang,69,dari,4,siapa,barang siapa | orang | orang yang,outside_policy,43.53,3:13:22 | 35:8:11 | 35:8:14 | 79:45:4,whom | whom | whom | (for him) who,Pilih `siapa` untuk fungsi soal/syarat; `orang/ orang yang` untuk fungsi relatif.
2601,مَن,223,orang,69,siapakah,4,siapa,barang siapa | orang | orang yang,outside_policy,43.53,2:255:20 | 10:31:2 | 11:30:2 | 21:42:2,Who | Who | Who | Who,Pilih `siapa` untuk fungsi soal/syarat; `orang/ orang yang` untuk fungsi relatif.
2602,وَفِي,26,dan pada,8,dan dalam,4,dan pada,,outside_policy,43.48,7:154:8 | 10:64:6 | 22:78:23 | 41:31:6,and in | and in | and in | and in,Kekalkan sense dominan Quranic sebagai gloss lalai. Alternate hanya jika konteks memaksa.
2603,قَدۡ,118,sesungguhnya,59,sungguh,56,sesungguhnya,,outside_policy,43.45,2:60:14 | 2:118:20 | 2:134:3 | 2:141:3 | 2:144:1,Indeed | Indeed | (which) | (which) | Indeed,Kekalkan sense dominan Quranic sebagai gloss lalai. Alternate hanya jika konteks memaksa.
2604,عَلَىٰٓ,81,atas,65,atas/kepada,3,atas,,outside_policy | slash_gloss | annotative_expansion,43.41,3:153:5 | 7:138:9 | 24:27:12,on | to | [on],Kekalkan sense dominan Quranic sebagai gloss lalai. Alternate hanya jika konteks memaksa.
2605,عَن,115,dari,100,dari/tentang,4,dari,,outside_policy | slash_gloss | annotative_expansion,43.34,18:76:4 | 18:83:2 | 28:78:26 | 33:8:3,about | about | about | about,Kekalkan sense dominan Quranic sebagai gloss lalai. Alternate hanya jika konteks memaksa.
2606,لَأٓيَٰتٖ,28,benar-benar tanda-tanda,12,sungguh tanda-tanda,11,benar-benar tanda-tanda,,outside_policy,43.13,2:164:41 | 10:6:12 | 13:3:22 | 13:4:25 | 14:5:18,surely (are) Signs | (are) Signs | surely (are) Signs | surely (are) Signs | surely (are) the signs,Kekalkan sense dominan Quranic sebagai gloss lalai. Alternate hanya jika konteks memaksa.
2607,إِنَّآ,40,sesungguhnya Kami,16,sesungguhnya,8,sesungguhnya Kami,,outside_policy,43.12,4:105:1 | 5:44:1 | 33:67:3 | 54:24:6 | 54:31:1,"Indeed | Indeed | Indeed, we | Indeed, we | Indeed, We",Kekalkan sense dominan Quranic sebagai gloss lalai. Alternate hanya jika konteks memaksa.
2608,ٱلدُّنۡيَا,88,dunia,81,di dunia,2,dunia,,outside_policy | annotative_expansion,43.11,22:11:20 | 23:37:5,the world | (of) the world,Kekalkan sense dominan Quranic sebagai gloss lalai. Alternate hanya jika konteks memaksa.
2609,لَّوۡ,17,sekiranya,5,jika,4,sekiranya,,outside_policy,43.07,9:81:25 | 36:47:15 | 39:4:1 | 56:76:3,If (only) | if | If | if,Kekalkan sense dominan Quranic sebagai gloss lalai. Alternate hanya jika konteks memaksa.
2610,إِلَّا,562,kecuali,366,selain/kecuali,2,kecuali,hanyalah | melainkan | selain,outside_policy | slash_gloss | annotative_expansion,43.04,9:129:8 | 12:81:11,except | except,Kekalkan pengecualian sebagai sense utama.
2611,يَعۡلَمُ,62,Dia mengetahui,29,mengetahui,25,Dia mengetahui,,outside_policy,43.03,2:77:5 | 3:7:28 | 4:63:3 | 5:99:7 | 13:19:2,knows | knows | knows | knows | knows,Kekalkan sense dominan Quranic sebagai gloss lalai. Alternate hanya jika konteks memaksa.
2612,بِهِۦۖ,19,dengannya,15,dengannya/kepadanya,3,dengannya,,outside_policy | slash_gloss | annotative_expansion,43.02,6:92:18 | 12:24:3 | 72:13:6,in it | him | in it,Kekalkan sense dominan Quranic sebagai gloss lalai. Alternate hanya jika konteks memaksa.
2613,قَوۡمٗا,24,kaum,22,suatu kaum,2,kaum,,outside_policy | annotative_expansion,43.00,11:29:21 | 58:22:3,(are) a people | a people,Kekalkan sense dominan Quranic sebagai gloss lalai. Alternate hanya jika konteks memaksa.
2614,مَلَكَتۡ,15,memiliki,5,yang dimiliki,5,memiliki,,outside_policy,43.00,33:50:11 | 33:50:52 | 33:52:18 | 33:55:20 | 70:30:6,you rightfully possess | they rightfully possess | you rightfully possess | they rightfully possess | they possess,Kekalkan sense dominan Quranic sebagai gloss lalai. Alternate hanya jika konteks memaksa.
2615,يَكُن,24,ada,12,akan ada,1,ada,,outside_policy | annotative_expansion,43.00,6:131:4,is,Kekalkan sense dominan Quranic sebagai gloss lalai. Alternate hanya jika konteks memaksa.
2616,مِنۡهُمۡ,56,di antara mereka,22,dari/di antara mereka,6,di antara mereka,,outside_policy | slash_gloss | long_gloss | entity_or_pronoun_shift | annotative_expansion,42.95,3:167:22 | 3:172:12 | 4:83:17 | 4:89:10 | 6:159:8,than [them] | among them | among them | from them | with them,Kekalkan sense dominan Quranic sebagai gloss lalai. Alternate hanya jika konteks memaksa.
2617,غَيۡرَ,39,tidak,9,selain/tidak,1,tidak,bukan | bukan/tidak | selain | tidak/bukan,outside_policy | slash_gloss | annotative_expansion,42.92,2:173:15,without,Kekalkan sense dominan Quranic sebagai gloss lalai. Alternate hanya jika konteks memaksa.
2618,غَيۡرَ,39,tidak,9,tanpa/tidak,1,tidak,bukan | bukan/tidak | selain | tidak/bukan,outside_policy | slash_gloss | annotative_expansion,42.92,3:154:18,other than,Kekalkan sense dominan Quranic sebagai gloss lalai. Alternate hanya jika konteks memaksa.
2619,غَيۡرَ,39,tidak,9,tidak/tanpa,1,tidak,bukan | bukan/tidak | selain | tidak/bukan,outside_policy | slash_gloss | annotative_expansion,42.92,5:77:8,other than,Kekalkan sense dominan Quranic sebagai gloss lalai. Alternate hanya jika konteks memaksa.
2620,ذَٰلِكَ,264,demikian itu,131,demikian itulah,1,demikian itu,demikian | demikian/itu,outside_policy | annotative_expansion,42.89,28:28:2,That,Kekalkan sense dominan Quranic sebagai gloss lalai. Alternate hanya jika konteks memaksa.
2621,يَوۡمَ,131,pada hari,63,hari,62,pada hari,,outside_policy,42.83,2:113:26 | 2:174:23 | 2:212:13 | 3:106:1 | 4:109:12,(on the) Day | (on the) Day | (on the) Day | (On the) Day | (on the) Day,Kekalkan sense dominan Quranic sebagai gloss lalai. Alternate hanya jika konteks memaksa.
2622,وَلَوۡ,103,walaupun,22,dan seandainya,3,walaupun,dan jika | dan kalau | dan sekiranya,outside_policy,42.74,2:165:17 | 15:14:1 | 31:27:1,And if | And (even) if | And if,Kekalkan sense dominan Quranic sebagai gloss lalai. Alternate hanya jika konteks memaksa.
2623,مَّا,162,apa,79,mengapa,1,apa,apa yang | tidak | tidak ada,outside_policy | annotative_expansion,42.63,71:13:1,What,Sama seperti `مَا`; pilih gloss nafi hanya jika konteks sintaks memaksa.
2624,وَكُنَّا,16,dan kami adalah,5,dan kami adalah/menjadi,4,dan kami adalah,,outside_policy | slash_gloss | long_gloss | entity_or_pronoun_shift | annotative_expansion,42.62,23:82:4 | 23:106:6 | 37:16:3 | 56:47:5,and become | and we were | and have become | and become,Kekalkan sense dominan Quranic sebagai gloss lalai. Alternate hanya jika konteks memaksa.
2625,لَهُۥ,174,baginya,64,padanya,7,baginya,bagi-Nya | kepada-Nya | kepadanya,outside_policy,42.61,2:178:17 | 12:63:15 | 18:97:7 | 21:50:6 | 22:54:12,[for it] | for him | in it | of it | to it,Pilih `baginya` sebagai default; guna `kepadanya` hanya jika struktur menuntut arah/penerima.
2626,عَلَىٰ,347,atas,293,atas/dalam,4,atas,,outside_policy | slash_gloss | annotative_expansion,42.58,2:185:22 | 2:283:3 | 4:43:24 | 5:6:26,on | on | on | on,Gunakan gloss dominan Quranic sebagai default. Override hanya bila struktur sintaks jelas memaksa makna lain.
2627,عَلَىٰ,347,atas,293,atas/menurut,4,atas,,outside_policy | slash_gloss | annotative_expansion,42.58,6:135:4 | 11:93:3 | 17:84:4 | 20:40:32,on | (according) to | on | at,Gunakan gloss dominan Quranic sebagai default. Override hanya bila struktur sintaks jelas memaksa makna lain.
2628,كَانَ,323,adalah,157,adalah itu,1,adalah,ada | menjadi,outside_policy | annotative_expansion,42.58,4:22:13,was,"Untuk WBW, `adalah` lebih stabil daripada variasi gaya bebas."
2629,بَيۡنَ,70,antara,34,antara ia,1,antara,,outside_policy | annotative_expansion,42.57,18:96:7,between,Kekalkan sense dominan Quranic sebagai gloss lalai. Alternate hanya jika konteks memaksa.
2630,لَهُۥ,174,baginya,64,baginya (dia mempunyai),2,baginya,bagi-Nya | kepada-Nya | kepadanya,outside_policy | parenthetical | long_gloss | annotative_expansion,42.53,38:25:5 | 38:40:2,for him | for him,Pilih `baginya` sebagai default; guna `kepadanya` hanya jika struktur menuntut arah/penerima.
2631,لَا,616,tidak,476,tidak/jangan,3,tidak,jangan | janganlah | tidak ada,outside_policy | slash_gloss | annotative_expansion,42.52,63:9:4 | 65:1:13 | 66:7:4,(Let) not | (Do) not | (Do) not,Bezakan nafi dan larangan dari binaan fi'il; `tidak` kekal default.
2632,وَلَوۡ,103,walaupun,22,walaupun/meskipun,1,walaupun,dan jika | dan kalau | dan sekiranya,outside_policy | slash_gloss | annotative_expansion,42.41,75:15:1,Even if,Kekalkan sense dominan Quranic sebagai gloss lalai. Alternate hanya jika konteks memaksa.
2633,فَكَيۡفَ,16,maka bagaimana,10,maka bagaimana/alangkah,2,maka bagaimana,,outside_policy | slash_gloss | annotative_expansion,42.25,34:45:12 | 54:18:3,so how | so how,Kekalkan sense dominan Quranic sebagai gloss lalai. Alternate hanya jika konteks memaksa.
2634,خَلَقَ,57,menciptakan,27,yang menciptakan,1,menciptakan,Dia menciptakan | telah menciptakan,outside_policy | annotative_expansion,42.21,43:9:4,created,Kekalkan sense dominan Quranic sebagai gloss lalai. Alternate hanya jika konteks memaksa.
2635,مَّآ,19,apa,9,apa-apa,1,apa,,outside_policy | annotative_expansion,42.21,60:10:28,what,Kekalkan sense dominan Quranic sebagai gloss lalai. Alternate hanya jika konteks memaksa.
2636,مَّآ,19,apa,9,tidak dapat,1,apa,,outside_policy | annotative_expansion,42.21,8:63:10,not,Kekalkan sense dominan Quranic sebagai gloss lalai. Alternate hanya jika konteks memaksa.
2637,لَهُ,30,bagi-Nya,10,baginya,6,bagi-Nya,,outside_policy,42.17,2:247:14 | 4:115:8 | 25:39:3 | 38:36:2 | 69:35:2,for him | to him | for him | to him | for him,Kekalkan sense dominan Quranic sebagai gloss lalai. Alternate hanya jika konteks memaksa.
2638,يُؤۡمِنُ,18,ia beriman,6,beriman,6,ia beriman,,outside_policy,42.17,10:40:8 | 12:106:2 | 27:81:11 | 32:15:2 | 34:21:10,believe | believe | believe | believe | believes,Kekalkan sense dominan Quranic sebagai gloss lalai. Alternate hanya jika konteks memaksa.
2639,قَالَ,407,berkata,78,mengatakan,3,berkata,(Allah) berfirman | (Musa) berkata | dia berkata,outside_policy,42.08,2:118:12 | 3:173:2 | 5:110:2,said | said | said,Kekalkan sense dominan Quranic sebagai gloss lalai. Alternate hanya jika konteks memaksa.
2640,غَيۡرُ,20,tidak,6,selain,5,tidak,,outside_policy,42.00,6:46:13 | 28:71:14 | 28:72:14 | 35:3:10 | 52:43:4,other than | besides | besides | other (than) Allah | other than,Kekalkan sense dominan Quranic sebagai gloss lalai. Alternate hanya jika konteks memaksa.
2641,ٱتَّخَذَ,15,mengambil,3,mengambil/mempunyai,1,mengambil,,outside_policy | slash_gloss | annotative_expansion,42.00,10:68:2,Allah has taken,Kekalkan sense dominan Quranic sebagai gloss lalai. Alternate hanya jika konteks memaksa.
2642,ٱتَّخَذَ,15,mengambil,3,mengambil/menjadikan,1,mengambil,,outside_policy | slash_gloss | annotative_expansion,42.00,25:43:3,takes,Kekalkan sense dominan Quranic sebagai gloss lalai. Alternate hanya jika konteks memaksa.
2643,مِنۡ,253,dari,223,sebagian dari,2,dari,,outside_policy | annotative_expansion,41.94,17:1:16 | 43:15:3,of | from,Gunakan gloss dominan Quranic sebagai default. Override hanya bila struktur sintaks jelas memaksa makna lain.
2644,إِذَا,170,apabila,128,apabila/tatkala,3,apabila,,outside_policy | slash_gloss | annotative_expansion,41.92,19:35:9 | 63:1:1 | 72:24:2,When | When | when,Kekalkan sense dominan Quranic sebagai gloss lalai. Alternate hanya jika konteks memaksa.
2645,حَتَّىٰ,95,sehingga,78,sehingga/sampai,4,sehingga,,outside_policy | slash_gloss | annotative_expansion,41.88,4:15:15 | 10:109:6 | 12:66:5 | 23:25:9,until | until | until | until,Kekalkan sense dominan Quranic sebagai gloss lalai. Alternate hanya jika konteks memaksa.
2646,حَتَّىٰ,95,sehingga,78,sehingga/sebelum,4,sehingga,,outside_policy | slash_gloss | annotative_expansion,41.88,2:196:14 | 17:15:19 | 27:32:11 | 28:59:6,until | until | until | until,Kekalkan sense dominan Quranic sebagai gloss lalai. Alternate hanya jika konteks memaksa.
2647,مَآءٗ,20,air,15,air/hujan,3,air,,outside_policy | slash_gloss | annotative_expansion,41.83,8:11:10 | 14:32:9 | 16:65:5,water | water | water,Kekalkan sense dominan Quranic sebagai gloss lalai. Alternate hanya jika konteks memaksa.
2648,قَالَ,407,berkata,78,(Daud) berkata,1,berkata,(Allah) berfirman | (Musa) berkata | dia berkata,outside_policy | parenthetical | annotative_expansion,41.75,38:24:1,He said,Kekalkan sense dominan Quranic sebagai gloss lalai. Alternate hanya jika konteks memaksa.
2649,قَالَ,407,berkata,78,(Harun) berkata,1,berkata,(Allah) berfirman | (Musa) berkata | dia berkata,outside_policy | parenthetical | annotative_expansion,41.75,20:94:1,He said,Kekalkan sense dominan Quranic sebagai gloss lalai. Alternate hanya jika konteks memaksa.
2650,قَالَ,407,berkata,78,(Karun) berkata,1,berkata,(Allah) berfirman | (Musa) berkata | dia berkata,outside_policy | parenthetical | annotative_expansion,41.75,28:78:1,He said,Kekalkan sense dominan Quranic sebagai gloss lalai. Alternate hanya jika konteks memaksa.
2651,قَالَ,407,berkata,78,(Samiri) berkata,1,berkata,(Allah) berfirman | (Musa) berkata | dia berkata,outside_policy | parenthetical | annotative_expansion,41.75,20:96:1,He said,Kekalkan sense dominan Quranic sebagai gloss lalai. Alternate hanya jika konteks memaksa.
2652,قَالَ,407,berkata,78,(anak) berkata,1,berkata,(Allah) berfirman | (Musa) berkata | dia berkata,outside_policy | parenthetical | annotative_expansion,41.75,37:102:16,He said,Kekalkan sense dominan Quranic sebagai gloss lalai. Alternate hanya jika konteks memaksa.
2653,قَالَ,407,berkata,78,(anaknya) berkata,1,berkata,(Allah) berfirman | (Musa) berkata | dia berkata,outside_policy | parenthetical | annotative_expansion,41.75,11:43:1,He said,Kekalkan sense dominan Quranic sebagai gloss lalai. Alternate hanya jika konteks memaksa.
2654,قَالَ,407,berkata,78,(bujangnya) berkata,1,berkata,(Allah) berfirman | (Musa) berkata | dia berkata,outside_policy | parenthetical | annotative_expansion,41.75,18:63:1,He said,Kekalkan sense dominan Quranic sebagai gloss lalai. Alternate hanya jika konteks memaksa.
2655,قَالَ,407,berkata,78,(raja) berkata,1,berkata,(Allah) berfirman | (Musa) berkata | dia berkata,outside_policy | parenthetical | annotative_expansion,41.75,12:51:1,He said,Kekalkan sense dominan Quranic sebagai gloss lalai. Alternate hanya jika konteks memaksa.
2656,قَالَ,407,berkata,78,Yusuf berkata,1,berkata,(Allah) berfirman | (Musa) berkata | dia berkata,outside_policy | entity_or_pronoun_shift | annotative_expansion,41.75,12:89:1,He said,Kekalkan sense dominan Quranic sebagai gloss lalai. Alternate hanya jika konteks memaksa.
2657,قَالَ,407,berkata,78,berkata/kata,1,berkata,(Allah) berfirman | (Musa) berkata | dia berkata,outside_policy | slash_gloss | annotative_expansion,41.75,34:23:16,your Lord has said,Kekalkan sense dominan Quranic sebagai gloss lalai. Alternate hanya jika konteks memaksa.
2658,قَالَ,407,berkata,78,ia berkata/menjawab,1,berkata,(Allah) berfirman | (Musa) berkata | dia berkata,outside_policy | slash_gloss | annotative_expansion,41.75,12:90:5,He said,Kekalkan sense dominan Quranic sebagai gloss lalai. Alternate hanya jika konteks memaksa.
2659,قَالَ,407,berkata,78,mereka berkata,1,berkata,(Allah) berfirman | (Musa) berkata | dia berkata,outside_policy | entity_or_pronoun_shift | annotative_expansion,41.75,15:62:1,He said,Kekalkan sense dominan Quranic sebagai gloss lalai. Alternate hanya jika konteks memaksa.
2660,هَٰذَآ,32,ini,28,inilah,2,ini,,outside_policy | annotative_expansion,41.75,6:78:8 | 20:88:8,this (is) | This,Kekalkan sense dominan Quranic sebagai gloss lalai. Alternate hanya jika konteks memaksa.
2661,يَوۡمٍ,16,hari,14,pada hari,2,hari,,outside_policy | annotative_expansion,41.75,11:26:10 | 46:21:24,(of) a Day | (of) a Day,Kekalkan sense dominan Quranic sebagai gloss lalai. Alternate hanya jika konteks memaksa.
2662,ءَامَنُواْ,205,beriman,191,mereka beriman,9,beriman,,outside_policy | entity_or_pronoun_shift | annotative_expansion,41.73,2:137:2 | 4:39:4 | 7:87:5 | 10:98:11 | 18:13:8,they believe[d] | they believed | (who has) believed | they believed | who believed,Kekalkan sense dominan Quranic sebagai gloss lalai. Alternate hanya jika konteks memaksa.
2663,يَوۡمِ,31,hari,27,pada hari,2,hari,,outside_policy | annotative_expansion,41.63,26:189:4 | 38:81:2,(of the) day | (the) Day,Kekalkan sense dominan Quranic sebagai gloss lalai. Alternate hanya jika konteks memaksa.
2664,وَكَانَ,84,dan adalah,74,dan adalah dia,6,dan adalah,,outside_policy | long_gloss | annotative_expansion,41.60,18:34:1 | 19:13:5 | 19:51:8 | 19:54:9 | 19:55:1,And was | and he was | and was | and was | And he used,Kekalkan sense dominan Quranic sebagai gloss lalai. Alternate hanya jika konteks memaksa.
2665,ٱلۡأٓخِرَةِ,46,akhirat,40,hari akhirat,2,akhirat,,outside_policy | annotative_expansion,41.59,23:33:9 | 30:16:7,(of) the Hereafter | (of) the Hereafter,Kekalkan sense dominan Quranic sebagai gloss lalai. Alternate hanya jika konteks memaksa.
2666,لَهُ,30,bagi-Nya,10,kepada-Nya,7,bagi-Nya,,outside_policy,41.57,7:29:12 | 10:22:33 | 17:44:2 | 29:65:8 | 31:32:8,to Him | to Him | [to] Him | to Him | to Him,Kekalkan sense dominan Quranic sebagai gloss lalai. Alternate hanya jika konteks memaksa.
2667,أَمۡ,103,atau,62,atau/apakah,2,atau,,outside_policy | slash_gloss | annotative_expansion,41.56,2:133:1 | 29:4:1,Or | Or,Kekalkan sense dominan Quranic sebagai gloss lalai. Alternate hanya jika konteks memaksa.
2668,فِي,1098,dalam,380,pada yang,8,dalam,di | di dalam | pada | tentang,outside_policy,41.51,20:54:5 | 27:86:11 | 29:24:16 | 31:31:14 | 32:26:14,in | in | in | in | in,Gunakan `dalam` sebagai default. Tukar kepada `pada` atau `tentang` hanya jika binaan jelas menuntut bacaan tempat atau topik.
2669,أَحَدٗا,15,seseorang,9,seseorang/sesuatu,2,seseorang,,outside_policy | slash_gloss | annotative_expansion,41.50,72:18:8 | 72:20:8,anyone | anyone,Kekalkan gloss relatif yang stabil; jangan tambah rujukan entiti pada token ini.
2670,ٱلَّذِيٓ,52,yang,45,orang yang,2,yang,,outside_policy | annotative_expansion,41.46,6:154:7 | 40:30:2,the one who | (he) who,Kekalkan sense dominan Quranic sebagai gloss lalai. Alternate hanya jika konteks memaksa.
2671,ٱلَّذِيٓ,52,yang,45,orang-orang yang,2,yang,,outside_policy | annotative_expansion,41.46,40:38:2 | 58:9:17,the one who | the One Who,Kekalkan sense dominan Quranic sebagai gloss lalai. Alternate hanya jika konteks memaksa.
2672,ٱلۡأَرۡضِ,180,bumi,145,bumi/negeri,4,bumi,,outside_policy | slash_gloss | annotative_expansion,41.42,17:76:5 | 21:71:4 | 21:81:7 | 30:3:3,the land | the land | the land | land,Kekalkan sense dominan Quranic sebagai gloss lalai. Alternate hanya jika konteks memaksa.
2673,مِنَ,412,dari,303,dari/sebagian,3,dari,,outside_policy | slash_gloss | annotative_expansion,41.40,12:101:4 | 17:39:6 | 19:43:5,of | of | of,Gunakan gloss dominan Quranic sebagai default. Override hanya bila struktur sintaks jelas memaksa makna lain.
2674,ٱلۡمُنَٰفِقِينَ,15,orang-orang munafik,11,orang-orang munafik laki-laki,3,orang-orang munafik,,outside_policy | long_gloss | annotative_expansion,41.33,9:68:3 | 33:73:3 | 48:6:2,the hypocrite men | the hypocrite men | the hypocrite men,Kekalkan gloss relatif yang stabil; jangan tambah rujukan entiti pada token ini.
2675,أَهۡلِ,23,Ahli,7,penduduk,6,Ahli,,outside_policy,41.30,9:101:7 | 12:109:10 | 20:40:28 | 28:45:11 | 29:31:9,people | (the) people | (the) people | (the) people | (the) people,Kekalkan sense dominan Quranic sebagai gloss lalai. Alternate hanya jika konteks memaksa.
2676,مَا,707,apa,419,apa (harta),2,apa,apa yang | tidak | tidak ada,outside_policy | parenthetical | annotative_expansion,41.28,3:117:2 | 4:176:17,(of) what | (of) what,Defaultkan kepada `apa`. Tukar hanya bila sintaks jelas menunjukkan partikel nafi atau kata hubung relatif.
2677,مَا,707,apa,419,apa (rezeki),2,apa,apa yang | tidak | tidak ada,outside_policy | parenthetical | annotative_expansion,41.28,22:28:11 | 30:28:15,what | what,Defaultkan kepada `apa`. Tukar hanya bila sintaks jelas menunjukkan partikel nafi atau kata hubung relatif.
2678,مَا,707,apa,419,apa/keadaan,2,apa,apa yang | tidak | tidak ada,outside_policy | slash_gloss | annotative_expansion,41.28,13:11:16 | 13:11:20,(the condition) | what,Defaultkan kepada `apa`. Tukar hanya bila sintaks jelas menunjukkan partikel nafi atau kata hubung relatif.
2679,عَلَيۡكَ,50,atasmu,22,kewajiban atasmu,1,atasmu,atasmu/kepadamu | kepadamu,outside_policy | annotative_expansion,41.20,3:20:22,on you,Kekalkan sense dominan Quranic sebagai gloss lalai. Alternate hanya jika konteks memaksa.
2680,عَنِ,70,dari,51,dari/terhadap,3,dari,,outside_policy | slash_gloss | annotative_expansion,41.19,23:17:8 | 30:7:7 | 60:8:4,of | about | from,Kekalkan sense dominan Quranic sebagai gloss lalai. Alternate hanya jika konteks memaksa.
2681,كَفَرَ,16,kafir,7,ia kafir,1,kafir,,outside_policy | annotative_expansion,41.12,24:55:33,disbelieved,Kekalkan sense dominan Quranic sebagai gloss lalai. Alternate hanya jika konteks memaksa.
2682,مَعَ,49,beserta,19,bersama,17,beserta,,outside_policy,41.10,3:43:6 | 3:53:8 | 5:83:20 | 6:68:21 | 9:46:14,with | among | with | with | with,Kekalkan sense dominan Quranic sebagai gloss lalai. Alternate hanya jika konteks memaksa.
2683,شَيۡـٔٗا,39,sesuatu,17,segala sesuatu,1,sesuatu,sesuatu/sedikitpun,outside_policy | annotative_expansion,41.08,22:26:10,anything,Kekalkan sense dominan Quranic sebagai gloss lalai. Alternate hanya jika konteks memaksa.
2684,شَيۡـٔٗا,39,sesuatu,17,sesuatu apapun,1,sesuatu,sesuatu/sedikitpun,outside_policy | annotative_expansion,41.08,25:3:7,anything,Kekalkan sense dominan Quranic sebagai gloss lalai. Alternate hanya jika konteks memaksa.
2685,وَلَمۡ,47,dan tidak,34,dan tidak/belum,3,dan tidak,,outside_policy | slash_gloss | annotative_expansion,41.04,8:72:20 | 19:4:10 | 19:9:12,and (did) not | and not | while not,Kekalkan sense dominan Quranic sebagai gloss lalai. Alternate hanya jika konteks memaksa.
2686,أَشَدُّ,18,lebih/sangat,3,lebih/sangat keras,1,lebih/sangat,sangat,outside_policy | slash_gloss | annotative_expansion,41.00,20:127:11,(is) more severe,Kekalkan sense dominan Quranic sebagai gloss lalai. Alternate hanya jika konteks memaksa.
2687,مَآ,117,apa,68,apa (kurnia),2,apa,apa yang | tidak,outside_policy | parenthetical | annotative_expansion,40.94,4:37:7 | 4:54:5,what | what,"Defaultkan kepada makna leksikal yang stabil, bukan perluasan frasa."
2688,مَن,223,orang,69,barangsiapa,7,siapa,barang siapa | orang | orang yang,outside_policy,40.85,11:15:1 | 20:74:2 | 22:15:1 | 27:89:1 | 28:84:1,Whoever [is] | who | Whoever | Whoever | Whoever,Pilih `siapa` untuk fungsi soal/syarat; `orang/ orang yang` untuk fungsi relatif.
2689,هَلۡ,63,apakah,45,apakah/bukankah,3,apakah,,outside_policy | slash_gloss | annotative_expansion,40.76,21:3:7 | 76:1:1 | 89:5:1,Is | Has | Is,Kekalkan sense dominan Quranic sebagai gloss lalai. Alternate hanya jika konteks memaksa.
2690,أَهۡلِ,23,Ahli,7,ahli,7,Ahli,,outside_policy,40.70,4:123:5 | 4:159:3 | 33:26:5 | 59:2:7 | 59:11:11,(of the) People | (the) People | (the) People | (the) People | the People,Kekalkan sense dominan Quranic sebagai gloss lalai. Alternate hanya jika konteks memaksa.
2691,ٱلۡأَرۡضَ,45,bumi,37,bumi/negeri,5,bumi,,outside_policy | slash_gloss | annotative_expansion,40.67,7:100:5 | 12:80:26 | 14:14:2 | 21:44:13 | 39:74:8,the land | the land | (in) the land | (to) the land | the earth,Kekalkan sense dominan Quranic sebagai gloss lalai. Alternate hanya jika konteks memaksa.
2692,مِن,728,dari,711,daripada,3,dari,,outside_policy | annotative_expansion,40.63,2:158:4 | 2:219:13 | 40:10:8,(are) from | than | than,Gunakan gloss dominan Quranic sebagai default. Override hanya bila struktur sintaks jelas memaksa makna lain.
2693,وَمَن,183,dan barang siapa,104,dan barang siapa yang,2,dan barang siapa,dan barangsiapa | dan orang | dan siapa,outside_policy | long_gloss | annotative_expansion,40.55,31:12:13 | 31:23:1,And whoever | And whoever,Defaultkan kepada bentuk syarat yang stabil bila konteks memberi maksud umum.
2694,كُلُّ,46,tiap-tiap,26,tiap-tiap/segala,2,tiap-tiap,,outside_policy | slash_gloss | annotative_expansion,40.46,10:97:3 | 55:26:1,every | Everyone,Kekalkan sense dominan Quranic sebagai gloss lalai. Alternate hanya jika konteks memaksa.
2695,وَفِي,26,dan pada,8,dan di,8,dan pada,,outside_policy,40.36,2:201:9 | 6:3:5 | 7:156:7 | 13:4:1 | 14:27:10,and in | and in | and in | And in | and in,Kekalkan sense dominan Quranic sebagai gloss lalai. Alternate hanya jika konteks memaksa.
2696,ٱلۡجَحِيمِ,17,neraka,7,neraka jahanam,1,neraka,,outside_policy | annotative_expansion,40.35,52:18:8,(of) Hellfire,Kekalkan sense dominan Quranic sebagai gloss lalai. Alternate hanya jika konteks memaksa.
2697,أَخَافُ,20,aku takut,14,aku takut/khawatir,3,aku takut,,outside_policy | slash_gloss | annotative_expansion,40.33,19:45:3 | 40:30:6 | 40:32:3,[I] fear | [I] fear | [I] fear,Kekalkan sense dominan Quranic sebagai gloss lalai. Alternate hanya jika konteks memaksa.
2698,إِنَّهُۥ,141,sesungguhnya Dia,61,sesungguhnya Dia/Allah,3,sesungguhnya Dia,sesungguhnya | sesungguhnya dia | sesungguhnya ia,outside_policy | slash_gloss | entity_or_pronoun_shift | annotative_expansion,40.31,6:141:28 | 11:5:16 | 28:16:10,"Indeed, He | Indeed, He | Indeed He","Pilih rujukan pronomina mengikut antecedent, tetapi kekalkan penegas `sesungguhnya`."
2699,وَمِنَ,38,dan dari,19,dan dari/di antara,4,dan dari,,outside_policy | slash_gloss | long_gloss | annotative_expansion,40.25,2:204:1 | 5:14:1 | 9:98:1 | 13:36:8,And of | And from | And among | but among,Kekalkan sense dominan Quranic sebagai gloss lalai. Alternate hanya jika konteks memaksa.
2700,مِنۡ,253,dari,223,dari/termasuk,9,dari,,outside_policy | slash_gloss | annotative_expansion,40.22,3:186:22 | 11:45:8 | 11:46:5 | 12:24:17 | 37:81:2,(is) of | (is) of | of | (was) of | (was) of,Gunakan gloss dominan Quranic sebagai default. Override hanya bila struktur sintaks jelas memaksa makna lain.
2701,بِهِۦ,220,dengannya,122,dengan-Nya/Tuhan,2,dengannya,dengan-Nya | kepadanya | padanya,outside_policy | slash_gloss | annotative_expansion,40.14,6:151:10 | 30:35:9,with Him | with Him,Defaultkan kepada `dengannya`; jangan serap keseluruhan klausa ke dalam token ini.
2702,بِهِۦ,220,dengannya,122,dengannya/kerananya,2,dengannya,dengan-Nya | kepadanya | padanya,outside_policy | slash_gloss | annotative_expansion,40.14,11:12:8 | 100:4:2,by it | thereby,Defaultkan kepada `dengannya`; jangan serap keseluruhan klausa ke dalam token ini.
2703,بِهِۦ,220,dengannya,122,dengannya/terhadapnya,2,dengannya,dengan-Nya | kepadanya | padanya,outside_policy | slash_gloss | annotative_expansion,40.14,22:71:13 | 23:25:8,of it | concerning him,Defaultkan kepada `dengannya`; jangan serap keseluruhan klausa ke dalam token ini.
2704,كُلِّ,123,segala,68,segala/tiap-tiap,2,segala,setiap | tiap-tiap,outside_policy | slash_gloss | annotative_expansion,40.09,6:164:8 | 23:88:5,(of) every | (of) all,Kekalkan sense dominan Quranic sebagai gloss lalai. Alternate hanya jika konteks memaksa.
2705,كُلِّ,123,segala,68,setiap/segala,2,segala,setiap | tiap-tiap,outside_policy | slash_gloss | annotative_expansion,40.09,55:52:3 | 58:6:13,(are) every | all,Kekalkan sense dominan Quranic sebagai gloss lalai. Alternate hanya jika konteks memaksa.
2706,كُلِّ,123,segala,68,tiap-tiap/segala,2,segala,setiap | tiap-tiap,outside_policy | slash_gloss | annotative_expansion,40.09,15:19:9 | 16:112:12,every | every,Kekalkan sense dominan Quranic sebagai gloss lalai. Alternate hanya jika konteks memaksa.
2707,عَلَىٰٓ,81,atas,65,atas/terhadap,5,atas,,outside_policy | slash_gloss | annotative_expansion,40.07,4:135:10 | 12:21:26 | 18:66:6 | 23:6:2 | 70:30:2,(it is) against | over | on | from | from,Kekalkan sense dominan Quranic sebagai gloss lalai. Alternate hanya jika konteks memaksa.
2708,بِغَيۡرِ,41,dengan tidak/tanpa,13,dengan tidak,10,dengan tidak/tanpa,,outside_policy,40.01,2:61:53 | 2:212:19 | 3:37:33 | 6:140:7 | 16:25:10,without (any) | without | without | without | without,Kekalkan sense dominan Quranic sebagai gloss lalai. Alternate hanya jika konteks memaksa.
2709,ٱلۡمَلَـٰٓئِكَةُ,20,Malaikat,11,para malaikat,2,Malaikat,,outside_policy | entity_or_pronoun_shift | annotative_expansion,40.00,15:30:2 | 97:4:2,the Angels | the Angels,Kekalkan sense dominan Quranic sebagai gloss lalai. Alternate hanya jika konteks memaksa.
2710,وَلَا,604,dan tidak,329,dan tidak boleh,2,dan tidak,dan jangan | dan janganlah | dan tidak ada,outside_policy | long_gloss | annotative_expansion,39.84,2:197:10 | 2:197:12,and no | and no,Gunakan bentuk larangan hanya apabila fi'il selepasnya jelas larangan.
2711,وَلَا,604,dan tidak,329,dan tidak/jangan,2,dan tidak,dan jangan | dan janganlah | dan tidak ada,outside_policy | slash_gloss | annotative_expansion,39.84,6:14:21 | 65:1:17,and not | and not,Gunakan bentuk larangan hanya apabila fi'il selepasnya jelas larangan.
2712,وَلَا,604,dan tidak,329,dan tidak/tanpa,2,dan tidak,dan jangan | dan janganlah | dan tidak ada,outside_policy | slash_gloss | annotative_expansion,39.84,22:8:9 | 22:8:11,and not | and not,Gunakan bentuk larangan hanya apabila fi'il selepasnya jelas larangan.
2713,ٱلۡكِتَٰبَ,74,Kitab,29,Al kitab,1,Kitab,Al Kitab | kitab,outside_policy | annotative_expansion,39.76,45:16:5,the Book,Kekalkan sense dominan Quranic sebagai gloss lalai. Alternate hanya jika konteks memaksa.
2714,ٱلۡكِتَٰبَ,74,Kitab,29,Al-Kitab,1,Kitab,Al Kitab | kitab,outside_policy | annotative_expansion,39.76,29:51:6,the Book,Kekalkan sense dominan Quranic sebagai gloss lalai. Alternate hanya jika konteks memaksa.
2715,ٱلرَّحۡمَٰنُ,20,Maha Pengasih,15,Yang Maha Pengasih,4,Maha Pengasih,,outside_policy | long_gloss | annotative_expansion,39.75,19:88:3 | 36:15:9 | 78:38:12 | 55:1:1,the Most Gracious | the Most Gracious | the Most Gracious | The Most Gracious,Kekalkan sense dominan Quranic sebagai gloss lalai. Alternate hanya jika konteks memaksa.
2716,عَلَى,242,atas,131,atas/dalam,2,atas,atas/terhadap | di atas | kepada | terhadap,outside_policy | slash_gloss | annotative_expansion,39.74,5:2:39 | 5:2:44,in | in,Sama seperti `عَلَىٰ`; kekalkan preposisi dasar.
2717,عَلَى,242,atas,131,atas/untuk,2,atas,atas/terhadap | di atas | kepada | terhadap,outside_policy | slash_gloss | annotative_expansion,39.74,5:3:24 | 8:65:5,on | to,Sama seperti `عَلَىٰ`; kekalkan preposisi dasar.
2718,فِي,1098,dalam,380,di muka,19,dalam,di | di dalam | pada | tentang,outside_policy,39.70,31:18:7 | 38:26:5 | 40:21:3 | 40:21:19 | 40:26:16,in | in | in | in | in,Gunakan `dalam` sebagai default. Tukar kepada `pada` atau `tentang` hanya jika binaan jelas menuntut bacaan tempat atau topik.
2719,هُوَ,239,Dia,129,dia/adalah,2,Dia,Dialah | dia | ia,outside_policy | slash_gloss | annotative_expansion,39.69,14:18:20 | 35:32:19,[it] | is,Pilih `Dia` bila rujukan kepada Allah jelas; selain itu `dia/ia` mengikut antecedent.
2720,يَكُونُ,18,adalah,7,adalah ia,1,adalah,,outside_policy | annotative_expansion,39.67,57:20:24,becomes,Kekalkan sense dominan Quranic sebagai gloss lalai. Alternate hanya jika konteks memaksa.
2721,بِهِۦٓ,31,dengannya,21,dengannya/kepadanya,3,dengannya,,outside_policy | slash_gloss | annotative_expansion,39.66,6:110:7 | 17:107:3 | 28:53:6,in it | in it | in it,Kekalkan sense dominan Quranic sebagai gloss lalai. Alternate hanya jika konteks memaksa.
2722,إِلَىٰ,211,kepada,157,kepada/sampai,4,kepada,,outside_policy | slash_gloss | annotative_expansion,39.57,4:87:7 | 5:64:31 | 37:148:3 | 77:22:1,to | till | for | For,Gunakan gloss dominan Quranic sebagai default. Override hanya bila struktur sintaks jelas memaksa makna lain.
2723,بِمَا,253,dengan apa,71,tentang apa,8,dengan apa,dengan sebab | dengan/terhadap apa | disebabkan | terhadap apa,outside_policy,39.54,5:105:17 | 6:60:20 | 6:164:26 | 31:15:27 | 31:23:9,of what | about what | about what | of what | of what,Pilih makna instrumental `dengan apa` sebagai default; sebab/kausal hanya bila konteks jelas.
2724,هَٰذِهِۦ,15,ini,12,inilah,2,ini,,outside_policy | annotative_expansion,39.50,11:64:2 | 55:43:1,This | This,Kekalkan sense dominan Quranic sebagai gloss lalai. Alternate hanya jika konteks memaksa.
2725,عَلَىٰ,347,atas,293,atas/terhadap,8,atas,,outside_policy | slash_gloss | annotative_expansion,39.46,3:135:19 | 3:153:16 | 3:165:17 | 4:156:3 | 11:18:17,on | over | (is) on | against | against,Gunakan gloss dominan Quranic sebagai default. Override hanya bila struktur sintaks jelas memaksa makna lain.
2726,بِغَيۡرِ,41,dengan tidak/tanpa,13,dengan tanpa,13,dengan tidak/tanpa,,outside_policy,39.44,7:146:8 | 24:38:13 | 31:6:11 | 31:10:3 | 31:20:24,without | without | without | without | without,Kekalkan sense dominan Quranic sebagai gloss lalai. Alternate hanya jika konteks memaksa.
2727,وَلَوۡ,103,walaupun,22,meskipun,5,walaupun,dan jika | dan kalau | dan sekiranya,outside_policy,39.41,5:100:6 | 18:109:15 | 40:14:6 | 61:8:9 | 61:9:12,even if | even if | even though | although | although,Kekalkan sense dominan Quranic sebagai gloss lalai. Alternate hanya jika konteks memaksa.
2728,بِٱللَّهِ,131,kepada Allah,78,dengan/kepada Allah,10,kepada Allah,dengan Allah,outside_policy | slash_gloss | entity_or_pronoun_shift | annotative_expansion,39.36,2:177:13 | 3:101:12 | 3:154:17 | 3:199:7 | 4:132:9,in Allah | to Allah | about Allah | in Allah | Allah,Kekalkan sense dominan Quranic sebagai gloss lalai. Alternate hanya jika konteks memaksa.
2729,أَظۡلَمُ,15,lebih zalim,10,yang lebih zalim,3,lebih zalim,,outside_policy | long_gloss | annotative_expansion,39.33,6:93:2 | 7:37:2 | 39:32:2,(is) more unjust | (is) more unjust | (is) more unjust,Kekalkan sense dominan Quranic sebagai gloss lalai. Alternate hanya jika konteks memaksa.
2730,ءَامَنُواْ,205,beriman,191,yang beriman,3,beriman,,outside_policy | annotative_expansion,39.28,58:11:21 | 59:10:19 | 59:18:3,believe | believed | believe,Kekalkan sense dominan Quranic sebagai gloss lalai. Alternate hanya jika konteks memaksa.
2731,بِمَآ,43,dengan apa,11,dengan apa (Al-Quran),2,dengan apa,dengan/menurut apa,outside_policy | parenthetical | long_gloss | annotative_expansion,39.17,2:91:5 | 4:166:4,in what | to what,Kekalkan sense dominan Quranic sebagai gloss lalai. Alternate hanya jika konteks memaksa.
2732,أَنزَلَ,47,menurunkan,37,telah menurunkan,2,menurunkan,,outside_policy | annotative_expansion,39.12,18:1:4 | 39:21:5,(has) revealed | sends down,Kekalkan sense dominan Quranic sebagai gloss lalai. Alternate hanya jika konteks memaksa.
2733,عَذَابٌ,48,azab,25,azab/seksa,2,azab,,outside_policy | slash_gloss | annotative_expansion,39.12,3:77:26 | 3:188:19,(is) a punishment | (is a) punishment,Kekalkan sense dominan Quranic sebagai gloss lalai. Alternate hanya jika konteks memaksa.
2734,عَذَابٌ,48,azab,25,azab/seksaan,2,azab,,outside_policy | slash_gloss | annotative_expansion,39.12,9:61:25 | 14:22:43,(is) a punishment | (is) a punishment,Kekalkan sense dominan Quranic sebagai gloss lalai. Alternate hanya jika konteks memaksa.
2735,عَذَابٌ,48,azab,25,seksa/azab,2,azab,,outside_policy | slash_gloss | annotative_expansion,39.12,3:176:21 | 3:177:11,(is) a punishment | (is) a punishment,Kekalkan sense dominan Quranic sebagai gloss lalai. Alternate hanya jika konteks memaksa.
2736,عَلَىٰ,347,atas,293,atas/kepada,9,atas,,outside_policy | slash_gloss | annotative_expansion,39.11,7:138:6 | 11:18:10 | 14:11:12 | 16:2:6 | 18:1:5,upon | before | on | upon | to,Gunakan gloss dominan Quranic sebagai default. Override hanya bila struktur sintaks jelas memaksa makna lain.
2737,عَمَّا,44,dari apa,29,dari apa yang,3,dari apa,,outside_policy | long_gloss | annotative_expansion,39.11,2:149:16 | 6:132:8 | 52:43:8,of what | about what | from what,Kekalkan sense dominan Quranic sebagai gloss lalai. Alternate hanya jika konteks memaksa.
2738,وَيَوۡمَ,44,dan pada hari,29,dan pada hari itu,3,dan pada hari,,outside_policy | long_gloss | annotative_expansion,39.11,25:25:1 | 27:83:1 | 28:62:1,And (the) Day | And (the) Day | And (the) Day,Kekalkan sense dominan Quranic sebagai gloss lalai. Alternate hanya jika konteks memaksa.
2739,لَّا,131,tidak,103,tidak dapat,2,tidak,,outside_policy | annotative_expansion,39.09,2:123:3 | 6:115:6,not | No,Kekalkan sense dominan Quranic sebagai gloss lalai. Alternate hanya jika konteks memaksa.
2740,لَّا,131,tidak,103,tidaklah,2,tidak,,outside_policy | annotative_expansion,39.09,4:95:1 | 22:73:23,Not | not,Kekalkan sense dominan Quranic sebagai gloss lalai. Alternate hanya jika konteks memaksa.
2741,ٱلدُّنۡيَا,88,dunia,81,duniawi,3,dunia,,outside_policy | annotative_expansion,38.95,8:67:14 | 28:60:7 | 28:61:11,(of) the world | (of) the world | (of) the world,Kekalkan sense dominan Quranic sebagai gloss lalai. Alternate hanya jika konteks memaksa.
2742,إِلَّا,562,kecuali,366,kecuali/hanya,3,kecuali,hanyalah | melainkan | selain,outside_policy | slash_gloss | annotative_expansion,38.87,7:53:3 | 12:68:15 | 17:93:24,except | but | but,Kekalkan pengecualian sebagai sense utama.
2743,مِّنَ,281,dari,248,dari/termasuk,18,dari,,outside_policy | slash_gloss | annotative_expansion,38.87,7:11:15 | 7:71:24 | 10:20:15 | 10:102:14 | 10:106:15,of | of | among | among | of,Gunakan gloss dominan Quranic sebagai default. Override hanya bila struktur sintaks jelas memaksa makna lain.
2744,أَنفُسَهُمۡ,29,diri mereka,17,diri mereka sendiri,11,diri mereka,,outside_policy | long_gloss | entity_or_pronoun_shift | annotative_expansion,38.86,3:69:11 | 3:117:16 | 3:135:7 | 6:26:9 | 7:53:33,themselves | themselves | themselves  | themselves | themselves,Kekalkan sense dominan Quranic sebagai gloss lalai. Alternate hanya jika konteks memaksa.
2745,فِيٓ,86,dalam,31,ke dalam,1,dalam,di | pada | tentang,outside_policy | annotative_expansion,38.81,14:9:23,in,Variasi hamzah/waqaf. Kekalkan gloss dasar `dalam` kecuali konteks memaksa bacaan topikal.
2746,وَمَآ,131,dan tidak,36,dan apakah,10,dan apa,dan apa yang | dan tidak | dan tidaklah,outside_policy,38.74,69:3:1 | 74:27:1 | 77:14:1 | 82:17:1 | 83:8:1,And what | And what | And what | And what | And what,Defaultkan kepada token-faithful gloss; jangan serap makna frasa jiran.
2747,لَا,616,tidak,476,tidak dapat,2,tidak,jangan | janganlah | tidak ada,outside_policy | annotative_expansion,38.68,10:43:10 | 27:80:2,(do) not | (can) not,Bezakan nafi dan larangan dari binaan fi'il; `tidak` kekal default.
2748,أَنَّهُۥ,17,bahawasanya,6,bahawasanya dia,1,bahawasanya,,outside_policy | annotative_expansion,38.59,9:114:14,that he,Kekalkan sense dominan Quranic sebagai gloss lalai. Alternate hanya jika konteks memaksa.
2749,وَلَوۡ,103,walaupun,22,dan jikalau,6,walaupun,dan jika | dan kalau | dan sekiranya,outside_policy,38.57,2:220:19 | 4:64:9 | 4:83:10 | 9:59:1 | 11:118:1,And if | And if | But if | And if | And if,Kekalkan sense dominan Quranic sebagai gloss lalai. Alternate hanya jika konteks memaksa.
2750,ٱتَّخَذُواْ,17,mereka mengambil,4,mereka mengambil/menjadikan,2,mereka mengambil,(mereka) mengambil/menjadikan,outside_policy | slash_gloss | entity_or_pronoun_shift | annotative_expansion,38.56,18:15:3 | 25:30:6,have taken | took,Kekalkan sense dominan Quranic sebagai gloss lalai. Alternate hanya jika konteks memaksa.
2751,ٱلۡحَقُّ,37,kebenaran,13,kebenaran itu,1,kebenaran,benar | hak,outside_policy | annotative_expansion,38.54,3:60:1,The truth,Kekalkan sense dominan Quranic sebagai gloss lalai. Alternate hanya jika konteks memaksa.
2752,بَلۡ,96,bahkan,48,tidak/bahkan,2,bahkan,bahkan/tetapi,outside_policy | slash_gloss | annotative_expansion,38.50,2:170:9 | 12:18:7,Nay | Nay,Kekalkan sense dominan Quranic sebagai gloss lalai. Alternate hanya jika konteks memaksa.
2753,وَمِنَ,38,dan dari,19,dan dari/sebagian,2,dan dari,,outside_policy | slash_gloss | annotative_expansion,38.50,2:165:1 | 17:79:1,And among | And from,Kekalkan sense dominan Quranic sebagai gloss lalai. Alternate hanya jika konteks memaksa.
2754,ٱلۡفَوۡزُ,16,keuntungan,8,keuntungan/kemenangan,2,keuntungan,,outside_policy | slash_gloss | annotative_expansion,38.50,37:60:4 | 40:9:11,(is) the attainment | (is) the success,Kekalkan sense dominan Quranic sebagai gloss lalai. Alternate hanya jika konteks memaksa.
2755,ذَٰلِكَ,264,demikian itu,131,demikian/itulah,2,demikian itu,demikian | demikian/itu,outside_policy | slash_gloss | annotative_expansion,38.39,9:89:11 | 12:40:25,That | That,Kekalkan sense dominan Quranic sebagai gloss lalai. Alternate hanya jika konteks memaksa.
2756,فِي,1098,dalam,380,dalam beberapa,1,dalam,di | di dalam | pada | tentang,outside_policy | annotative_expansion,38.38,50:36:11,throughout,Gunakan `dalam` sebagai default. Tukar kepada `pada` atau `tentang` hanya jika binaan jelas menuntut bacaan tempat atau topik.
2757,لَا,616,tidak,476,kamu tidak,6,tidak,jangan | janganlah | tidak ada,outside_policy | entity_or_pronoun_shift | annotative_expansion,38.35,17:68:12 | 17:69:17 | 20:119:2 | 21:7:13 | 24:19:19,not | not | not | (do) not | (do) not,Bezakan nafi dan larangan dari binaan fi'il; `tidak` kekal default.
2758,شَآءَ,54,menghendaki,41,dia menghendaki,2,menghendaki,,outside_policy | annotative_expansion,38.28,74:55:2 | 76:29:5,wills | wills,Kekalkan sense dominan Quranic sebagai gloss lalai. Alternate hanya jika konteks memaksa.
2759,شَآءَ,54,menghendaki,41,ia menghendaki,2,menghendaki,,outside_policy | annotative_expansion,38.28,78:39:5 | 80:12:2,wills | wills,Kekalkan sense dominan Quranic sebagai gloss lalai. Alternate hanya jika konteks memaksa.
2760,شَيۡءٖ,98,sesuatu,88,segala sesuatu,3,sesuatu,,outside_policy | annotative_expansion,38.27,6:52:15 | 6:52:21 | 57:29:8,anything | anything | anything,Kekalkan sense dominan Quranic sebagai gloss lalai. Alternate hanya jika konteks memaksa.
2761,بِهَا,51,dengannya,32,dengannya/kepadanya,3,dengannya,,outside_policy | slash_gloss | annotative_expansion,38.16,12:24:5 | 20:16:7 | 75:25:4,her | in it | to them,Kekalkan sense dominan Quranic sebagai gloss lalai. Alternate hanya jika konteks memaksa.
2762,بِهَا,51,dengannya,32,dengannya/padanya,3,dengannya,,outside_policy | slash_gloss | annotative_expansion,38.16,30:10:12 | 55:43:5 | 83:28:3,of them | [of it] | from it,Kekalkan sense dominan Quranic sebagai gloss lalai. Alternate hanya jika konteks memaksa.
2763,مَلَكَتۡ,15,memiliki,5,yang memiliki,1,memiliki,,outside_policy | annotative_expansion,38.00,24:31:46,possess,Kekalkan sense dominan Quranic sebagai gloss lalai. Alternate hanya jika konteks memaksa.
2764,هِيَ,45,ia,15,padahal ia,1,ia,dia | itulah,outside_policy | annotative_expansion,38.00,33:13:20,they,Pronomina feminin; jangan tambah frasa penjelas kecuali perlu.
2765,إِلَّآ,100,kecuali,69,kecuali/selain,4,kecuali,,outside_policy | slash_gloss | annotative_expansion,37.95,3:147:4 | 4:62:14 | 6:158:3 | 12:40:23,except | except | except | but,Kekalkan sense dominan Quranic sebagai gloss lalai. Alternate hanya jika konteks memaksa.
2766,قَلِيلٗا,38,sedikit,26,sedikit/sebentar,4,sedikit,,outside_policy | slash_gloss | annotative_expansion,37.78,17:52:9 | 17:76:13 | 33:16:15 | 33:20:23,a little (while) | a little | a little | a little,Kekalkan sense dominan Quranic sebagai gloss lalai. Alternate hanya jika konteks memaksa.
2767,مِنۡ,253,dari,223,daripada,3,dari,,outside_policy | annotative_expansion,37.78,2:235:7 | 29:62:6 | 30:48:24,of | of | of,Gunakan gloss dominan Quranic sebagai default. Override hanya bila struktur sintaks jelas memaksa makna lain.
2768,أَن,461,bahawa,315,bahawa/supaya,4,bahawa,agar | supaya | untuk,outside_policy | slash_gloss | annotative_expansion,37.75,5:49:11 | 6:156:1 | 7:20:19 | 21:31:5,lest | Lest | that | lest,Gunakan `bahawa` sebagai lalai. Bentuk infinitif/tujuan sahaja patut menggeser kepada `untuk/supaya/agar`.
2769,أَن,461,bahawa,315,bahawa/untuk,4,bahawa,agar | supaya | untuk,outside_policy | slash_gloss | annotative_expansion,37.75,2:27:13 | 2:282:80 | 9:32:2 | 9:44:8,to | that | to | that,Gunakan `bahawa` sebagai lalai. Bentuk infinitif/tujuan sahaja patut menggeser kepada `untuk/supaya/agar`.
2770,جَآءَ,57,datang,35,datang/membawa,3,datang,,outside_policy | slash_gloss | annotative_expansion,37.75,27:89:2 | 27:90:2 | 39:33:2,comes | comes | brought,Kekalkan sense dominan Quranic sebagai gloss lalai. Alternate hanya jika konteks memaksa.
2771,فَلَا,145,maka tidak,47,maka tidaklah,1,maka tidak,maka jangan | maka janganlah | maka tidak ada,outside_policy | annotative_expansion,37.72,46:8:7,then not,Kekalkan sense dominan Quranic sebagai gloss lalai. Alternate hanya jika konteks memaksa.
2772,إِنۡ,91,jika,29,jika tidak,1,jika,tidak | tidak lain | tidaklah,outside_policy | annotative_expansion,37.56,10:68:15,Not,"Bezakan bentuk syarat dan nafi berdasarkan konteks, tetapi kekalkan gloss stabil apabila ragu."
2773,كُلّٞ,19,masing-masing,6,masing-masing semuanya,1,masing-masing,semuanya,outside_policy | annotative_expansion,37.47,21:85:5,all,Kekalkan sense dominan Quranic sebagai gloss lalai. Alternate hanya jika konteks memaksa.
2774,لَيۡسَ,38,tidak,12,tidak dapat,1,tidak,tidak ada | tidak/bukan,outside_policy | annotative_expansion,37.47,6:122:16,not,Kekalkan sense dominan Quranic sebagai gloss lalai. Alternate hanya jika konteks memaksa.
2775,لَيۡسَ,38,tidak,12,tidaklah,1,tidak,tidak ada | tidak/bukan,outside_policy | annotative_expansion,37.47,7:61:3,There is not,Kekalkan sense dominan Quranic sebagai gloss lalai. Alternate hanya jika konteks memaksa.
2776,لَيۡسَ,38,tidak,12,yang tidak,1,tidak,tidak ada | tidak/bukan,outside_policy | annotative_expansion,37.47,24:15:7,not,Kekalkan sense dominan Quranic sebagai gloss lalai. Alternate hanya jika konteks memaksa.
2777,هَلۡ,63,apakah,45,apakah/mahukah,5,apakah,,outside_policy | slash_gloss | annotative_expansion,37.43,18:103:2 | 20:120:6 | 28:12:7 | 34:7:4 | 37:54:2,Shall | Shall | Shall I | Shall | Will,Kekalkan sense dominan Quranic sebagai gloss lalai. Alternate hanya jika konteks memaksa.
2778,ٱلۡعِقَابِ,16,seksa,5,seksa-Nya,1,seksa,,outside_policy | annotative_expansion,37.38,2:211:20,in [the] chastising,Kekalkan sense dominan Quranic sebagai gloss lalai. Alternate hanya jika konteks memaksa.
2779,ٱلۡكِتَٰبِ,74,Kitab,34,Kitab/Al-Quran,2,Kitab,Al Kitab | kitab,outside_policy | slash_gloss | annotative_expansion,37.28,4:140:5 | 39:1:2,the Book | (of) the Book,Kekalkan sense dominan Quranic sebagai gloss lalai. Alternate hanya jika konteks memaksa.
2780,مِّن,372,dari,363,daripada,5,dari,,outside_policy | annotative_expansion,37.27,2:221:9 | 2:221:21 | 2:263:5 | 3:22:10 | 47:13:7,than | than | than | any | than,Gunakan gloss dominan Quranic sebagai default. Override hanya bila struktur sintaks jelas memaksa makna lain.
2781,قَالَ,407,berkata,78,dia (Zakaria) berkata,2,berkata,(Allah) berfirman | (Musa) berkata | dia berkata,outside_policy | parenthetical | long_gloss | annotative_expansion,37.25,3:40:1 | 3:41:1,He said | He said,Kekalkan sense dominan Quranic sebagai gloss lalai. Alternate hanya jika konteks memaksa.
2782,قَالَ,407,berkata,78,dia berkata (berdo'a),2,berkata,(Allah) berfirman | (Musa) berkata | dia berkata,outside_policy | parenthetical | long_gloss | annotative_expansion,37.25,28:21:5 | 28:22:5,He said | he said,Kekalkan sense dominan Quranic sebagai gloss lalai. Alternate hanya jika konteks memaksa.
2783,يَسۡمَعُونَ,18,mereka mendengar,12,mereka mendengarkan,4,mereka mendengar,,outside_policy | entity_or_pronoun_shift | annotative_expansion,37.25,2:75:9 | 16:65:16 | 30:23:14 | 41:4:7,(who used to) hear | who listen | who listen | hear,Kekalkan sense dominan Quranic sebagai gloss lalai. Alternate hanya jika konteks memaksa.
2784,ٱلدِّينِ,24,pembalasan,11,pembalasan/kiamat,2,pembalasan,,outside_policy | slash_gloss | annotative_expansion,37.25,15:35:6 | 26:82:8,(of) [the] Judgment | (of) the Judgment,Kekalkan sense dominan Quranic sebagai gloss lalai. Alternate hanya jika konteks memaksa.
2785,لَمۡ,89,tidak,62,tidak/belum,5,tidak,,outside_policy | slash_gloss | annotative_expansion,36.90,3:188:11 | 5:20:18 | 39:42:7 | 55:74:1 | 89:8:2,not | not | (does) not | Not | not,Kekalkan sense dominan Quranic sebagai gloss lalai. Alternate hanya jika konteks memaksa.
2786,إِلَى,140,kepada,101,kepada/untuk,6,kepada,ke | sampai,outside_policy | slash_gloss | annotative_expansion,36.81,3:52:9 | 4:142:9 | 5:6:6 | 7:198:3 | 68:42:6,to | for | for | to | to,Defaultkan kepada `kepada`.
2787,مِمَّا,51,dari apa,16,dari apa (binatang),3,dari apa,,outside_policy | parenthetical | long_gloss | annotative_expansion,36.75,6:118:2 | 6:119:5 | 6:121:3,of what | of what | of that,Kekalkan sense dominan Quranic sebagai gloss lalai. Alternate hanya jika konteks memaksa.
2788,مِمَّا,51,dari apa,16,dari apa (harta),3,dari apa,,outside_policy | parenthetical | long_gloss | annotative_expansion,36.75,3:92:6 | 4:12:28 | 4:33:4,from what | of what | of what,Kekalkan sense dominan Quranic sebagai gloss lalai. Alternate hanya jika konteks memaksa.
2789,تَدۡعُونَ,16,kamu seru,5,kamu seru/sembah,3,kamu seru,,outside_policy | slash_gloss | entity_or_pronoun_shift | annotative_expansion,36.71,6:56:7 | 7:37:25 | 39:38:12,you call | invoke | you invoke,Kekalkan sense dominan Quranic sebagai gloss lalai. Alternate hanya jika konteks memaksa.
2790,إِلَّآ,100,kecuali,69,kecuali/melainkan,5,kecuali,,outside_policy | slash_gloss | annotative_expansion,36.70,2:210:3 | 6:38:10 | 7:94:7 | 9:118:21 | 38:70:4,[except] | but | except | except | except,Kekalkan sense dominan Quranic sebagai gloss lalai. Alternate hanya jika konteks memaksa.
2791,نَفۡسٖ,16,diri,7,jiwa/diri,2,diri,,outside_policy | slash_gloss | annotative_expansion,36.62,50:21:3 | 86:4:3,soul | soul,Kekalkan sense dominan Quranic sebagai gloss lalai. Alternate hanya jika konteks memaksa.
2792,شَيۡـٔٗا,39,sesuatu,17,sedikitpun/sesuatu,2,sesuatu,sesuatu/sedikitpun,outside_policy | slash_gloss | annotative_expansion,36.58,8:19:18 | 36:23:13,anything | (in) anything,Kekalkan sense dominan Quranic sebagai gloss lalai. Alternate hanya jika konteks memaksa.
2793,شَيۡـٔٗا,39,sesuatu,17,sesuatu/sama sekali,2,sesuatu,sesuatu/sedikitpun,outside_policy | slash_gloss | annotative_expansion,36.58,19:9:14 | 19:67:10,anything.' | anything,Kekalkan sense dominan Quranic sebagai gloss lalai. Alternate hanya jika konteks memaksa.
2794,شَيۡـٔٗا,39,sesuatu,17,sesuatu/sedikit,2,sesuatu,sesuatu/sedikitpun,outside_policy | slash_gloss | annotative_expansion,36.58,17:74:8 | 44:41:7,(in) something | anything,Kekalkan sense dominan Quranic sebagai gloss lalai. Alternate hanya jika konteks memaksa.
2795,ضَلَّ,18,sesat,5,dia tersesat,1,sesat,ia sesat | ia telah sesat,outside_policy | annotative_expansion,36.33,53:30:10,strays,Kekalkan sense dominan Quranic sebagai gloss lalai. Alternate hanya jika konteks memaksa.
2796,ضَلَّ,18,sesat,5,telah sesat,1,sesat,ia sesat | ia telah sesat,outside_policy | annotative_expansion,36.33,37:71:2,went astray,Kekalkan sense dominan Quranic sebagai gloss lalai. Alternate hanya jika konteks memaksa.
2797,كُلُّ,46,tiap-tiap,26,tiap-tiap/semua,3,tiap-tiap,,outside_policy | slash_gloss | annotative_expansion,36.29,17:38:1 | 22:2:4 | 22:2:9,All | every | every,Kekalkan sense dominan Quranic sebagai gloss lalai. Alternate hanya jika konteks memaksa.
2798,أَوَّلَ,16,pertama,11,pertama-tama,2,pertama,,outside_policy | annotative_expansion,36.12,26:51:10 | 39:12:4,(the) first | (the) first,Kekalkan sense dominan Quranic sebagai gloss lalai. Alternate hanya jika konteks memaksa.
2799,رَحۡمَةٗ,17,rahmat,14,suatu rahmat,3,rahmat,,outside_policy | annotative_expansion,36.04,10:21:4 | 28:86:9 | 30:36:4,mercy | (as) a mercy | mercy,Kekalkan sense dominan Quranic sebagai gloss lalai. Alternate hanya jika konteks memaksa.
2800,قَلِيلٗا,38,sedikit,26,amat sedikit,2,sedikit,,outside_policy | annotative_expansion,36.03,7:3:12 | 27:62:14,Little | Little,Kekalkan sense dominan Quranic sebagai gloss lalai. Alternate hanya jika konteks memaksa.
2801,قَلِيلٗا,38,sedikit,26,sedikit sekali,2,sedikit,,outside_policy | annotative_expansion,36.03,32:9:12 | 40:58:11,little | Little,Kekalkan sense dominan Quranic sebagai gloss lalai. Alternate hanya jika konteks memaksa.
2802,أَن,461,bahawa,315,bahawa akan,2,bahawa,agar | supaya | untuk,outside_policy | annotative_expansion,36.00,16:45:5 | 19:45:4,that | that,Gunakan `bahawa` sebagai lalai. Bentuk infinitif/tujuan sahaja patut menggeser kepada `untuk/supaya/agar`.
2803,بِهِۦ,220,dengannya,122,dengan-Nya/Dia,3,dengannya,dengan-Nya | kepadanya | padanya,outside_policy | slash_gloss | annotative_expansion,35.97,4:116:7 | 25:58:10 | 34:27:5,with Him | He | with Him,Defaultkan kepada `dengannya`; jangan serap keseluruhan klausa ke dalam token ini.
2804,يَهۡدِي,38,memberi petunjuk,28,Dia memberi petunjuk,9,memberi petunjuk,,outside_policy | long_gloss | annotative_expansion,35.88,2:142:16 | 2:213:44 | 2:258:41 | 2:264:36 | 2:272:6,He guides | guides | guide | guide | guides,Kekalkan sense dominan Quranic sebagai gloss lalai. Alternate hanya jika konteks memaksa.
2805,مَّن,49,orang,27,orang/binatang,3,orang,barang siapa | siapa,outside_policy | slash_gloss | annotative_expansion,35.86,24:45:8 | 24:45:13 | 24:45:18,(is a kind) who | (is a kind) who | (is a kind) who,Kekalkan gloss relatif yang stabil; jangan tambah rujukan entiti pada token ini.
2806,يَكُونَ,17,adalah,7,mereka adalah,2,adalah,,outside_policy | entity_or_pronoun_shift | annotative_expansion,35.85,2:150:16 | 15:31:5,will be | be,Kekalkan sense dominan Quranic sebagai gloss lalai. Alternate hanya jika konteks memaksa.
2807,ٱلۡجَحِيمِ,17,neraka,7,neraka yang menyala,2,neraka,,outside_policy | long_gloss | annotative_expansion,35.85,37:64:6 | 37:163:5,(of) the Hellfire | (in) the Hellfire,Kekalkan sense dominan Quranic sebagai gloss lalai. Alternate hanya jika konteks memaksa.
2808,ٱلۡجَحِيمِ,17,neraka,7,neraka yang menyala-nyala,2,neraka,,outside_policy | long_gloss | annotative_expansion,35.85,37:55:5 | 40:7:27,(of) the Hellfire | (of) the Hellfire,Kekalkan sense dominan Quranic sebagai gloss lalai. Alternate hanya jika konteks memaksa.
2809,مِنَ,412,dari,303,dari/di antara,9,dari,,outside_policy | slash_gloss | annotative_expansion,35.84,2:142:3 | 4:95:4 | 5:23:3 | 9:100:3 | 11:17:22,from | among | from | among | among,Gunakan gloss dominan Quranic sebagai default. Override hanya bila struktur sintaks jelas memaksa makna lain.
2810,يَقُولُ,35,berkata,9,berkatalah,1,berkata,Dia berfirman | Dia berkata | dia berkata | ia berkata,outside_policy | annotative_expansion,35.71,7:53:8,will say,Kekalkan sense dominan Quranic sebagai gloss lalai. Alternate hanya jika konteks memaksa.
2811,بِمَآ,43,dengan apa,11,dengan apa-apa,1,dengan apa,dengan/menurut apa,outside_policy | annotative_expansion,35.67,33:51:24,with what,Kekalkan sense dominan Quranic sebagai gloss lalai. Alternate hanya jika konteks memaksa.
2812,وَلَا,604,dan tidak,329,dan tidak dapat,3,dan tidak,dan jangan | dan janganlah | dan tidak ada,outside_policy | long_gloss | annotative_expansion,35.67,6:147:8 | 11:57:13 | 27:80:5,but not | and not | and not,Gunakan bentuk larangan hanya apabila fi'il selepasnya jelas larangan.
2813,عَنِ,70,dari,51,dari/tentang,9,dari,,outside_policy | slash_gloss | annotative_expansion,35.63,2:219:2 | 2:220:5 | 2:222:2 | 7:163:2 | 17:85:2,about | about | about | about | concerning,Kekalkan sense dominan Quranic sebagai gloss lalai. Alternate hanya jika konteks memaksa.
2814,يَدَيۡهِ,15,dua tangannya,6,dua tangannya/sebelumnya,2,dua tangannya,,outside_policy | slash_gloss | annotative_expansion,35.50,5:46:10 | 5:46:21,his hands | his hands,Kekalkan sense dominan Quranic sebagai gloss lalai. Alternate hanya jika konteks memaksa.
2815,فَمَا,69,maka tidak,37,maka tidak ada,3,maka tidak,,outside_policy | long_gloss | annotative_expansion,35.42,40:33:13 | 42:44:4 | 42:46:13,then not | then not | then not,Kekalkan sense dominan Quranic sebagai gloss lalai. Alternate hanya jika konteks memaksa.
2816,قَالَ,407,berkata,78,Dia berfirman,15,berkata,(Allah) berfirman | (Musa) berkata | dia berkata,outside_policy,35.42,2:30:23 | 2:33:1 | 2:33:8 | 2:124:7 | 2:124:15,He said | He said | He said | He said | He said,Kekalkan sense dominan Quranic sebagai gloss lalai. Alternate hanya jika konteks memaksa.
2817,قَالَ,407,berkata,78,berfirman,15,berkata,(Allah) berfirman | (Musa) berkata | dia berkata,outside_policy,35.42,2:30:2 | 2:131:2 | 3:55:2 | 5:115:1 | 5:116:2,said | said | said | Said | said,Kekalkan sense dominan Quranic sebagai gloss lalai. Alternate hanya jika konteks memaksa.
2818,مَنِ,19,orang,10,siapa/orang,3,orang,,outside_policy | slash_gloss | annotative_expansion,35.12,2:189:18 | 3:97:15 | 72:27:2,(is one) who | (for one) who | whom,Kekalkan gloss relatif yang stabil; jangan tambah rujukan entiti pada token ini.
2819,هَٰذَا,146,ini,136,inilah,6,ini,,outside_policy | annotative_expansion,35.11,3:51:6 | 5:119:3 | 9:35:12 | 18:78:2 | 21:103:7,This | This | This | This | This,Kekalkan sense dominan Quranic sebagai gloss lalai. Alternate hanya jika konteks memaksa.
2820,مَا,707,apa,419,apa yang ada,4,apa,apa yang | tidak | tidak ada,outside_policy | long_gloss | annotative_expansion,35.03,6:139:2 | 21:84:4 | 39:47:5 | 49:16:7,What | what | (had) whatever | what,Defaultkan kepada `apa`. Tukar hanya bila sintaks jelas menunjukkan partikel nafi atau kata hubung relatif.
2821,مَا,707,apa,419,apa/saja,4,apa,apa yang | tidak | tidak ada,outside_policy | slash_gloss | annotative_expansion,35.03,2:144:16 | 2:150:10 | 3:112:5 | 19:31:4,that | that | that | wherever,Defaultkan kepada `apa`. Tukar hanya bila sintaks jelas menunjukkan partikel nafi atau kata hubung relatif.
2822,أَنزَلَ,47,menurunkan,37,Dia menurunkan,3,menurunkan,,outside_policy | annotative_expansion,34.95,2:231:31 | 4:166:5 | 22:63:5,(is) revealed | He (has) revealed | sends down,Kekalkan sense dominan Quranic sebagai gloss lalai. Alternate hanya jika konteks memaksa.
2823,غَيۡرَ,39,tidak,9,dengan tidak,1,tidak,bukan | bukan/tidak | selain | tidak/bukan,outside_policy | annotative_expansion,34.92,2:240:11,without,Kekalkan sense dominan Quranic sebagai gloss lalai. Alternate hanya jika konteks memaksa.
2824,إِلَّا,562,kecuali,366,melainkan/kecuali,6,kecuali,hanyalah | melainkan | selain,outside_policy | slash_gloss | annotative_expansion,34.70,6:59:17 | 11:88:24 | 11:88:30 | 34:17:7 | 34:33:31,but | except | except | except | except,Kekalkan pengecualian sebagai sense utama.
2825,مَآ,117,apa,68,apa/siapa,4,apa,apa yang | tidak,outside_policy | slash_gloss | annotative_expansion,34.69,56:8:3 | 56:9:3 | 56:27:3 | 56:41:3,what | what | what | what,"Defaultkan kepada makna leksikal yang stabil, bukan perluasan frasa."
2826,لَهُۥ,174,baginya,64,bagi-Nya/mempunyai,2,baginya,bagi-Nya | kepada-Nya | kepadanya,outside_policy | slash_gloss | annotative_expansion,34.53,7:158:10 | 85:9:2,for Whom | for Him,Pilih `baginya` sebagai default; guna `kepadanya` hanya jika struktur menuntut arah/penerima.
2827,لَا,616,tidak,476,tidak akan,3,tidak,jangan | janganlah | tidak ada,outside_policy | annotative_expansion,34.52,2:256:19 | 24:3:2 | 24:3:9,(which) not | (will) not | (will) not,Bezakan nafi dan larangan dari binaan fi'il; `tidak` kekal default.
2828,مِّنَ,281,dari,248,daripada,5,dari,,outside_policy | annotative_expansion,34.48,8:65:20 | 17:85:11 | 40:83:8 | 42:13:3 | 42:21:6,of | of | of | of | of,Gunakan gloss dominan Quranic sebagai default. Override hanya bila struktur sintaks jelas memaksa makna lain.
2829,وَلَوۡ,103,walaupun,22,dan walaupun,1,walaupun,dan jika | dan kalau | dan sekiranya,outside_policy | annotative_expansion,34.41,47:30:1,And if,Kekalkan sense dominan Quranic sebagai gloss lalai. Alternate hanya jika konteks memaksa.
2830,ٱلنَّارِ,53,neraka,35,api/neraka,7,neraka,,outside_policy | slash_gloss | annotative_expansion,34.38,27:90:7 | 32:20:17 | 38:27:16 | 38:59:10 | 38:64:6,the Fire | (of) the Fire | the Fire | (in) the Fire | (of) the Fire,Kekalkan sense dominan Quranic sebagai gloss lalai. Alternate hanya jika konteks memaksa.
2831,رَبُّ,18,Tuhan,11,Tuhan/Pemelihara,5,Tuhan,,outside_policy | slash_gloss | annotative_expansion,34.33,7:54:31 | 17:102:8 | 26:24:2 | 55:17:1 | 81:29:7,Lord | (the) Lord | Lord | Lord | Lord,Kekalkan sense dominan Quranic sebagai gloss lalai. Alternate hanya jika konteks memaksa.
2832,عَظِيمٗا,17,besar,13,yang besar,3,besar,,outside_policy | annotative_expansion,34.27,4:40:15 | 33:29:14 | 33:35:30,great | great | great,Kekalkan sense dominan Quranic sebagai gloss lalai. Alternate hanya jika konteks memaksa.
2833,فِيهَا,183,di dalamnya,128,di dalamnya/padanya,11,di dalamnya,ke dalamnya | padanya,outside_policy | slash_gloss | annotative_expansion,34.26,15:19:4 | 15:19:7 | 15:20:3 | 16:5:4 | 16:6:2,therein | therein | therein | in them | in them,Kekalkan gloss lokatif sebagai default.
2834,ٱتَّخَذَ,15,mengambil,3,telah mengambil,1,mengambil,,outside_policy | annotative_expansion,34.00,19:88:2,Has taken,Kekalkan sense dominan Quranic sebagai gloss lalai. Alternate hanya jika konteks memaksa.
2835,فِي,1098,dalam,380,dalam/di,2,dalam,di | di dalam | pada | tentang,outside_policy | slash_gloss | annotative_expansion,33.88,22:58:3 | 28:70:9,in | in,Gunakan `dalam` sebagai default. Tukar kepada `pada` atau `tentang` hanya jika binaan jelas menuntut bacaan tempat atau topik.
2836,قَالَ,407,berkata,78,telah berkata,1,berkata,(Allah) berfirman | (Musa) berkata | dia berkata,outside_policy | annotative_expansion,33.75,20:90:2,(had) said,Kekalkan sense dominan Quranic sebagai gloss lalai. Alternate hanya jika konteks memaksa.
2837,أَيۡدِيهِمۡ,21,tangan mereka,13,tangan-tangan mereka,6,tangan mereka,,outside_policy | entity_or_pronoun_shift | annotative_expansion,33.74,4:62:7 | 6:93:32 | 28:47:7 | 30:36:12 | 36:65:6,their hands | their hands (saying) | their hands | their hands | their hands,Kekalkan sense dominan Quranic sebagai gloss lalai. Alternate hanya jika konteks memaksa.
2838,أُوْلَـٰٓئِكَ,133,mereka itu,97,mereka itulah,30,mereka itu,,outside_policy | entity_or_pronoun_shift | annotative_expansion,33.71,2:39:5 | 2:86:1 | 2:114:14 | 2:121:7 | 2:159:16,those | Those | Those | Those (people) | those,Kekalkan sense dominan Quranic sebagai gloss lalai. Alternate hanya jika konteks memaksa.
2839,ٱلَّذِي,216,yang,184,orang-orang yang,5,yang,,outside_policy | annotative_expansion,33.56,57:9:2 | 57:11:3 | 62:8:4 | 92:16:1 | 92:18:1,(is) the One Who | the one who | which | The one who | The one who,Gunakan gloss dominan Quranic sebagai default. Override hanya bila struktur sintaks jelas memaksa makna lain.
2840,هِيَ,45,ia,15,ia/itu,2,ia,dia | itulah,outside_policy | slash_gloss | annotative_expansion,33.50,39:49:17 | 57:15:12,it | it (is),Pronomina feminin; jangan tambah frasa penjelas kecuali perlu.
2841,مِنَ,412,dari,303,dari/termasuk,79,dari,,outside_policy | slash_gloss | annotative_expansion,33.38,2:35:17 | 3:95:10 | 3:114:14 | 5:5:42 | 6:14:23,of | of | (are) from | (will be) among | of,Gunakan gloss dominan Quranic sebagai default. Override hanya bila struktur sintaks jelas memaksa makna lain.
2842,إِلَّا,562,kecuali,366,kecuali/selain,9,kecuali,hanyalah | melainkan | selain,outside_policy | slash_gloss | annotative_expansion,33.32,2:171:10 | 3:135:15 | 6:32:4 | 6:106:9 | 7:158:16,except | except | except | except | except,Kekalkan pengecualian sebagai sense utama.
2843,ٱلصُّدُورِ,15,dada,8,dada/hati,4,dada,,outside_policy | slash_gloss | annotative_expansion,33.25,3:119:27 | 3:154:75 | 8:43:20 | 11:5:19,(is in) the breasts | (is in) the breasts | the breasts | (is in) the breasts,Kekalkan sense dominan Quranic sebagai gloss lalai. Alternate hanya jika konteks memaksa.
2844,مَآ,117,apa,68,apa-apa,2,apa,apa yang | tidak,outside_policy | annotative_expansion,32.94,26:43:5 | 47:28:4,what | what,"Defaultkan kepada makna leksikal yang stabil, bukan perluasan frasa."
2845,ٱلۡعِقَابِ,16,seksa,5,seksaan/hukuman,2,seksa,,outside_policy | slash_gloss | annotative_expansion,32.88,59:4:12 | 59:7:37,(in) penalty | (in) penalty,Kekalkan sense dominan Quranic sebagai gloss lalai. Alternate hanya jika konteks memaksa.
2846,كُلَّ,49,setiap,15,setiap/segala,2,setiap,segala | tiap-tiap,outside_policy | slash_gloss | annotative_expansion,32.68,34:19:11 | 57:23:13,(in) a total | every,Kekalkan sense dominan Quranic sebagai gloss lalai. Alternate hanya jika konteks memaksa.
2847,فِيهِ,98,di dalamnya,59,di dalamnya/padanya,7,di dalamnya,padanya | tentang itu,outside_policy | slash_gloss | annotative_expansion,32.63,12:41:18 | 15:63:6 | 16:10:12 | 16:124:16 | 17:99:19,about which | in it | in which | [in it] | in it,Defaultkan kepada lokasi `di dalamnya`; gunakan `padanya` atau `tentang itu` hanya dalam binaan yang jelas.
2848,غَيۡرُ,20,tidak,6,lain/tidak,2,tidak,,outside_policy | slash_gloss | annotative_expansion,32.50,70:28:4 | 84:25:8,(is) not | never,Kekalkan sense dominan Quranic sebagai gloss lalai. Alternate hanya jika konteks memaksa.
2849,لِي,40,bagiku,12,bagiku/aku,2,bagiku,aku | kepadaku | untukku,outside_policy | slash_gloss | annotative_expansion,32.50,26:83:3 | 39:58:8,[for] me | for me,Kekalkan sense dominan Quranic sebagai gloss lalai. Alternate hanya jika konteks memaksa.
2850,مَا,707,apa,419,apa/sesuatu,7,apa,apa yang | tidak | tidak ada,outside_policy | slash_gloss | annotative_expansion,32.35,10:18:5 | 11:46:13 | 11:47:8 | 19:42:7 | 20:38:5,that (which) | (about) what | what | that which | what,Defaultkan kepada `apa`. Tukar hanya bila sintaks jelas menunjukkan partikel nafi atau kata hubung relatif.
2851,بَلۡ,96,bahkan,48,tetapi/bahkan,4,bahkan,bahkan/tetapi,outside_policy | slash_gloss | annotative_expansion,32.25,4:155:14 | 5:64:11 | 11:27:27 | 54:25:6,Nay | Nay | nay | Nay,Kekalkan sense dominan Quranic sebagai gloss lalai. Alternate hanya jika konteks memaksa.
2852,عَلَى,242,atas,131,atas/dari,5,atas,atas/terhadap | di atas | kepada | terhadap,outside_policy | slash_gloss | annotative_expansion,32.24,10:72:10 | 11:29:9 | 11:51:9 | 34:47:11 | 37:153:3,on | from | from | from | over,Sama seperti `عَلَىٰ`; kekalkan preposisi dasar.
2853,لَمۡ,89,tidak,62,tidak ada,3,tidak,,outside_policy | annotative_expansion,32.23,15:33:2 | 39:47:23 | 74:43:2,I am not | not | Not,Kekalkan sense dominan Quranic sebagai gloss lalai. Alternate hanya jika konteks memaksa.
2854,كُلِّ,123,segala,68,segala macam,2,segala,setiap | tiap-tiap,outside_policy | annotative_expansion,32.09,2:266:17 | 16:11:9,all (kinds) | every kind,Kekalkan sense dominan Quranic sebagai gloss lalai. Alternate hanya jika konteks memaksa.
2855,مَّا,162,apa,79,apa (azab),4,apa,apa yang | tidak | tidak ada,outside_policy | parenthetical | annotative_expansion,31.88,21:41:10 | 26:206:3 | 40:83:12 | 72:25:5,what | what | what | what,Sama seperti `مَا`; pilih gloss nafi hanya jika konteks sintaks memaksa.
2856,ٱلۡحَقَّ,18,benar,5,hak/kebenaran,2,benar,,outside_policy | slash_gloss | annotative_expansion,31.83,2:42:3 | 2:42:6,the Truth | the Truth,Kekalkan sense dominan Quranic sebagai gloss lalai. Alternate hanya jika konteks memaksa.
2857,فِيمَا,19,tentang apa,10,dalam/tentang apa,5,tentang apa,,outside_policy | slash_gloss | annotative_expansion,31.79,3:55:27 | 10:19:15 | 10:93:21 | 22:69:6 | 33:38:7,about what | concerning what | concerning what | concerning what | in what,Kekalkan sense dominan Quranic sebagai gloss lalai. Alternate hanya jika konteks memaksa.
2858,وَمَآ,131,dan tidak,36,dan tidak/bukan,2,dan apa,dan apa yang | dan tidak | dan tidaklah,outside_policy | slash_gloss | annotative_expansion,31.74,6:107:10 | 10:108:19,and not | And I am not,Defaultkan kepada token-faithful gloss; jangan serap makna frasa jiran.
2859,هُوَ,239,Dia,129,dan Dia,2,Dia,Dialah | dia | ia,outside_policy | annotative_expansion,31.69,57:4:1 | 67:15:1,He | He,Pilih `Dia` bila rujukan kepada Allah jelas; selain itu `dia/ia` mengikut antecedent.
2860,إِلَّا,562,kecuali,366,kecuali/melainkan,22,kecuali,hanyalah | melainkan | selain,outside_policy | slash_gloss | annotative_expansion,31.67,2:143:19 | 2:174:18 | 2:213:23 | 2:272:16 | 3:2:4,except | except | except | except | except,Kekalkan pengecualian sebagai sense utama.
2861,إِلَّا,562,kecuali,366,kecuali/hanyalah,23,kecuali,hanyalah | melainkan | selain,outside_policy | slash_gloss | annotative_expansion,31.62,2:130:6 | 6:7:14 | 6:29:4 | 6:90:14 | 6:116:13,except | but | except | but | except,Kekalkan pengecualian sebagai sense utama.
2862,فَمَآ,15,maka tidak,8,maka tidaklah,2,maka tidak,,outside_policy | annotative_expansion,31.50,51:54:3 | 52:29:2,for not | for not,Kekalkan sense dominan Quranic sebagai gloss lalai. Alternate hanya jika konteks memaksa.
2863,وَٰحِدَةٗ,15,satu,4,satu/sekali,2,satu,,outside_policy | slash_gloss | annotative_expansion,31.50,54:31:5 | 69:14:6,single | single,Kekalkan sense dominan Quranic sebagai gloss lalai. Alternate hanya jika konteks memaksa.
2864,ذِي,19,mempunyai,10,yang mempunyai,2,mempunyai,,outside_policy | annotative_expansion,31.29,17:42:11 | 40:3:7,(the) Owner | Owner (of) the abundance,Kekalkan sense dominan Quranic sebagai gloss lalai. Alternate hanya jika konteks memaksa.
2865,مَنِ,19,orang,10,orang-orang,2,orang,,outside_policy | annotative_expansion,31.29,11:13:11 | 36:11:3,whoever | (him) who,Kekalkan gloss relatif yang stabil; jangan tambah rujukan entiti pada token ini.
2866,بِهِۦ,220,dengannya,122,dengannya/tentang itu,7,dengannya,dengan-Nya | kepadanya | padanya,outside_policy | slash_gloss | annotative_expansion,31.21,6:81:13 | 18:68:7 | 22:71:8 | 23:117:10 | 24:15:9,for it | of it | for it | in it | of it,Defaultkan kepada `dengannya`; jangan serap keseluruhan klausa ke dalam token ini.
2867,لَا,616,tidak,476,yang tidak,5,tidak,jangan | janganlah | tidak ada,outside_policy | annotative_expansion,31.18,2:169:10 | 16:8:8 | 22:12:6 | 22:12:9 | 26:226:4,not | not | not | not | not,Bezakan nafi dan larangan dari binaan fi'il; `tidak` kekal default.
2868,بِمَآ,43,dengan apa,11,dengan apa yang,2,dengan apa,dengan/menurut apa,outside_policy | long_gloss | annotative_expansion,31.17,42:15:11 | 52:18:2,in what | in what,Kekalkan sense dominan Quranic sebagai gloss lalai. Alternate hanya jika konteks memaksa.
2869,بِمَآ,43,dengan apa,11,dengan apa/disebabkan,2,dengan apa,dengan/menurut apa,outside_policy | slash_gloss | annotative_expansion,31.17,3:170:2 | 69:24:4,in what | for what,Kekalkan sense dominan Quranic sebagai gloss lalai. Alternate hanya jika konteks memaksa.
2870,بِمَآ,43,dengan apa,11,dengan apa/nikmat,2,dengan apa,dengan/menurut apa,outside_policy | slash_gloss | annotative_expansion,31.17,28:17:3 | 29:66:2,Because | [in] what,Kekalkan sense dominan Quranic sebagai gloss lalai. Alternate hanya jika konteks memaksa.
2871,بِمَآ,43,dengan apa,11,dengan apa/sebab,2,dengan apa,dengan/menurut apa,outside_policy | slash_gloss | annotative_expansion,31.17,9:77:8 | 15:39:3,because | Because,Kekalkan sense dominan Quranic sebagai gloss lalai. Alternate hanya jika konteks memaksa.
2872,بَلۡ,96,bahkan,48,bahkan/sebenarnya,5,bahkan,bahkan/tetapi,outside_policy | slash_gloss | annotative_expansion,31.00,15:63:2 | 21:63:2 | 38:8:6 | 38:60:2 | 39:49:16,Nay | Nay | Nay | Nay | Nay,Kekalkan sense dominan Quranic sebagai gloss lalai. Alternate hanya jika konteks memaksa.
2873,مَنۡ,72,orang,33,orang/siapa,4,orang,siapa | siapakah,outside_policy | slash_gloss | annotative_expansion,31.00,2:62:8 | 5:69:8 | 19:75:20 | 20:135:6,who | whoever | who | who,Kekalkan gloss relatif yang stabil; jangan tambah rujukan entiti pada token ini.
2874,مَعَ,49,beserta,19,beserta/di samping,3,beserta,,outside_policy | slash_gloss | annotative_expansion,30.97,15:96:3 | 26:213:3 | 28:88:3,with | with | with,Kekalkan sense dominan Quranic sebagai gloss lalai. Alternate hanya jika konteks memaksa.
2875,قَبۡلُ,45,sebelum,26,sebelum/dahulu,10,sebelum,,outside_policy | slash_gloss | annotative_expansion,30.83,4:94:29 | 7:53:12 | 11:78:6 | 12:64:11 | 12:100:14,before | before | and before | before | (of) before,Kekalkan sense dominan Quranic sebagai gloss lalai. Alternate hanya jika konteks memaksa.
2876,ٱلرَّحۡمَٰنِ,18,Maha Pengasih,10,Yang Maha Pengasih,8,Maha Pengasih,,outside_policy | long_gloss | annotative_expansion,30.79,19:45:8 | 19:69:9 | 19:78:6 | 19:85:5 | 19:87:8,the Most Gracious | the Most Gracious | the Most Gracious | the Most Gracious | the Most Gracious,Kekalkan sense dominan Quranic sebagai gloss lalai. Alternate hanya jika konteks memaksa.
2877,بِهِۦ,220,dengannya,122,dengannya/padanya,8,dengannya,dengan-Nya | kepadanya | padanya,outside_policy | slash_gloss | annotative_expansion,30.76,2:273:29 | 5:95:20 | 21:51:8 | 34:8:6 | 36:30:10,of it | it | about him | in him | mock at him,Defaultkan kepada `dengannya`; jangan serap keseluruhan klausa ke dalam token ini.
2878,بِٱلۡبَيِّنَٰتِ,21,dengan keterangan-keterangan,5,dengan keterangan-keterangan nyata,2,dengan keterangan-keterangan,dengan keterangan yang nyata,outside_policy | long_gloss | annotative_expansion,30.64,10:13:10 | 57:25:4,with clear proofs | with clear proofs,Kekalkan sense dominan Quranic sebagai gloss lalai. Alternate hanya jika konteks memaksa.
2879,بِٱلۡبَيِّنَٰتِ,21,dengan keterangan-keterangan,5,dengan keterangan-keterangan yang nyata,2,dengan keterangan-keterangan,dengan keterangan yang nyata,outside_policy | long_gloss | annotative_expansion,30.64,3:183:21 | 3:184:9,with the clear Signs | with the clear Signs,Kekalkan sense dominan Quranic sebagai gloss lalai. Alternate hanya jika konteks memaksa.
2880,ٱلۡيَوۡمَ,33,hari ini,16,pada hari ini,5,hari ini,,outside_policy | long_gloss | annotative_expansion,30.55,5:3:31 | 5:3:40 | 5:5:1 | 19:38:8 | 36:65:1,This day | This day | This day | today | This Day,Kekalkan sense dominan Quranic sebagai gloss lalai. Alternate hanya jika konteks memaksa.
2881,ءَامَنَ,25,beriman,16,ia beriman,3,beriman,,outside_policy | annotative_expansion,30.53,4:55:3 | 28:80:10 | 40:30:3,believed | believes | believed,Kekalkan sense dominan Quranic sebagai gloss lalai. Alternate hanya jika konteks memaksa.
2882,ءَامَنَ,25,beriman,16,telah beriman,3,beriman,,outside_policy | annotative_expansion,30.53,2:13:6 | 2:285:1 | 11:36:12,believed | Believed | believed,Kekalkan sense dominan Quranic sebagai gloss lalai. Alternate hanya jika konteks memaksa.
2883,كَثِيرٗا,38,banyak,19,sebanyak-banyaknya,2,banyak,,outside_policy | annotative_expansion,30.50,3:41:17 | 8:45:10,much | much,Kekalkan sense dominan Quranic sebagai gloss lalai. Alternate hanya jika konteks memaksa.
2884,كَثِيرٗا,38,banyak,19,yang banyak,2,banyak,,outside_policy | annotative_expansion,30.50,4:19:34 | 25:14:8,much | many,Kekalkan sense dominan Quranic sebagai gloss lalai. Alternate hanya jika konteks memaksa.
2885,يَكُن,24,ada,12,dia ada,2,ada,,outside_policy | annotative_expansion,30.50,7:11:14 | 19:14:4,he was | he was,Kekalkan sense dominan Quranic sebagai gloss lalai. Alternate hanya jika konteks memaksa.
2886,عَلَيۡهَا,34,atasnya,24,di atasnya,4,atasnya,,outside_policy | annotative_expansion,30.43,18:8:4 | 19:40:6 | 56:16:2 | 74:30:1,(is) on it | (is) on it | on them | Over it,Kekalkan sense dominan Quranic sebagai gloss lalai. Alternate hanya jika konteks memaksa.
2887,عَلَىٰ,347,atas,293,di atas,13,atas,,outside_policy | annotative_expansion,30.25,2:260:26 | 6:39:15 | 6:57:3 | 9:84:10 | 11:56:16,on | on | on | by | (is) on,Gunakan gloss dominan Quranic sebagai default. Override hanya bila struktur sintaks jelas memaksa makna lain.
2888,وَعَلَى,23,dan atas,12,dan atas/kepada,7,dan atas,,outside_policy | slash_gloss | annotative_expansion,30.22,3:122:9 | 3:160:15 | 5:11:20 | 9:51:11 | 14:11:26,And on | And on | And upon | And on | And upon,Kekalkan sense dominan Quranic sebagai gloss lalai. Alternate hanya jika konteks memaksa.
2889,ٱلَّذِي,216,yang,184,orang yang,15,yang,,outside_policy | annotative_expansion,30.22,2:17:3 | 2:258:4 | 2:258:37 | 2:275:9 | 2:282:25,(of) the one who | the one who | the one who | the one who | the one,Gunakan gloss dominan Quranic sebagai default. Override hanya bila struktur sintaks jelas memaksa makna lain.
2890,لَّا,131,tidak,103,tidak ada,7,tidak,,outside_policy | annotative_expansion,30.16,3:9:6 | 9:118:17 | 17:99:17 | 22:7:4 | 40:59:4,(there is) no | (there is) no | no | (there is) no | no,Kekalkan sense dominan Quranic sebagai gloss lalai. Alternate hanya jika konteks memaksa.
2891,فِيٓ,86,dalam,31,dalam/tentang,3,dalam,di | pada | tentang,outside_policy | slash_gloss | annotative_expansion,30.15,7:71:10 | 7:180:9 | 30:8:3,concerning | concerning | within,Variasi hamzah/waqaf. Kekalkan gloss dasar `dalam` kecuali konteks memaksa bacaan topikal.
2892,لَمۡ,89,tidak,62,yang tidak,4,tidak,,outside_policy | annotative_expansion,30.15,9:74:14 | 18:78:9 | 20:96:4 | 23:68:7,not | not | not | not,Kekalkan sense dominan Quranic sebagai gloss lalai. Alternate hanya jika konteks memaksa.
2893,أَمۡ,103,atau,62,ataukah/apakah,24,atau,,outside_policy | slash_gloss | annotative_expansion,30.10,2:140:1 | 30:35:1 | 32:3:1 | 37:150:1 | 37:156:1,Or | Or | Or | Or | Or,Kekalkan sense dominan Quranic sebagai gloss lalai. Alternate hanya jika konteks memaksa.
2894,فَكَيۡفَ,16,maka bagaimana,10,maka bagaimanakah,3,maka bagaimana,,outside_policy | annotative_expansion,30.08,4:62:1 | 54:21:1 | 54:30:1,So how | So how | So how,Kekalkan sense dominan Quranic sebagai gloss lalai. Alternate hanya jika konteks memaksa.
2895,عَلَى,242,atas,131,atas/bagi,9,atas,atas/terhadap | di atas | kepada | terhadap,outside_policy | slash_gloss | annotative_expansion,30.02,2:241:5 | 4:30:11 | 4:34:3 | 14:20:3 | 22:70:16,upon | for | of | on | (is) for,Sama seperti `عَلَىٰ`; kekalkan preposisi dasar.
2896,بِهِۦ,220,dengannya,122,dengannya/kepadanya,11,dengannya,dengan-Nya | kepadanya | padanya,outside_policy | slash_gloss | annotative_expansion,29.91,2:137:6 | 4:159:7 | 7:123:4 | 10:40:4 | 15:11:7,in [it] | in him | in him | in it | at him,Defaultkan kepada `dengannya`; jangan serap keseluruhan klausa ke dalam token ini.
2897,يَنظُرُونَ,19,mereka menunggu,4,mereka menunggu-nunggu,2,mereka menunggu,mereka melihat | mereka memandang | mereka menanti-nanti,outside_policy | entity_or_pronoun_shift | annotative_expansion,29.82,7:53:2 | 47:18:2,they wait | they wait,Kekalkan sense dominan Quranic sebagai gloss lalai. Alternate hanya jika konteks memaksa.
2898,مَنۡ,72,orang,33,siapa/orang,5,orang,siapa | siapakah,outside_policy | slash_gloss | annotative_expansion,29.75,3:76:2 | 28:56:4 | 58:22:9 | 78:38:9 | 84:10:2,whoever | whom | (those) who | (one) who  | (him) who,Kekalkan gloss relatif yang stabil; jangan tambah rujukan entiti pada token ini.
2899,فِي,1098,dalam,380,dalam/terhadap,3,dalam,di | di dalam | pada | tentang,outside_policy | slash_gloss | annotative_expansion,29.72,3:75:28 | 4:3:5 | 5:48:38,concerning | with | in,Gunakan `dalam` sebagai default. Tukar kepada `pada` atau `tentang` hanya jika binaan jelas menuntut bacaan tempat atau topik.
2900,مَّآ,19,apa,9,apa yang,2,apa,,outside_policy | annotative_expansion,29.71,32:17:4 | 46:23:7,what | what,Kekalkan sense dominan Quranic sebagai gloss lalai. Alternate hanya jika konteks memaksa.
2901,وَمَا,507,dan tidak,231,dan tidak/bukan,5,dan apa,dan apa yang | dan tidak | dan tidak ada | dan tidaklah,outside_policy | slash_gloss | annotative_expansion,29.67,3:78:10 | 3:95:8 | 9:56:5 | 16:123:9 | 19:28:8,and not | and not | while not | and not | and not,Pisahkan antara sambungan `dan apa` dan bentuk nafi `dan tidak` mengikut binaan.
2902,شَآءَ,54,menghendaki,41,Dia menghendaki,7,menghendaki,,outside_policy | annotative_expansion,29.35,6:41:9 | 6:149:6 | 11:33:7 | 16:9:8 | 25:10:4,He wills | He (had) willed | He wills | He willed | He willed,Kekalkan sense dominan Quranic sebagai gloss lalai. Alternate hanya jika konteks memaksa.
2903,هِيَ,45,ia,15,ia (tongkat),3,ia,dia | itulah,outside_policy | parenthetical | annotative_expansion,29.33,7:107:4 | 7:108:4 | 7:117:8,it | it | it,Pronomina feminin; jangan tambah frasa penjelas kecuali perlu.
2904,ٱلۡكِتَٰبِ,74,Kitab,34,Al kitab,2,Kitab,Al Kitab | kitab,outside_policy | annotative_expansion,29.28,31:2:3 | 43:4:4,(of) the Book | (of) the Book,Kekalkan sense dominan Quranic sebagai gloss lalai. Alternate hanya jika konteks memaksa.
2905,ٱلۡكِتَٰبِ,74,Kitab,34,Al-Kitab,2,Kitab,Al Kitab | kitab,outside_policy | annotative_expansion,29.28,26:2:3 | 29:45:6,(of) the Book | the Book,Kekalkan sense dominan Quranic sebagai gloss lalai. Alternate hanya jika konteks memaksa.
2906,قَالَ,407,berkata,78,(Hud) berkata,2,berkata,(Allah) berfirman | (Musa) berkata | dia berkata,outside_policy | parenthetical | annotative_expansion,29.25,7:67:1 | 11:54:8,He said | He said,Kekalkan sense dominan Quranic sebagai gloss lalai. Alternate hanya jika konteks memaksa.
2907,قَالَ,407,berkata,78,(Isa) berkata,2,berkata,(Allah) berfirman | (Musa) berkata | dia berkata,outside_policy | parenthetical | annotative_expansion,29.25,5:116:16 | 19:30:1,He said | He said,Kekalkan sense dominan Quranic sebagai gloss lalai. Alternate hanya jika konteks memaksa.
2908,قَالَ,407,berkata,78,(Lut) berkata,2,berkata,(Allah) berfirman | (Musa) berkata | dia berkata,outside_policy | parenthetical | annotative_expansion,29.25,26:168:1 | 29:30:1,He said | He said,Kekalkan sense dominan Quranic sebagai gloss lalai. Alternate hanya jika konteks memaksa.
2909,قَالَ,407,berkata,78,(Zakariya) berkata,2,berkata,(Allah) berfirman | (Musa) berkata | dia berkata,outside_policy | parenthetical | annotative_expansion,29.25,19:8:1 | 19:10:1,He said | He said,Kekalkan sense dominan Quranic sebagai gloss lalai. Alternate hanya jika konteks memaksa.
2910,لَّآ,15,tidak,10,tidak ada,4,tidak,,outside_policy | annotative_expansion,29.25,2:163:4 | 9:31:17 | 11:14:10 | 40:62:7,(there is) no | (There) is no | (there is) no | (there is) no,Kekalkan sense dominan Quranic sebagai gloss lalai. Alternate hanya jika konteks memaksa.
2911,مَنۡ,72,orang,33,orang-orang,2,orang,siapa | siapakah,outside_policy | annotative_expansion,29.25,17:3:2 | 59:9:8,(of one) who | (those) who,Kekalkan gloss relatif yang stabil; jangan tambah rujukan entiti pada token ini.
2912,مِنَ,412,dari,303,daripada,6,dari,,outside_policy | annotative_expansion,29.23,2:138:5 | 2:217:27 | 3:55:10 | 9:38:19 | 42:45:5,than | than | from | (rather) than | by,Gunakan gloss dominan Quranic sebagai default. Override hanya bila struktur sintaks jelas memaksa makna lain.
2913,ٱلنَّارِ,53,neraka,35,api neraka,4,neraka,,outside_policy | annotative_expansion,29.06,3:10:16 | 34:42:14 | 39:19:10 | 54:48:4,(for) the Fire | (of) the Fire | the Fire | the Fire,Kekalkan sense dominan Quranic sebagai gloss lalai. Alternate hanya jika konteks memaksa.
2914,لَوۡ,59,sekiranya,19,sekiranya/supaya,3,sekiranya,jika | jikalau | kalau | seandainya,outside_policy | slash_gloss | annotative_expansion,28.99,4:42:7 | 60:2:12 | 68:9:2,if | that | that,Kekalkan sense dominan Quranic sebagai gloss lalai. Alternate hanya jika konteks memaksa.
2915,يُرِيدُ,38,menghendaki,17,Dia menghendaki,2,menghendaki,Dia kehendaki,outside_policy | annotative_expansion,28.92,5:6:55 | 11:34:12,He intends | will,Kekalkan sense dominan Quranic sebagai gloss lalai. Alternate hanya jika konteks memaksa.
2916,يُرِيدُ,38,menghendaki,17,dia menghendaki,2,menghendaki,Dia kehendaki,outside_policy | annotative_expansion,28.92,17:18:3 | 23:24:12,desire | he wishes,Kekalkan sense dominan Quranic sebagai gloss lalai. Alternate hanya jika konteks memaksa.
2917,إِنۡ,91,jika,29,jika/tidak lain,3,jika,tidak | tidak lain | tidaklah,outside_policy | slash_gloss | annotative_expansion,28.89,6:7:12 | 12:104:6 | 23:83:8,Not | Not | not,"Bezakan bentuk syarat dan nafi berdasarkan konteks, tetapi kekalkan gloss stabil apabila ragu."
2918,مِمَّا,51,dari apa,16,dari apa/harta,3,dari apa,,outside_policy | slash_gloss | annotative_expansion,28.75,4:11:28 | 4:12:17 | 4:12:41,of what | of what | of what,Kekalkan sense dominan Quranic sebagai gloss lalai. Alternate hanya jika konteks memaksa.
2919,بَل,16,bahkan,5,bahkan/sebenarnya,3,bahkan,,outside_policy | slash_gloss | annotative_expansion,28.71,21:56:2 | 37:29:2 | 38:8:12,Nay | Nay | Nay,Kekalkan sense dominan Quranic sebagai gloss lalai. Alternate hanya jika konteks memaksa.
2920,عَلَى,242,atas,131,atas/kepada,17,atas,atas/terhadap | di atas | kepada | terhadap,outside_policy | slash_gloss | annotative_expansion,28.71,2:31:7 | 3:159:25 | 3:164:4 | 4:81:20 | 7:89:31,to | on | upon | in | Upon,Sama seperti `عَلَىٰ`; kekalkan preposisi dasar.
2921,ٱلۡعِقَابِ,16,seksa,5,seksa(Nya),3,seksa,,outside_policy | parenthetical | annotative_expansion,28.71,2:196:73 | 7:167:16 | 8:25:13,(in) retribution | (in) the retribution | (in) the penalty,Kekalkan sense dominan Quranic sebagai gloss lalai. Alternate hanya jika konteks memaksa.
2922,مَن,223,orang,69,orang/apa,3,siapa,barang siapa | orang | orang yang,outside_policy | slash_gloss | annotative_expansion,28.62,10:66:4 | 22:18:7 | 24:41:7,whoever | whoever | whoever,Pilih `siapa` untuk fungsi soal/syarat; `orang/ orang yang` untuk fungsi relatif.
2923,مَن,223,orang,69,orang/segala apa,3,siapa,barang siapa | orang | orang yang,outside_policy | slash_gloss | annotative_expansion,28.62,3:83:7 | 21:19:2 | 27:87:6,whatever | whoever | whoever,Pilih `siapa` untuk fungsi soal/syarat; `orang/ orang yang` untuk fungsi relatif.
2924,كَانَتۡ,23,adalah,10,adalah dia,2,adalah,,outside_policy | annotative_expansion,28.54,7:83:5 | 27:43:9,she was | was,Kekalkan sense dominan Quranic sebagai gloss lalai. Alternate hanya jika konteks memaksa.
2925,أَلِيمٞ,28,pedih,16,sangat pedih,3,pedih,,outside_policy | annotative_expansion,28.48,2:178:37 | 11:102:11 | 34:5:11,painful | (is) painful | painful,Kekalkan sense dominan Quranic sebagai gloss lalai. Alternate hanya jika konteks memaksa.
2926,غَيۡرُ,20,tidak,6,bukan/tidak,3,tidak,,outside_policy | slash_gloss | annotative_expansion,28.33,11:46:9 | 70:30:9 | 95:6:8,(is) other than | (are) not | never,Kekalkan sense dominan Quranic sebagai gloss lalai. Alternate hanya jika konteks memaksa.
2927,غَيۡرُ,20,tidak,6,tidak/bukan,3,tidak,,outside_policy | slash_gloss | annotative_expansion,28.33,4:95:6 | 9:2:8 | 9:3:25,other than | (can) not | (can) not,Kekalkan sense dominan Quranic sebagai gloss lalai. Alternate hanya jika konteks memaksa.
2928,ٱلۡأَرۡضِ,180,bumi,145,muka bumi,22,bumi,,outside_policy | annotative_expansion,28.30,4:100:8 | 4:101:4 | 6:6:11 | 6:11:4 | 17:4:9,the earth | the earth | the earth | the earth | the earth,Kekalkan sense dominan Quranic sebagai gloss lalai. Alternate hanya jika konteks memaksa.
2929,جَعَلَ,43,menjadikan,24,telah menjadikan,3,menjadikan,,outside_policy | annotative_expansion,28.08,19:24:7 | 25:47:3 | 25:61:3,(has) placed | made | has placed,Kekalkan sense dominan Quranic sebagai gloss lalai. Alternate hanya jika konteks memaksa.
2930,يَكُونَ,17,adalah,7,adalah ia,2,adalah,,outside_policy | annotative_expansion,27.85,17:51:24 | 27:72:4,(it) will be | is,Kekalkan sense dominan Quranic sebagai gloss lalai. Alternate hanya jika konteks memaksa.
2931,يَكُونَ,17,adalah,7,dia adalah,2,adalah,,outside_policy | annotative_expansion,27.85,8:67:5 | 28:67:9,(there) should be | he will be,Kekalkan sense dominan Quranic sebagai gloss lalai. Alternate hanya jika konteks memaksa.
2932,بِمَا,253,dengan apa,71,dengan apa/kerana,3,dengan apa,dengan sebab | dengan/terhadap apa | disebabkan | terhadap apa,outside_policy | slash_gloss | annotative_expansion,27.75,23:26:4 | 23:39:4 | 23:111:4,because | because | because,Pilih makna instrumental `dengan apa` sebagai default; sebab/kausal hanya bila konteks jelas.
2933,ذَٰلِكَ,264,demikian itu,131,yang demikian itu,14,demikian itu,demikian | demikian/itu,outside_policy | long_gloss | annotative_expansion,27.67,2:176:1 | 6:131:1 | 12:38:15 | 24:44:7 | 26:8:3,That | That (is because) | That | that | that,Kekalkan sense dominan Quranic sebagai gloss lalai. Alternate hanya jika konteks memaksa.
2934,فِي,1098,dalam,380,di dalam/tentang,4,dalam,di | di dalam | pada | tentang,outside_policy | slash_gloss | annotative_expansion,27.63,2:176:10 | 9:122:14 | 11:37:7 | 12:46:5,in | in | concerning | about,Gunakan `dalam` sebagai default. Tukar kepada `pada` atau `tentang` hanya jika binaan jelas menuntut bacaan tempat atau topik.
2935,قَالَ,407,berkata,78,(Yusuf) berkata,9,berkata,(Allah) berfirman | (Musa) berkata | dia berkata,outside_policy | parenthetical | entity_or_pronoun_shift | annotative_expansion,27.53,12:23:13 | 12:26:1 | 12:33:1 | 12:37:1 | 12:47:1,He said | He said | He said | He said | He said,Kekalkan sense dominan Quranic sebagai gloss lalai. Alternate hanya jika konteks memaksa.
2936,قَالَ,407,berkata,78,(iblis) berkata,10,berkata,(Allah) berfirman | (Musa) berkata | dia berkata,outside_policy | parenthetical | entity_or_pronoun_shift | annotative_expansion,27.25,7:12:8 | 7:14:1 | 7:16:1 | 15:33:1 | 15:36:1,(Shaitaan) said | (Shaitaan) said | (Shaitaan) said | He said | He said,Kekalkan sense dominan Quranic sebagai gloss lalai. Alternate hanya jika konteks memaksa.
2937,مِمَّا,51,dari apa,16,dari apa yang,4,dari apa,,outside_policy | long_gloss | annotative_expansion,26.66,6:136:3 | 18:49:6 | 23:33:20 | 23:33:24,out of what | of what | of what | of what,Kekalkan sense dominan Quranic sebagai gloss lalai. Alternate hanya jika konteks memaksa.
2938,بَل,16,bahkan,5,bahkan/tetapi,4,bahkan,,outside_policy | slash_gloss | annotative_expansion,26.62,2:259:33 | 18:58:12 | 23:56:5 | 67:21:8,Nay | But | Nay | Nay,Kekalkan sense dominan Quranic sebagai gloss lalai. Alternate hanya jika konteks memaksa.
2939,قَبۡلُ,45,sebelum,26,sebelum itu,4,sebelum,,outside_policy | annotative_expansion,26.58,3:164:22 | 21:76:5 | 28:12:5 | 33:15:6,before (that) | before | before | before,Kekalkan sense dominan Quranic sebagai gloss lalai. Alternate hanya jika konteks memaksa.
2940,أَنَّهُۥ,17,bahawasanya,6,bahawasanya Dia,2,bahawasanya,,outside_policy | annotative_expansion,26.09,16:2:13 | 41:53:15,that [He] | that He,Kekalkan sense dominan Quranic sebagai gloss lalai. Alternate hanya jika konteks memaksa.
2941,لَهُۥ,174,baginya,64,baginya/kepadanya,7,baginya,bagi-Nya | kepada-Nya | kepadanya,outside_policy | slash_gloss | annotative_expansion,25.61,4:88:21 | 12:11:10 | 12:12:7 | 15:9:6 | 15:20:7,for him | (are) for him | for him | of it | for him,Pilih `baginya` sebagai default; guna `kepadanya` hanya jika struktur menuntut arah/penerima.
2942,أَلَمۡ,72,tidakkah,20,tidakkah/bukankah,4,tidakkah,apakah tidak | bukankah | tidaklah,outside_policy | slash_gloss | annotative_expansion,25.58,9:70:1 | 18:75:2 | 26:18:2 | 77:25:1,Has not | Did not | Did not | Have not,Kekalkan sense dominan Quranic sebagai gloss lalai. Alternate hanya jika konteks memaksa.
2943,كَبِيرٗا,15,besar,8,yang besar,4,besar,,outside_policy | annotative_expansion,25.25,17:4:13 | 17:9:16 | 25:19:15 | 25:52:7,great | great | great | great,Kekalkan sense dominan Quranic sebagai gloss lalai. Alternate hanya jika konteks memaksa.
2944,أَمۡ,103,atau,62,ataukah,6,atau,,outside_policy | annotative_expansion,25.22,6:144:17 | 18:9:1 | 21:43:1 | 21:55:4 | 24:50:6,Or | Or | Or | or | or,Kekalkan sense dominan Quranic sebagai gloss lalai. Alternate hanya jika konteks memaksa.
2945,قَالَ,407,berkata,78,(Saleh) berkata,3,berkata,(Allah) berfirman | (Musa) berkata | dia berkata,outside_policy | parenthetical | annotative_expansion,25.08,11:63:1 | 26:155:1 | 27:47:6,He said | He said | He said,Kekalkan sense dominan Quranic sebagai gloss lalai. Alternate hanya jika konteks memaksa.
2946,قَالَ,407,berkata,78,(Zulqarnain) berkata,3,berkata,(Allah) berfirman | (Musa) berkata | dia berkata,outside_policy | parenthetical | annotative_expansion,25.08,18:95:1 | 18:96:9 | 18:98:1,He said | he said | He said,Kekalkan sense dominan Quranic sebagai gloss lalai. Alternate hanya jika konteks memaksa.
2947,مَنۡ,72,orang,33,orang yang,3,orang,siapa | siapakah,outside_policy | annotative_expansion,25.08,31:15:20 | 51:9:3 | 69:25:2,(of him) who | (is he) who | (him) who,Kekalkan gloss relatif yang stabil; jangan tambah rujukan entiti pada token ini.
2948,مَا,707,apa,419,mengapa,6,apa,apa yang | tidak | tidak ada,outside_policy | annotative_expansion,24.95,9:38:4 | 37:25:1 | 37:154:1 | 38:62:2 | 40:41:2,What | What | What is with you | What (is) | What (is),Defaultkan kepada `apa`. Tukar hanya bila sintaks jelas menunjukkan partikel nafi atau kata hubung relatif.
2949,مِمَّا,51,dari apa,16,dari apa-apa,2,dari apa,,outside_policy | annotative_expansion,24.91,7:50:12 | 57:7:5,of what | of what,Kekalkan sense dominan Quranic sebagai gloss lalai. Alternate hanya jika konteks memaksa.
2950,لَّن,22,tidak,13,tidak akan,6,tidak,,outside_policy | annotative_expansion,24.89,3:90:9 | 9:51:2 | 35:29:15 | 48:12:4 | 72:5:4,never | Never | never | (would) never | never,Kekalkan sense dominan Quranic sebagai gloss lalai. Alternate hanya jika konteks memaksa.
2951,كَذَٰلِكَ,79,demikianlah,50,seperti demikianlah,10,demikianlah,,outside_policy | annotative_expansion,24.49,5:89:39 | 7:57:25 | 10:12:22 | 26:200:1 | 30:28:23,Thus | Thus | Thus | Thus | Thus,Kekalkan sense dominan Quranic sebagai gloss lalai. Alternate hanya jika konteks memaksa.
2952,كَفَرَ,16,kafir,7,telah kafir,3,kafir,,outside_policy | annotative_expansion,24.46,5:17:2 | 5:72:2 | 5:73:2,disbelieved  | disbelieved | disbelieved,Kekalkan sense dominan Quranic sebagai gloss lalai. Alternate hanya jika konteks memaksa.
2953,مَا,707,apa,419,apakah,7,apa,apa yang | tidak | tidak ada,outside_policy | annotative_expansion,24.35,2:142:5 | 21:52:5 | 26:92:4 | 42:52:10 | 69:2:1,What | What | (is) that | what | What,Defaultkan kepada `apa`. Tukar hanya bila sintaks jelas menunjukkan partikel nafi atau kata hubung relatif.
2954,فَمَا,69,maka tidak,37,maka tidaklah,5,maka tidak,,outside_policy | annotative_expansion,24.09,7:132:9 | 9:38:21 | 35:37:22 | 41:24:8 | 44:29:1,then not | But what | then not | then not | And not,Kekalkan sense dominan Quranic sebagai gloss lalai. Alternate hanya jika konteks memaksa.
2955,فِي,1098,dalam,380,dalam/pada,10,dalam,di | di dalam | pada | tentang,outside_policy | slash_gloss | annotative_expansion,23.88,2:164:2 | 12:68:17 | 12:77:12 | 14:13:10 | 22:72:7,in | of | within | to | on,Gunakan `dalam` sebagai default. Tukar kepada `pada` atau `tentang` hanya jika binaan jelas menuntut bacaan tempat atau topik.
2956,فِي,1098,dalam,380,di dalam/pada,10,dalam,di | di dalam | pada | tentang,outside_policy | slash_gloss | annotative_expansion,23.88,10:67:11 | 11:103:2 | 12:7:3 | 12:111:3 | 15:10:5,in | in | in | in | in,Gunakan `dalam` sebagai default. Tukar kepada `pada` atau `tentang` hanya jika binaan jelas menuntut bacaan tempat atau topik.
2957,مَّا,162,apa,79,apa-apa,4,apa,apa yang | tidak | tidak ada,outside_policy | annotative_expansion,23.88,5:36:7 | 23:78:9 | 40:58:12 | 45:10:7,(is) what | (is) what | (is) what | what,Sama seperti `مَا`; pilih gloss nafi hanya jika konteks sintaks memaksa.
2958,ضَلَّ,18,sesat,5,tersesat,2,sesat,ia sesat | ia telah sesat,outside_policy | annotative_expansion,23.83,16:125:17 | 17:15:7,has strayed | goes astray,Kekalkan sense dominan Quranic sebagai gloss lalai. Alternate hanya jika konteks memaksa.
2959,كَانَ,323,adalah,157,ia adalah,4,adalah,ada | menjadi,outside_policy | annotative_expansion,23.83,4:11:31 | 4:11:44 | 35:18:16 | 41:52:4,is | are | he be | it is,"Untuk WBW, `adalah` lebih stabil daripada variasi gaya bebas."
2960,لَن,36,tidak,15,tidak dapat,3,tidak,,outside_policy | annotative_expansion,23.83,3:176:8 | 3:177:6 | 72:22:3,never | never | never,Kekalkan sense dominan Quranic sebagai gloss lalai. Alternate hanya jika konteks memaksa.
2961,جَآءَ,57,datang,35,telah datang,11,datang,,outside_policy | annotative_expansion,23.69,6:61:10 | 7:34:5 | 10:47:5 | 10:49:16 | 11:76:7,comes | comes | comes | comes | has come,Kekalkan sense dominan Quranic sebagai gloss lalai. Alternate hanya jika konteks memaksa.
2962,ٱلۡجَحِيمِ,17,neraka,7,neraka jahim,3,neraka,,outside_policy | annotative_expansion,23.69,22:51:8 | 44:47:5 | 44:56:10,(of) the Hellfire | (of) the Hellfire | (of) the Hellfire,Kekalkan sense dominan Quranic sebagai gloss lalai. Alternate hanya jika konteks memaksa.
2963,يَدَيۡهِ,15,dua tangannya,6,kedua tangannya,3,dua tangannya,,outside_policy | annotative_expansion,23.33,2:97:15 | 6:92:8 | 10:37:14,before it | its hands | (was) before it,Kekalkan sense dominan Quranic sebagai gloss lalai. Alternate hanya jika konteks memaksa.
2964,جَنَّـٰتٖ,37,syurga,17,syurga-syurga,4,syurga,,outside_policy | annotative_expansion,23.03,2:25:8 | 22:14:8 | 22:23:8 | 66:8:16,(will be) Gardens | (to) Gardens | (to) Gardens | (into) Gardens,Kekalkan sense dominan Quranic sebagai gloss lalai. Alternate hanya jika konteks memaksa.
2965,قَالَ,407,berkata,78,(Khaidir) berkata,4,berkata,(Allah) berfirman | (Musa) berkata | dia berkata,outside_policy | parenthetical | annotative_expansion,23.00,18:67:1 | 18:70:1 | 18:72:1 | 18:78:1,He said | He said | He said | He said,Kekalkan sense dominan Quranic sebagai gloss lalai. Alternate hanya jika konteks memaksa.
2966,قَالَ,407,berkata,78,(Luth) berkata,4,berkata,(Allah) berfirman | (Musa) berkata | dia berkata,outside_policy | parenthetical | annotative_expansion,23.00,11:78:10 | 11:80:1 | 15:68:1 | 15:71:1,He said | He said | He said | He said,Kekalkan sense dominan Quranic sebagai gloss lalai. Alternate hanya jika konteks memaksa.
2967,قَالَ,407,berkata,78,(Sulaeman) berkata,4,berkata,(Allah) berfirman | (Musa) berkata | dia berkata,outside_policy | parenthetical | annotative_expansion,23.00,27:36:4 | 27:38:1 | 27:41:1 | 27:44:12,he said | He said | He said | He said,Kekalkan sense dominan Quranic sebagai gloss lalai. Alternate hanya jika konteks memaksa.
2968,فِي,1098,dalam,380,dalam/tentang,16,dalam,di | di dalam | pada | tentang,outside_policy | slash_gloss | annotative_expansion,22.95,2:258:7 | 4:59:13 | 4:127:2 | 4:127:13 | 4:154:14,concerning | in | concerning | concerning | in,Gunakan `dalam` sebagai default. Tukar kepada `pada` atau `tentang` hanya jika binaan jelas menuntut bacaan tempat atau topik.
2969,أَلِيمٞ,28,pedih,16,yang pedih,9,pedih,,outside_policy | annotative_expansion,22.92,2:104:12 | 3:91:20 | 3:188:20 | 5:36:24 | 9:61:26,painful | painful | painful | painful | painful,Kekalkan sense dominan Quranic sebagai gloss lalai. Alternate hanya jika konteks memaksa.
2970,مَن,223,orang,69,siapa/orang,10,siapa,barang siapa | orang | orang yang,outside_policy | slash_gloss | annotative_expansion,22.78,2:284:22 | 3:73:28 | 7:167:9 | 28:56:9 | 74:31:42,whom | (to) whom | (those) who | whom | whom,Pilih `siapa` untuk fungsi soal/syarat; `orang/ orang yang` untuk fungsi relatif.
2971,عَظِيمٞ,23,besar,13,yang besar,9,besar,,outside_policy | annotative_expansion,22.73,7:141:18 | 8:28:10 | 9:22:8 | 14:6:26 | 24:11:28,great | great | great | great | great,Kekalkan sense dominan Quranic sebagai gloss lalai. Alternate hanya jika konteks memaksa.
2972,كَانَ,323,adalah,157,dia adalah,5,adalah,ada | menjadi,outside_policy | annotative_expansion,22.58,6:161:14 | 24:7:7 | 24:9:7 | 56:92:3 | 68:14:2,he was | he is | he is | he was | (he) is,"Untuk WBW, `adalah` lebih stabil daripada variasi gaya bebas."
2973,مَا,707,apa,419,apa-apa,18,apa,apa yang | tidak | tidak ada,outside_policy | annotative_expansion,22.17,4:126:2 | 21:28:2 | 21:45:10 | 23:44:6 | 26:45:7,(is) what | what | when | Every time | what,Defaultkan kepada `apa`. Tukar hanya bila sintaks jelas menunjukkan partikel nafi atau kata hubung relatif.
2974,وَلَا,604,dan tidak,329,dan tidaklah,9,dan tidak,dan jangan | dan janganlah | dan tidak ada,outside_policy | annotative_expansion,22.12,2:48:17 | 4:18:15 | 13:31:30 | 32:29:9 | 41:34:1,and not | and not | And not | and not | And not,Gunakan bentuk larangan hanya apabila fi'il selepasnya jelas larangan.
2975,جَعَلَ,43,menjadikan,24,Dia menjadikan,11,menjadikan,,outside_policy | annotative_expansion,22.02,5:20:11 | 13:3:12 | 25:10:5 | 28:73:3 | 30:54:7,He placed | He made | (could have) made | He made | made,Kekalkan sense dominan Quranic sebagai gloss lalai. Alternate hanya jika konteks memaksa.
2976,مَن,223,orang,69,orang/siapa,15,siapa,barang siapa | orang | orang yang,outside_policy | slash_gloss | annotative_expansion,21.95,2:90:17 | 2:105:20 | 2:142:17 | 2:143:21 | 2:213:45,whom | whom | whom | (he) who | whom,Pilih `siapa` untuk fungsi soal/syarat; `orang/ orang yang` untuk fungsi relatif.
2977,يَكُن,24,ada,12,adalah,7,ada,,outside_policy | annotative_expansion,21.57,4:11:36 | 4:85:5 | 4:85:13 | 4:176:23 | 6:139:13,is | will have | will have | is | is,Kekalkan sense dominan Quranic sebagai gloss lalai. Alternate hanya jika konteks memaksa.
2978,ٱتَّخَذَ,15,mengambil,3,Dia mengambil,2,mengambil,,outside_policy | annotative_expansion,21.50,43:16:2 | 72:3:6,has He taken | He has taken,Kekalkan sense dominan Quranic sebagai gloss lalai. Alternate hanya jika konteks memaksa.
2979,ٱتَّخَذَ,15,mengambil,3,dia mengambil,2,mengambil,,outside_policy | annotative_expansion,21.50,19:87:6 | 76:29:6,has taken | let him take,Kekalkan sense dominan Quranic sebagai gloss lalai. Alternate hanya jika konteks memaksa.
2980,أَرَادَ,18,menghendaki,8,Dia menghendaki,5,menghendaki,,outside_policy | annotative_expansion,21.33,33:17:9 | 33:17:13 | 36:82:4 | 48:11:25 | 48:11:29,He intends | He intends | He intends | He intends | He intends,Kekalkan sense dominan Quranic sebagai gloss lalai. Alternate hanya jika konteks memaksa.
2981,قَالَ,407,berkata,78,Dia berkata,2,berkata,(Allah) berfirman | (Musa) berkata | dia berkata,outside_policy | annotative_expansion,21.25,2:259:23 | 46:34:13,He said | He will say,Kekalkan sense dominan Quranic sebagai gloss lalai. Alternate hanya jika konteks memaksa.
2982,وَمَآ,131,dan tidak,36,dan apa yang,5,dan apa,dan apa yang | dan tidak | dan tidaklah,long_gloss,21.24,2:231:30 | 5:59:11 | 20:73:7 | 42:30:1 | 45:5:4,and what | and what | and what | And whatever | and what,Defaultkan kepada token-faithful gloss; jangan serap makna frasa jiran.
2983,قَالَ,407,berkata,78,(Syu'aib) berkata,6,berkata,(Allah) berfirman | (Musa) berkata | dia berkata,outside_policy | parenthetical | annotative_expansion,20.92,7:88:18 | 11:88:1 | 11:92:1 | 26:188:1 | 28:25:20,He said | He said | He said | He said | he said,Kekalkan sense dominan Quranic sebagai gloss lalai. Alternate hanya jika konteks memaksa.
2984,بِمَا,253,dengan apa,71,dengan apa/disebabkan,19,dengan apa,dengan sebab | dengan/terhadap apa | disebabkan | terhadap apa,outside_policy | slash_gloss | annotative_expansion,20.73,3:112:32 | 3:182:2 | 6:120:10 | 6:124:27 | 6:157:33,(is) because | (is) because | for what | for what | because,Pilih makna instrumental `dengan apa` sebagai default; sebab/kausal hanya bila konteks jelas.
2985,ٱلۡعِقَابِ,16,seksa,5,seksaan,3,seksa,,outside_policy | annotative_expansion,20.71,8:48:36 | 8:52:17 | 13:6:20,(in) the penalty | (in) the penalty | (in) the penalty,Kekalkan sense dominan Quranic sebagai gloss lalai. Alternate hanya jika konteks memaksa.
2986,بِمَا,253,dengan apa,71,dengan apa/sebab,20,dengan apa,dengan sebab | dengan/terhadap apa | disebabkan | terhadap apa,outside_policy | slash_gloss | annotative_expansion,20.67,8:35:11 | 13:24:3 | 15:97:6 | 18:73:4 | 18:106:4,because | for what | by what | for what | because,Pilih makna instrumental `dengan apa` sebagai default; sebab/kausal hanya bila konteks jelas.
2987,كَانَتۡ,23,adalah,10,adalah ia,6,adalah,,outside_policy | annotative_expansion,20.21,4:11:19 | 21:11:5 | 29:32:14 | 29:33:21 | 76:15:7,(there) is | (that) was | She | She | (that) are,Kekalkan sense dominan Quranic sebagai gloss lalai. Alternate hanya jika konteks memaksa.
2988,كَثِيرٗا,38,banyak,19,kebanyakan,13,banyak,,outside_policy | annotative_expansion,19.92,5:49:30 | 5:62:2 | 5:64:18 | 5:68:17 | 5:77:19,many | many | many | many | many,Kekalkan sense dominan Quranic sebagai gloss lalai. Alternate hanya jika konteks memaksa.
2989,أَنَّهُۥ,17,bahawasanya,6,bahawasanya ia,4,bahawasanya,,outside_policy | annotative_expansion,19.84,5:32:8 | 6:114:15 | 7:148:14 | 7:171:8,that he | that it | that it | that it,Kekalkan sense dominan Quranic sebagai gloss lalai. Alternate hanya jika konteks memaksa.
2990,ٱلۡحَقَّ,18,benar,5,kebenaran,3,benar,,outside_policy | annotative_expansion,19.67,2:146:12 | 28:75:11 | 40:5:17,the Truth | the truth | the truth,Kekalkan sense dominan Quranic sebagai gloss lalai. Alternate hanya jika konteks memaksa.
2991,قَالَ,407,berkata,78,(Yaqub) berkata,9,berkata,(Allah) berfirman | (Musa) berkata | dia berkata,outside_policy | parenthetical | annotative_expansion,19.53,12:13:1 | 12:18:6 | 12:64:1 | 12:66:1 | 12:66:19,He said | He said | He said | He said | he said,Kekalkan sense dominan Quranic sebagai gloss lalai. Alternate hanya jika konteks memaksa.
2992,وَٰحِدَةٗ,15,satu,4,yang satu,3,satu,,outside_policy | annotative_expansion,19.33,5:48:35 | 21:92:5 | 23:52:5,one | one | one,Kekalkan sense dominan Quranic sebagai gloss lalai. Alternate hanya jika konteks memaksa.
2993,قَالَ,407,berkata,78,(Nuh) berkata,10,berkata,(Allah) berfirman | (Musa) berkata | dia berkata,outside_policy | parenthetical | annotative_expansion,19.25,7:61:1 | 11:28:1 | 11:33:1 | 11:38:11 | 11:43:8,He said | He said | He said | He said | He said,Kekalkan sense dominan Quranic sebagai gloss lalai. Alternate hanya jika konteks memaksa.
2994,يُؤۡمِنُ,18,ia beriman,6,dia beriman,4,ia beriman,,outside_policy | annotative_expansion,19.25,2:232:21 | 7:158:26 | 30:53:11 | 65:2:21,believes | believes | believe | believes,Kekalkan sense dominan Quranic sebagai gloss lalai. Alternate hanya jika konteks memaksa.
2995,كَانَ,323,adalah,157,adalah dia,21,adalah,ada | menjadi,outside_policy | annotative_expansion,18.77,2:232:19 | 3:67:8 | 3:67:12 | 3:95:9 | 3:97:8,[is] | he was | he was | he was | is,"Untuk WBW, `adalah` lebih stabil daripada variasi gaya bebas."
2996,كَانَ,323,adalah,157,adalah ia,21,adalah,ada | menjadi,outside_policy | annotative_expansion,18.77,2:184:4 | 2:185:19 | 4:2:14 | 4:6:21 | 4:6:25,is | is | is | is | is,"Untuk WBW, `adalah` lebih stabil daripada variasi gaya bebas."
2997,كَانَ,323,adalah,157,adalah Dia,22,adalah,ada | menjadi,outside_policy | annotative_expansion,18.72,4:11:69 | 4:16:12 | 4:23:52 | 4:24:40 | 4:29:21,is | is | is | is | is,"Untuk WBW, `adalah` lebih stabil daripada variasi gaya bebas."
2998,قَالَ,407,berkata,78,(Fir'aun) berkata,13,berkata,(Allah) berfirman | (Musa) berkata | dia berkata,outside_policy | parenthetical | annotative_expansion,18.67,7:127:14 | 20:49:1 | 20:51:1 | 20:57:1 | 20:71:1,He said | He said | He said | He said | He said,Kekalkan sense dominan Quranic sebagai gloss lalai. Alternate hanya jika konteks memaksa.
2999,قَالَ,407,berkata,78,(Ibrahim) berkata,15,berkata,(Allah) berfirman | (Musa) berkata | dia berkata,outside_policy | parenthetical | annotative_expansion,18.42,15:52:6 | 15:54:1 | 15:56:1 | 15:57:1 | 21:52:2,He said | He said | He said | He said | he said,Kekalkan sense dominan Quranic sebagai gloss lalai. Alternate hanya jika konteks memaksa.
3000,بَيۡنَ,70,antara,34,di antara,33,antara,,outside_policy | annotative_expansion,18.33,2:66:4 | 2:68:19 | 2:136:26 | 2:213:15 | 2:224:10,(in) front | between | between | between | between,Kekalkan sense dominan Quranic sebagai gloss lalai. Alternate hanya jika konteks memaksa.
3001,فِيٓ,86,dalam,31,di dalam,6,dalam,di | pada | tentang,outside_policy | annotative_expansion,17.98,2:225:5 | 2:228:14 | 2:235:40 | 2:284:11 | 3:147:12,in | in | (is) within | (is) in | in,Variasi hamzah/waqaf. Kekalkan gloss dasar `dalam` kecuali konteks memaksa bacaan topikal.
3002,ٱلۡحَقَّ,18,benar,5,yang benar,4,benar,,outside_policy | annotative_expansion,17.58,7:169:30 | 8:8:2 | 10:82:3 | 47:3:11,the truth | the truth | the truth | (the) truth,Kekalkan sense dominan Quranic sebagai gloss lalai. Alternate hanya jika konteks memaksa.
3003,لَن,36,tidak,15,tidak akan,13,tidak,,outside_policy | annotative_expansion,17.42,2:55:4 | 2:80:2 | 3:111:1 | 3:116:4 | 5:22:8,Never | Never | Never | never | never,Kekalkan sense dominan Quranic sebagai gloss lalai. Alternate hanya jika konteks memaksa.
3004,ٱتَّخَذَ,15,mengambil,3,ia mengambil,3,mengambil,,outside_policy | annotative_expansion,17.33,19:78:4 | 73:19:6 | 78:39:6,has he taken | (let him) take | let him take,Kekalkan sense dominan Quranic sebagai gloss lalai. Alternate hanya jika konteks memaksa.
3005,مَن,223,orang,69,orang-orang,5,siapa,barang siapa | orang | orang yang,outside_policy | annotative_expansion,17.28,4:36:29 | 21:24:11 | 21:24:14 | 27:8:6 | 36:70:2,(the one) who | (for those) who | (for those) who | who | (him) who,Pilih `siapa` untuk fungsi soal/syarat; `orang/ orang yang` untuk fungsi relatif.
3006,وَٰحِدَةٗ,15,satu,4,satu kali,4,satu,,outside_policy | annotative_expansion,17.25,36:29:5 | 36:49:5 | 36:53:5 | 38:15:6,one | one | single | one,Kekalkan sense dominan Quranic sebagai gloss lalai. Alternate hanya jika konteks memaksa.
3007,قَالَ,407,berkata,78,berkatalah,3,berkata,(Allah) berfirman | (Musa) berkata | dia berkata,outside_policy | annotative_expansion,17.08,10:15:6 | 26:61:4 | 28:63:1,said | said | (Will) say,Kekalkan sense dominan Quranic sebagai gloss lalai. Alternate hanya jika konteks memaksa.
3008,بِمَا,253,dengan apa,71,dengan apa-apa,5,dengan apa,dengan sebab | dengan/terhadap apa | disebabkan | terhadap apa,outside_policy | annotative_expansion,16.42,30:32:9 | 46:8:15 | 57:4:34 | 58:8:21 | 58:11:28,in what | of what | of what | with what | of what,Pilih makna instrumental `dengan apa` sebagai default; sebab/kausal hanya bila konteks jelas.
3009,فِي,1098,dalam,380,ke dalam,16,dalam,di | di dalam | pada | tentang,outside_policy | annotative_expansion,14.95,2:208:5 | 3:27:3 | 15:12:3 | 20:97:26 | 21:75:2,in | in | in | in | into,Gunakan `dalam` sebagai default. Tukar kepada `pada` atau `tentang` hanya jika binaan jelas menuntut bacaan tempat atau topik.
3010,قَالَ,407,berkata,78,ia berkata,24,berkata,(Allah) berfirman | (Musa) berkata | dia berkata,outside_policy | annotative_expansion,9.79,2:124:12 | 2:249:5 | 2:259:10 | 2:259:26 | 2:259:60,He said | he said | He said | He said | he said,Kekalkan sense dominan Quranic sebagai gloss lalai. Alternate hanya jika konteks memaksa.
3011,وَلَا,604,dan tidak,329,dan tidak ada,9,dan tidak,dan jangan | dan janganlah | dan tidak ada,long_gloss | annotative_expansion,2.12,2:254:15 | 2:254:17 | 2:262:19 | 2:274:12 | 2:277:14,and no | and no | and (there will be) no | and no | and no,Gunakan bentuk larangan hanya apabila fi'il selepasnya jelas larangan.
3012,وَمَا,507,dan tidak,231,dan tidak ada,20,dan apa,dan apa yang | dan tidak | dan tidak ada | dan tidaklah,long_gloss | annotative_expansion,-2.08,7:72:11 | 9:54:1 | 9:74:39 | 11:88:28 | 11:113:8,and not | And not | And not | And not | and not,Pisahkan antara sambungan `dan apa` dan bentuk nafi `dan tidak` mengikut binaan.
